inventory_id,snapshot_date,product_id,opening_stock,units_received,units_sold,closing_stock,reserved_stock
1,2025-01-01,P001,172,0,19,153,10
2,2025-01-02,P001,153,0,18,135,3
3,2025-01-03,P001,135,0,19,116,4
4,2025-01-04,P001,116,0,19,97,4
5,2025-01-05,P001,97,0,18,79,1
6,2025-01-06,P001,79,98,18,159,6
7,2025-01-07,P001,159,0,21,138,1
8,2025-01-08,P001,138,0,20,118,6
9,2025-01-09,P001,118,0,17,101,7
10,2025-01-10,P001,101,0,19,82,11
11,2025-01-11,P001,82,99,19,162,7
12,2025-01-12,P001,162,0,15,147,7
13,2025-01-13,P001,147,0,19,128,11
14,2025-01-14,P001,128,0,14,114,2
15,2025-01-15,P001,114,0,14,100,3
16,2025-01-16,P001,100,110,21,189,15
17,2025-01-17,P001,189,0,16,173,15
18,2025-01-18,P001,173,0,17,156,7
19,2025-01-19,P001,156,0,14,142,14
20,2025-01-20,P001,142,0,15,127,5
21,2025-01-21,P001,127,0,46,81,14
22,2025-01-22,P001,81,139,18,202,12
23,2025-01-23,P001,202,0,18,184,14
24,2025-01-24,P001,184,0,15,169,5
25,2025-01-25,P001,169,0,15,154,7
26,2025-01-26,P001,154,0,16,138,12
27,2025-01-27,P001,138,0,16,122,0
28,2025-01-28,P001,122,0,19,103,9
29,2025-01-29,P001,103,0,17,86,5
30,2025-01-30,P001,86,129,18,197,13
31,2025-01-31,P001,197,0,17,180,10
32,2025-02-01,P001,180,0,19,161,3
33,2025-02-02,P001,161,0,16,145,9
34,2025-02-03,P001,145,0,16,129,8
35,2025-02-04,P001,129,0,20,109,8
36,2025-02-05,P001,109,0,16,93,12
37,2025-02-06,P001,93,114,19,188,6
38,2025-02-07,P001,188,0,14,174,0
39,2025-02-08,P001,174,0,13,161,12
40,2025-02-09,P001,161,0,16,145,4
41,2025-02-10,P001,145,0,20,125,0
42,2025-02-11,P001,125,0,19,106,12
43,2025-02-12,P001,106,0,18,88,2
44,2025-02-13,P001,88,118,18,188,3
45,2025-02-14,P001,188,0,17,171,14
46,2025-02-15,P001,171,0,19,152,4
47,2025-02-16,P001,152,0,15,137,1
48,2025-02-17,P001,137,0,27,110,5
49,2025-02-18,P001,110,0,19,91,2
50,2025-02-19,P001,91,81,14,158,0
51,2025-02-20,P001,158,0,19,139,8
52,2025-02-21,P001,139,0,17,122,7
53,2025-02-22,P001,122,0,15,107,6
54,2025-02-23,P001,107,0,17,90,3
55,2025-02-24,P001,90,0,21,69,2
56,2025-02-25,P001,69,94,20,143,2
57,2025-02-26,P001,143,0,17,126,14
58,2025-02-27,P001,126,0,22,104,13
59,2025-02-28,P001,104,0,21,83,7
60,2025-03-01,P001,83,0,19,64,0
61,2025-03-02,P001,64,80,16,128,14
62,2025-03-03,P001,128,0,19,109,8
63,2025-03-04,P001,109,0,17,92,10
64,2025-03-05,P001,92,116,16,192,9
65,2025-03-06,P001,192,0,24,168,7
66,2025-03-07,P001,168,0,23,145,5
67,2025-03-08,P001,145,0,17,128,14
68,2025-03-09,P001,128,0,19,109,3
69,2025-03-10,P001,109,0,20,89,5
70,2025-03-11,P001,89,80,18,151,4
71,2025-03-12,P001,151,0,20,131,8
72,2025-03-13,P001,131,0,23,108,8
73,2025-03-14,P001,108,0,25,83,3
74,2025-03-15,P001,83,132,20,195,2
75,2025-03-16,P001,195,0,12,183,12
76,2025-03-17,P001,183,0,21,162,6
77,2025-03-18,P001,162,0,26,136,13
78,2025-03-19,P001,136,0,19,117,5
79,2025-03-20,P001,117,0,19,98,8
80,2025-03-21,P001,98,0,15,83,1
81,2025-03-22,P001,83,122,17,188,3
82,2025-03-23,P001,188,0,18,170,13
83,2025-03-24,P001,170,0,23,147,7
84,2025-03-25,P001,147,0,18,129,4
85,2025-03-26,P001,129,0,17,112,7
86,2025-03-27,P001,112,0,21,91,3
87,2025-03-28,P001,91,81,21,151,10
88,2025-03-29,P001,151,0,18,133,15
89,2025-03-30,P001,133,0,16,117,9
90,2025-03-31,P001,117,0,21,96,2
91,2025-04-01,P001,96,140,23,213,13
92,2025-04-02,P001,213,0,21,192,5
93,2025-04-03,P001,192,0,18,174,5
94,2025-04-04,P001,174,0,19,155,13
95,2025-04-05,P001,155,0,18,137,10
96,2025-04-06,P001,137,0,14,123,8
97,2025-04-07,P001,123,0,26,97,3
98,2025-04-08,P001,97,96,20,173,11
99,2025-04-09,P001,173,0,19,154,6
100,2025-04-10,P001,154,0,19,135,11
101,2025-04-11,P001,135,0,16,119,2
102,2025-04-12,P001,119,0,16,103,13
103,2025-04-13,P001,103,0,17,86,7
104,2025-04-14,P001,86,89,17,158,3
105,2025-04-15,P001,158,0,19,139,13
106,2025-04-16,P001,139,0,20,119,9
107,2025-04-17,P001,119,0,29,90,8
108,2025-04-18,P001,90,132,20,202,8
109,2025-04-19,P001,202,0,18,184,15
110,2025-04-20,P001,184,0,17,167,3
111,2025-04-21,P001,167,0,15,152,6
112,2025-04-22,P001,152,0,19,133,5
113,2025-04-23,P001,133,0,19,114,1
114,2025-04-24,P001,114,0,34,80,3
115,2025-04-25,P001,80,102,19,163,3
116,2025-04-26,P001,163,0,18,145,10
117,2025-04-27,P001,145,0,17,128,10
118,2025-04-28,P001,128,0,17,111,3
119,2025-04-29,P001,111,0,22,89,3
120,2025-04-30,P001,89,90,21,158,3
121,2025-05-01,P001,158,0,20,138,1
122,2025-05-02,P001,138,0,16,122,3
123,2025-05-03,P001,122,0,19,103,9
124,2025-05-04,P001,103,0,14,89,12
125,2025-05-05,P001,89,104,20,173,11
126,2025-05-06,P001,173,0,24,149,7
127,2025-05-07,P001,149,0,16,133,10
128,2025-05-08,P001,133,0,17,116,12
129,2025-05-09,P001,116,0,19,97,5
130,2025-05-10,P001,97,0,16,81,0
131,2025-05-11,P001,81,114,14,181,1
132,2025-05-12,P001,181,0,19,162,3
133,2025-05-13,P001,162,0,16,146,4
134,2025-05-14,P001,146,0,20,126,7
135,2025-05-15,P001,126,0,17,109,10
136,2025-05-16,P001,109,0,23,86,13
137,2025-05-17,P001,86,90,15,161,12
138,2025-05-18,P001,161,0,19,142,15
139,2025-05-19,P001,142,0,20,122,12
140,2025-05-20,P001,122,0,16,106,12
141,2025-05-21,P001,106,0,19,87,1
142,2025-05-22,P001,87,92,22,157,12
143,2025-05-23,P001,157,0,15,142,5
144,2025-05-24,P001,142,0,17,125,14
145,2025-05-25,P001,125,0,22,103,8
146,2025-05-26,P001,103,0,20,83,14
147,2025-05-27,P001,83,138,16,205,2
148,2025-05-28,P001,205,0,15,190,2
149,2025-05-29,P001,190,0,20,170,6
150,2025-05-30,P001,170,0,20,150,7
151,2025-05-31,P001,150,0,17,133,9
152,2025-06-01,P001,133,0,17,116,15
153,2025-06-02,P001,116,0,17,99,14
154,2025-06-03,P001,99,0,19,80,1
155,2025-06-04,P001,80,91,20,151,0
156,2025-06-05,P001,151,0,17,134,8
157,2025-06-06,P001,134,0,23,111,15
158,2025-06-07,P001,111,0,17,94,7
159,2025-06-08,P001,94,0,14,80,0
160,2025-06-09,P001,80,0,21,59,0
161,2025-06-10,P001,59,101,17,143,3
162,2025-06-11,P001,143,0,21,122,6
163,2025-06-12,P001,122,0,35,87,3
164,2025-06-13,P001,87,118,17,188,5
165,2025-06-14,P001,188,0,19,169,9
166,2025-06-15,P001,169,0,17,152,2
167,2025-06-16,P001,152,0,21,131,9
168,2025-06-17,P001,131,0,23,108,7
169,2025-06-18,P001,108,0,19,89,0
170,2025-06-19,P001,89,117,17,189,9
171,2025-06-20,P001,189,0,17,172,12
172,2025-06-21,P001,172,0,15,157,14
173,2025-06-22,P001,157,0,16,141,9
174,2025-06-23,P001,141,0,19,122,4
175,2025-06-24,P001,122,0,20,102,10
176,2025-06-25,P001,102,0,21,81,13
177,2025-06-26,P001,81,82,18,145,0
178,2025-06-27,P001,145,0,22,123,2
179,2025-06-28,P001,123,0,16,107,14
180,2025-06-29,P001,107,0,22,85,13
181,2025-06-30,P001,85,108,20,173,7
182,2025-07-01,P001,173,0,17,156,8
183,2025-07-02,P001,156,0,16,140,11
184,2025-07-03,P001,140,0,20,120,0
185,2025-07-04,P001,120,0,18,102,1
186,2025-07-05,P001,102,0,18,84,8
187,2025-07-06,P001,84,126,18,192,2
188,2025-07-07,P001,192,0,18,174,2
189,2025-07-08,P001,174,0,16,158,6
190,2025-07-09,P001,158,0,15,143,1
191,2025-07-10,P001,143,0,18,125,6
192,2025-07-11,P001,125,0,21,104,0
193,2025-07-12,P001,104,0,17,87,14
194,2025-07-13,P001,87,129,15,201,2
195,2025-07-14,P001,201,0,20,181,15
196,2025-07-15,P001,181,0,19,162,0
197,2025-07-16,P001,162,0,17,145,12
198,2025-07-17,P001,145,0,20,125,3
199,2025-07-18,P001,125,0,20,105,12
200,2025-07-19,P001,105,0,15,90,12
201,2025-07-20,P001,90,114,17,187,13
202,2025-07-21,P001,187,0,20,167,9
203,2025-07-22,P001,167,0,21,146,4
204,2025-07-23,P001,146,0,21,125,0
205,2025-07-24,P001,125,0,16,109,15
206,2025-07-25,P001,109,0,17,92,4
207,2025-07-26,P001,92,89,18,163,3
208,2025-07-27,P001,163,0,17,146,12
209,2025-07-28,P001,146,0,21,125,12
210,2025-07-29,P001,125,0,28,97,4
211,2025-07-30,P001,97,115,21,191,8
212,2025-07-31,P001,191,0,24,167,8
213,2025-08-01,P001,167,0,25,142,1
214,2025-08-02,P001,142,0,21,121,10
215,2025-08-03,P001,121,0,19,102,11
216,2025-08-04,P001,102,119,31,190,15
217,2025-08-05,P001,190,0,21,169,14
218,2025-08-06,P001,169,0,22,147,5
219,2025-08-07,P001,147,0,22,125,2
220,2025-08-08,P001,125,0,24,101,7
221,2025-08-09,P001,101,132,25,208,6
222,2025-08-10,P001,208,0,15,193,12
223,2025-08-11,P001,193,0,26,167,4
224,2025-08-12,P001,167,0,18,149,0
225,2025-08-13,P001,149,0,21,128,2
226,2025-08-14,P001,128,0,29,99,13
227,2025-08-15,P001,99,114,24,189,9
228,2025-08-16,P001,189,0,17,172,3
229,2025-08-17,P001,172,0,18,154,15
230,2025-08-18,P001,154,0,25,129,5
231,2025-08-19,P001,129,0,21,108,6
232,2025-08-20,P001,108,0,23,85,2
233,2025-08-21,P001,85,0,23,62,0
234,2025-08-22,P001,62,87,27,122,12
235,2025-08-23,P001,122,0,28,94,13
236,2025-08-24,P001,94,0,22,72,12
237,2025-08-25,P001,72,136,17,191,4
238,2025-08-26,P001,191,0,23,168,3
239,2025-08-27,P001,168,0,22,146,11
240,2025-08-28,P001,146,0,25,121,6
241,2025-08-29,P001,121,0,21,100,11
242,2025-08-30,P001,100,0,20,80,8
243,2025-08-31,P001,80,86,23,143,9
244,2025-09-01,P001,143,0,25,118,15
245,2025-09-02,P001,118,0,22,96,1
246,2025-09-03,P001,96,126,22,200,14
247,2025-09-04,P001,200,0,21,179,2
248,2025-09-05,P001,179,0,20,159,5
249,2025-09-06,P001,159,0,26,133,13
250,2025-09-07,P001,133,0,20,113,10
251,2025-09-08,P001,113,0,20,93,12
252,2025-09-09,P001,93,0,25,68,12
253,2025-09-10,P001,68,0,30,38,8
254,2025-09-11,P001,38,134,26,146,10
255,2025-09-12,P001,146,0,19,127,12
256,2025-09-13,P001,127,0,18,109,12
257,2025-09-14,P001,109,0,24,85,13
258,2025-09-15,P001,85,122,21,186,14
259,2025-09-16,P001,186,0,24,162,3
260,2025-09-17,P001,162,0,26,136,2
261,2025-09-18,P001,136,0,20,116,3
262,2025-09-19,P001,116,0,22,94,4
263,2025-09-20,P001,94,0,13,81,1
264,2025-09-21,P001,81,0,17,64,0
265,2025-09-22,P001,64,82,21,125,10
266,2025-09-23,P001,125,0,21,104,6
267,2025-09-24,P001,104,134,32,206,15
268,2025-09-25,P001,206,0,20,186,5
269,2025-09-26,P001,186,0,21,165,13
270,2025-09-27,P001,165,0,21,144,5
271,2025-09-28,P001,144,0,23,121,11
272,2025-09-29,P001,121,0,19,102,10
273,2025-09-30,P001,102,138,26,214,13
274,2025-10-01,P001,214,0,23,191,2
275,2025-10-02,P001,191,0,20,171,11
276,2025-10-03,P001,171,0,23,148,0
277,2025-10-04,P001,148,0,20,128,7
278,2025-10-05,P001,128,0,19,109,6
279,2025-10-06,P001,109,0,21,88,11
280,2025-10-07,P001,88,0,24,64,8
281,2025-10-08,P001,64,133,23,174,2
282,2025-10-09,P001,174,0,24,150,13
283,2025-10-10,P001,150,0,26,124,6
284,2025-10-11,P001,124,0,16,108,0
285,2025-10-12,P001,108,0,23,85,8
286,2025-10-13,P001,85,98,17,166,5
287,2025-10-14,P001,166,0,22,144,15
288,2025-10-15,P001,144,0,25,119,11
289,2025-10-16,P001,119,0,24,95,6
290,2025-10-17,P001,95,95,22,168,0
291,2025-10-18,P001,168,0,19,149,2
292,2025-10-19,P001,149,0,19,130,7
293,2025-10-20,P001,130,0,20,110,7
294,2025-10-21,P001,110,0,24,86,6
295,2025-10-22,P001,86,81,24,143,8
296,2025-10-23,P001,143,0,22,121,0
297,2025-10-24,P001,121,0,24,97,1
298,2025-10-25,P001,97,133,20,210,11
299,2025-10-26,P001,210,0,20,190,9
300,2025-10-27,P001,190,0,24,166,0
301,2025-10-28,P001,166,0,20,146,3
302,2025-10-29,P001,146,0,21,125,9
303,2025-10-30,P001,125,0,25,100,1
304,2025-10-31,P001,100,0,23,77,13
305,2025-11-01,P001,77,80,19,138,4
306,2025-11-02,P001,138,0,21,117,11
307,2025-11-03,P001,117,0,25,92,14
308,2025-11-04,P001,92,84,25,151,1
309,2025-11-05,P001,151,0,24,127,10
310,2025-11-06,P001,127,0,22,105,1
311,2025-11-07,P001,105,139,28,216,0
312,2025-11-08,P001,216,0,21,195,8
313,2025-11-09,P001,195,0,22,173,12
314,2025-11-10,P001,173,0,25,148,6
315,2025-11-11,P001,148,0,26,122,12
316,2025-11-12,P001,122,0,23,99,2
317,2025-11-13,P001,99,94,24,169,6
318,2025-11-14,P001,169,0,21,148,13
319,2025-11-15,P001,148,0,22,126,8
320,2025-11-16,P001,126,0,19,107,6
321,2025-11-17,P001,107,0,23,84,12
322,2025-11-18,P001,84,133,24,193,2
323,2025-11-19,P001,193,0,20,173,13
324,2025-11-20,P001,173,0,27,146,6
325,2025-11-21,P001,146,0,19,127,12
326,2025-11-22,P001,127,0,18,109,14
327,2025-11-23,P001,109,0,22,87,15
328,2025-11-24,P001,87,0,25,62,14
329,2025-11-25,P001,62,0,24,38,14
330,2025-11-26,P001,38,132,26,144,9
331,2025-11-27,P001,144,0,22,122,5
332,2025-11-28,P001,122,0,20,102,12
333,2025-11-29,P001,102,0,21,81,3
334,2025-11-30,P001,81,114,19,176,14
335,2025-12-01,P001,176,0,24,152,2
336,2025-12-02,P001,152,0,22,130,8
337,2025-12-03,P001,130,0,20,110,3
338,2025-12-04,P001,110,0,22,88,4
339,2025-12-05,P001,88,100,22,166,14
340,2025-12-06,P001,166,0,18,148,15
341,2025-12-07,P001,148,0,18,130,1
342,2025-12-08,P001,130,0,23,107,11
343,2025-12-09,P001,107,0,24,83,1
344,2025-12-10,P001,83,140,23,200,10
345,2025-12-11,P001,200,0,22,178,10
346,2025-12-12,P001,178,0,24,154,1
347,2025-12-13,P001,154,0,17,137,10
348,2025-12-14,P001,137,0,16,121,13
349,2025-12-15,P001,121,0,21,100,5
350,2025-12-16,P001,100,90,27,163,12
351,2025-12-17,P001,163,0,24,139,14
352,2025-12-18,P001,139,0,25,114,11
353,2025-12-19,P001,114,0,26,88,0
354,2025-12-20,P001,88,94,19,163,6
355,2025-12-21,P001,163,0,19,144,14
356,2025-12-22,P001,144,0,23,121,1
357,2025-12-23,P001,121,0,22,99,14
358,2025-12-24,P001,99,0,23,76,2
359,2025-12-25,P001,76,101,24,153,0
360,2025-12-26,P001,153,0,22,131,3
361,2025-12-27,P001,131,0,22,109,7
362,2025-12-28,P001,109,0,23,86,8
363,2025-12-29,P001,86,0,22,64,9
364,2025-12-30,P001,64,102,24,142,2
365,2025-12-31,P001,142,0,25,117,9
366,2026-01-01,P001,117,0,19,98,0
367,2026-01-02,P001,98,102,20,180,9
368,2026-01-03,P001,180,0,24,156,15
369,2026-01-04,P001,156,0,17,139,13
370,2026-01-05,P001,139,0,17,122,6
371,2026-01-06,P001,122,0,19,103,11
372,2026-01-07,P001,103,0,20,83,14
373,2026-01-08,P001,83,0,22,61,5
374,2026-01-09,P001,61,100,22,139,15
375,2026-01-10,P001,139,0,23,116,7
376,2026-01-11,P001,116,0,16,100,7
377,2026-01-12,P001,100,81,26,155,7
378,2026-01-13,P001,155,0,28,127,9
379,2026-01-14,P001,127,0,26,101,10
380,2026-01-15,P001,101,0,17,84,9
381,2026-01-16,P001,84,144,18,210,9
382,2026-01-17,P001,210,0,15,195,7
383,2026-01-18,P001,195,0,13,182,5
384,2026-01-19,P001,182,0,17,165,2
385,2026-01-20,P001,165,0,17,148,1
386,2026-01-21,P001,148,0,20,128,10
387,2026-01-22,P001,128,0,22,106,9
388,2026-01-23,P001,106,0,24,82,12
389,2026-01-24,P001,82,93,20,155,15
390,2026-01-25,P001,155,0,16,139,14
391,2026-01-26,P001,139,0,18,121,6
392,2026-01-27,P001,121,0,22,99,1
393,2026-01-28,P001,99,0,16,83,15
394,2026-01-29,P001,83,80,26,137,2
395,2026-01-30,P001,137,0,24,113,8
396,2026-01-31,P001,113,0,17,96,12
397,2026-02-01,P001,96,0,14,82,14
398,2026-02-02,P001,82,139,24,197,0
399,2026-02-03,P001,197,0,19,178,11
400,2026-02-04,P001,178,0,24,154,3
401,2026-02-05,P001,154,0,15,139,2
402,2026-02-06,P001,139,0,19,120,1
403,2026-02-07,P001,120,0,19,101,6
404,2026-02-08,P001,101,0,19,82,11
405,2026-02-09,P001,82,100,26,156,10
406,2026-02-10,P001,156,0,22,134,15
407,2026-02-11,P001,134,0,18,116,12
408,2026-02-12,P001,116,0,18,98,4
409,2026-02-13,P001,98,84,21,161,4
410,2026-02-14,P001,161,0,18,143,0
411,2026-02-15,P001,143,0,20,123,11
412,2026-02-16,P001,123,0,17,106,14
413,2026-02-17,P001,106,0,15,91,10
414,2026-02-18,P001,91,83,24,150,1
415,2026-02-19,P001,150,0,21,129,8
416,2026-02-20,P001,129,0,19,110,9
417,2026-02-21,P001,110,0,21,89,8
418,2026-02-22,P001,89,134,19,204,12
419,2026-02-23,P001,204,0,23,181,7
420,2026-02-24,P001,181,0,21,160,1
421,2026-02-25,P001,160,0,24,136,11
422,2026-02-26,P001,136,0,23,113,14
423,2026-02-27,P001,113,0,19,94,5
424,2026-02-28,P001,94,135,20,209,4
425,2026-03-01,P001,209,0,20,189,5
426,2026-03-02,P001,189,0,23,166,0
427,2026-03-03,P001,166,0,18,148,5
428,2026-03-04,P001,148,0,29,119,3
429,2026-03-05,P001,119,0,25,94,14
430,2026-03-06,P001,94,102,17,179,6
431,2026-03-07,P001,179,0,16,163,0
432,2026-03-08,P001,163,0,14,149,10
433,2026-03-09,P001,149,0,19,130,6
434,2026-03-10,P001,130,0,23,107,14
435,2026-03-11,P001,107,0,26,81,0
436,2026-03-12,P001,81,109,20,170,15
437,2026-03-13,P001,170,0,27,143,12
438,2026-03-14,P001,143,0,15,128,0
439,2026-03-15,P001,128,0,14,114,14
440,2026-03-16,P001,114,0,21,93,5
441,2026-03-17,P001,93,107,23,177,4
442,2026-03-18,P001,177,0,20,157,8
443,2026-03-19,P001,157,0,16,141,6
444,2026-03-20,P001,141,0,22,119,4
445,2026-03-21,P001,119,0,17,102,7
446,2026-03-22,P001,102,141,23,220,11
447,2026-03-23,P001,220,0,35,185,13
448,2026-03-24,P001,185,0,17,168,15
449,2026-03-25,P001,168,0,44,124,15
450,2026-03-26,P001,124,0,19,105,8
451,2026-03-27,P001,105,0,21,84,12
452,2026-03-28,P001,84,121,21,184,6
453,2026-03-29,P001,184,0,16,168,5
454,2026-03-30,P001,168,0,22,146,8
455,2026-03-31,P001,146,0,23,123,3
456,2026-04-01,P001,123,0,21,102,9
457,2026-04-02,P001,102,0,22,80,9
458,2026-04-03,P001,80,84,20,144,15
459,2026-04-04,P001,144,0,19,125,14
460,2026-04-05,P001,125,0,17,108,11
461,2026-04-06,P001,108,0,27,81,15
462,2026-04-07,P001,81,0,20,61,9
463,2026-04-08,P001,61,124,21,164,10
464,2026-04-09,P001,164,0,23,141,14
465,2026-04-10,P001,141,0,22,119,11
466,2026-04-11,P001,119,0,19,100,12
467,2026-04-12,P001,100,0,19,81,9
468,2026-04-13,P001,81,102,25,158,8
469,2026-04-14,P001,158,0,20,138,4
470,2026-04-15,P001,138,0,19,119,14
471,2026-04-16,P001,119,0,20,99,7
472,2026-04-17,P001,99,0,15,84,8
473,2026-04-18,P001,84,96,15,165,11
474,2026-04-19,P001,165,0,23,142,2
475,2026-04-20,P001,142,0,26,116,12
476,2026-04-21,P001,116,0,21,95,11
477,2026-04-22,P001,95,142,21,216,6
478,2026-04-23,P001,216,0,22,194,10
479,2026-04-24,P001,194,0,30,164,3
480,2026-04-25,P001,164,0,20,144,2
481,2026-04-26,P001,144,0,19,125,14
482,2026-04-27,P001,125,0,19,106,15
483,2026-04-28,P001,106,0,16,90,12
484,2026-04-29,P001,90,88,23,155,8
485,2026-04-30,P001,155,0,20,135,9
486,2026-05-01,P001,135,0,17,118,15
487,2026-05-02,P001,118,0,16,102,15
488,2026-05-03,P001,102,0,16,86,14
489,2026-05-04,P001,86,132,24,194,6
490,2026-05-05,P001,194,0,21,173,14
491,2026-05-06,P001,173,0,22,151,2
492,2026-05-07,P001,151,0,22,129,0
493,2026-05-08,P001,129,0,19,110,6
494,2026-05-09,P001,110,0,16,94,2
495,2026-05-10,P001,94,136,21,209,5
496,2026-05-11,P001,209,0,26,183,15
497,2026-05-12,P001,183,0,18,165,15
498,2026-05-13,P001,165,0,20,145,13
499,2026-05-14,P001,145,0,19,126,1
500,2026-05-15,P001,126,0,18,108,13
501,2026-05-16,P001,108,0,21,87,12
502,2026-05-17,P001,87,116,21,182,5
503,2026-05-18,P001,182,0,16,166,0
504,2026-05-19,P001,166,0,27,139,10
505,2026-05-20,P001,139,0,20,119,0
506,2026-05-21,P001,119,0,20,99,10
507,2026-05-22,P001,99,117,24,192,12
508,2026-05-23,P001,192,0,15,177,5
509,2026-05-24,P001,177,0,17,160,4
510,2026-05-25,P001,160,0,18,142,2
511,2026-05-26,P001,142,0,19,123,12
512,2026-05-27,P001,123,0,20,103,6
513,2026-05-28,P001,103,0,23,80,8
514,2026-05-29,P001,80,122,18,184,2
515,2026-05-30,P001,184,0,17,167,12
516,2026-05-31,P001,167,0,19,148,10
517,2026-06-01,P001,148,0,20,128,3
518,2026-06-02,P001,128,0,18,110,11
519,2026-06-03,P001,110,0,19,91,7
520,2026-06-04,P001,91,88,23,156,9
521,2026-06-05,P001,156,0,16,140,2
522,2026-06-06,P001,140,0,18,122,7
523,2026-06-07,P001,122,0,17,105,4
524,2026-06-08,P001,105,0,21,84,15
525,2026-06-09,P001,84,135,18,201,13
526,2026-06-10,P001,201,0,15,186,10
527,2026-06-11,P001,186,0,15,171,3
528,2026-06-12,P001,171,0,21,150,8
529,2026-06-13,P001,150,0,19,131,13
530,2026-06-14,P001,131,0,16,115,13
531,2026-06-15,P001,115,0,21,94,1
532,2026-06-16,P001,94,93,16,171,15
533,2026-06-17,P001,171,0,23,148,0
534,2026-06-18,P001,148,0,19,129,11
535,2026-06-19,P001,129,0,19,110,7
536,2026-06-20,P001,110,0,21,89,13
537,2026-06-21,P001,89,93,15,167,10
538,2026-06-22,P001,167,0,21,146,11
539,2026-06-23,P001,146,0,21,125,5
540,2026-06-24,P001,125,0,18,107,5
541,2026-06-25,P001,107,0,21,86,12
542,2026-06-26,P001,86,97,17,166,8
543,2026-06-27,P001,166,0,20,146,12
544,2026-06-28,P001,146,0,22,124,11
545,2026-06-29,P001,124,0,15,109,10
546,2026-06-30,P001,109,0,20,89,4
547,2026-07-01,P001,89,126,23,192,15
548,2026-07-02,P001,192,0,20,172,14
549,2026-07-03,P001,172,0,20,152,6
550,2026-07-04,P001,152,0,23,129,10
551,2026-07-05,P001,129,0,16,113,3
552,2026-07-06,P001,113,0,19,94,12
553,2026-07-07,P001,94,97,22,169,0
554,2026-07-08,P001,169,0,23,146,5
555,2026-07-09,P001,146,0,22,124,5
556,2026-07-10,P001,124,0,18,106,14
557,2026-07-11,P001,106,0,22,84,3
558,2026-07-12,P001,84,90,17,157,1
559,2026-07-13,P001,157,0,23,134,1
560,2026-07-14,P001,134,0,18,116,4
561,2026-07-15,P001,116,0,23,93,2
562,2026-07-16,P001,93,86,27,152,1
563,2026-07-17,P001,152,0,21,131,8
564,2026-07-18,P001,131,0,16,115,14
565,2026-07-19,P001,115,0,20,95,10
566,2026-07-20,P001,95,122,23,194,11
567,2026-07-21,P001,194,0,17,177,14
568,2026-07-22,P001,177,0,18,159,15
569,2026-07-23,P001,159,0,17,142,7
570,2026-07-24,P001,142,0,20,122,9
571,2026-07-25,P001,122,0,20,102,6
572,2026-07-26,P001,102,0,22,80,4
573,2026-07-27,P001,80,109,24,165,2
574,2026-07-28,P001,165,0,19,146,6
575,2026-07-29,P001,146,0,22,124,4
576,2026-07-30,P001,124,0,15,109,2
577,2026-07-31,P001,109,0,22,87,7
578,2026-08-01,P001,87,113,23,177,7
579,2026-08-02,P001,177,0,19,158,11
580,2026-08-03,P001,158,0,27,131,0
581,2026-08-04,P001,131,0,31,100,8
582,2026-08-05,P001,100,143,25,218,6
583,2026-08-06,P001,218,0,28,190,4
584,2026-08-07,P001,190,0,34,156,14
585,2026-08-08,P001,156,0,20,136,10
586,2026-08-09,P001,136,0,24,112,8
587,2026-08-10,P001,112,0,23,89,10
588,2026-08-11,P001,89,140,21,208,3
589,2026-08-12,P001,208,0,26,182,6
590,2026-08-13,P001,182,0,21,161,14
591,2026-08-14,P001,161,0,27,134,1
592,2026-08-15,P001,134,0,22,112,4
593,2026-08-16,P001,112,0,24,88,8
594,2026-08-17,P001,88,0,26,62,12
595,2026-08-18,P001,62,0,31,31,8
596,2026-08-19,P001,31,83,22,92,1
597,2026-08-20,P001,92,83,22,153,9
598,2026-08-21,P001,153,0,23,130,14
599,2025-01-01,P002,137,0,57,80,6
600,2025-01-02,P002,80,0,82,0,0
601,2025-01-03,P002,0,124,65,124,13
602,2025-01-04,P002,124,0,47,77,9
603,2025-01-05,P002,77,91,58,110,15
604,2025-01-06,P002,110,87,70,127,8
605,2025-01-07,P002,127,94,63,158,7
606,2025-01-08,P002,158,0,79,79,2
607,2025-01-09,P002,79,103,55,127,8
608,2025-01-10,P002,127,0,51,76,4
609,2025-01-11,P002,76,72,42,106,5
610,2025-01-12,P002,106,107,62,151,7
611,2025-01-13,P002,151,0,65,86,1
612,2025-01-14,P002,86,75,60,101,2
613,2025-01-15,P002,101,72,62,111,5
614,2025-01-16,P002,111,0,52,59,2
615,2025-01-17,P002,59,76,78,76,4
616,2025-01-18,P002,76,102,66,112,11
617,2025-01-19,P002,112,94,54,152,8
618,2025-01-20,P002,152,0,65,87,1
619,2025-01-21,P002,87,123,64,146,3
620,2025-01-22,P002,146,0,62,84,12
621,2025-01-23,P002,84,80,55,109,7
622,2025-01-24,P002,109,70,64,115,14
623,2025-01-25,P002,115,93,65,143,2
624,2025-01-26,P002,143,0,62,81,1
625,2025-01-27,P002,81,83,94,83,5
626,2025-01-28,P002,83,116,57,142,13
627,2025-01-29,P002,142,0,53,89,0
628,2025-01-30,P002,89,88,73,104,14
629,2025-01-31,P002,104,88,61,131,7
630,2025-02-01,P002,131,99,79,151,8
631,2025-02-02,P002,151,0,42,109,9
632,2025-02-03,P002,109,110,72,147,7
633,2025-02-04,P002,147,0,60,87,2
634,2025-02-05,P002,87,122,57,152,6
635,2025-02-06,P002,152,0,53,99,4
636,2025-02-07,P002,99,84,56,127,11
637,2025-02-08,P002,127,85,58,154,14
638,2025-02-09,P002,154,0,54,100,13
639,2025-02-10,P002,100,0,51,49,15
640,2025-02-11,P002,49,117,51,117,11
641,2025-02-12,P002,117,104,59,162,5
642,2025-02-13,P002,162,0,72,90,2
643,2025-02-14,P002,90,126,59,157,8
644,2025-02-15,P002,157,0,44,113,10
645,2025-02-16,P002,113,109,52,170,13
646,2025-02-17,P002,170,0,59,111,4
647,2025-02-18,P002,111,0,41,70,4
648,2025-02-19,P002,70,75,61,84,4
649,2025-02-20,P002,84,126,59,151,2
650,2025-02-21,P002,151,0,66,85,4
651,2025-02-22,P002,85,93,66,112,6
652,2025-02-23,P002,112,80,79,113,6
653,2025-02-24,P002,113,104,59,158,3
654,2025-02-25,P002,158,0,53,105,8
655,2025-02-26,P002,105,119,98,126,10
656,2025-02-27,P002,126,112,76,162,13
657,2025-02-28,P002,162,0,75,87,14
658,2025-03-01,P002,87,0,56,31,14
659,2025-03-02,P002,31,109,58,109,5
660,2025-03-03,P002,109,0,63,46,9
661,2025-03-04,P002,46,115,59,115,10
662,2025-03-05,P002,115,122,59,178,15
663,2025-03-06,P002,178,0,64,114,10
664,2025-03-07,P002,114,98,61,151,2
665,2025-03-08,P002,151,0,52,99,3
666,2025-03-09,P002,99,77,70,106,11
667,2025-03-10,P002,106,114,62,158,13
668,2025-03-11,P002,158,0,75,83,15
669,2025-03-12,P002,83,113,44,152,1
670,2025-03-13,P002,152,0,72,80,4
671,2025-03-14,P002,80,94,73,101,9
672,2025-03-15,P002,101,116,43,174,13
673,2025-03-16,P002,174,0,54,120,7
674,2025-03-17,P002,120,87,62,145,13
675,2025-03-18,P002,145,0,53,92,9
676,2025-03-19,P002,92,83,59,116,3
677,2025-03-20,P002,116,121,56,181,0
678,2025-03-21,P002,181,0,79,102,6
679,2025-03-22,P002,102,0,64,38,11
680,2025-03-23,P002,38,100,64,100,4
681,2025-03-24,P002,100,113,71,142,5
682,2025-03-25,P002,142,0,55,87,15
683,2025-03-26,P002,87,123,61,149,5
684,2025-03-27,P002,149,0,69,80,15
685,2025-03-28,P002,80,108,56,132,4
686,2025-03-29,P002,132,0,61,71,12
687,2025-03-30,P002,71,77,55,93,0
688,2025-03-31,P002,93,105,62,136,14
689,2025-04-01,P002,136,124,69,191,0
690,2025-04-02,P002,191,0,69,122,15
691,2025-04-03,P002,122,96,62,156,9
692,2025-04-04,P002,156,0,73,83,15
693,2025-04-05,P002,83,111,49,145,10
694,2025-04-06,P002,145,0,62,83,0
695,2025-04-07,P002,83,113,70,126,3
696,2025-04-08,P002,126,95,62,159,8
697,2025-04-09,P002,159,0,66,93,7
698,2025-04-10,P002,93,115,55,153,7
699,2025-04-11,P002,153,0,72,81,11
700,2025-04-12,P002,81,82,56,107,10
701,2025-04-13,P002,107,81,53,135,2
702,2025-04-14,P002,135,0,72,63,3
703,2025-04-15,P002,63,0,58,5,4
704,2025-04-16,P002,5,113,54,113,1
705,2025-04-17,P002,113,0,53,60,1
706,2025-04-18,P002,60,78,68,78,5
707,2025-04-19,P002,78,73,49,102,11
708,2025-04-20,P002,102,117,70,149,5
709,2025-04-21,P002,149,0,48,101,1
710,2025-04-22,P002,101,85,79,107,11
711,2025-04-23,P002,107,119,71,155,1
712,2025-04-24,P002,155,0,63,92,0
713,2025-04-25,P002,92,94,62,124,2
714,2025-04-26,P002,124,0,61,63,3
715,2025-04-27,P002,63,0,56,7,0
716,2025-04-28,P002,7,0,72,0,0
717,2025-04-29,P002,0,104,66,104,5
718,2025-04-30,P002,104,99,66,137,11
719,2025-05-01,P002,137,0,59,78,3
720,2025-05-02,P002,78,101,61,118,6
721,2025-05-03,P002,118,120,57,181,12
722,2025-05-04,P002,181,0,56,125,13
723,2025-05-05,P002,125,0,52,73,10
724,2025-05-06,P002,73,95,68,100,11
725,2025-05-07,P002,100,97,63,134,1
726,2025-05-08,P002,134,0,61,73,5
727,2025-05-09,P002,73,82,61,94,3
728,2025-05-10,P002,94,85,58,121,11
729,2025-05-11,P002,121,114,62,173,9
730,2025-05-12,P002,173,0,56,117,10
731,2025-05-13,P002,117,122,63,176,6
732,2025-05-14,P002,176,0,55,121,4
733,2025-05-15,P002,121,120,64,177,1
734,2025-05-16,P002,177,0,50,127,11
735,2025-05-17,P002,127,87,63,151,2
736,2025-05-18,P002,151,0,59,92,13
737,2025-05-19,P002,92,86,66,112,10
738,2025-05-20,P002,112,89,68,133,12
739,2025-05-21,P002,133,94,76,151,14
740,2025-05-22,P002,151,0,69,82,12
741,2025-05-23,P002,82,112,49,145,8
742,2025-05-24,P002,145,0,47,98,13
743,2025-05-25,P002,98,77,50,125,8
744,2025-05-26,P002,125,102,62,165,9
745,2025-05-27,P002,165,0,65,100,0
746,2025-05-28,P002,100,123,56,167,0
747,2025-05-29,P002,167,0,65,102,3
748,2025-05-30,P002,102,98,58,142,8
749,2025-05-31,P002,142,0,50,92,6
750,2025-06-01,P002,92,87,45,134,15
751,2025-06-02,P002,134,0,55,79,3
752,2025-06-03,P002,79,100,53,126,7
753,2025-06-04,P002,126,0,55,71,5
754,2025-06-05,P002,71,81,69,83,4
755,2025-06-06,P002,83,116,56,143,7
756,2025-06-07,P002,143,0,71,72,7
757,2025-06-08,P002,72,119,57,134,5
758,2025-06-09,P002,134,0,63,71,4
759,2025-06-10,P002,71,0,57,14,3
760,2025-06-11,P002,14,87,66,87,10
761,2025-06-12,P002,87,91,59,119,8
762,2025-06-13,P002,119,101,62,158,12
763,2025-06-14,P002,158,0,70,88,11
764,2025-06-15,P002,88,96,54,130,13
765,2025-06-16,P002,130,114,69,175,1
766,2025-06-17,P002,175,0,58,117,1
767,2025-06-18,P002,117,92,64,145,2
768,2025-06-19,P002,145,0,76,69,3
769,2025-06-20,P002,69,94,59,104,5
770,2025-06-21,P002,104,87,66,125,15
771,2025-06-22,P002,125,85,60,150,6
772,2025-06-23,P002,150,0,57,93,6
773,2025-06-24,P002,93,0,68,25,2
774,2025-06-25,P002,25,78,69,78,12
775,2025-06-26,P002,78,0,69,9,6
776,2025-06-27,P002,9,0,50,0,0
777,2025-06-28,P002,0,90,50,90,11
778,2025-06-29,P002,90,113,54,149,1
779,2025-06-30,P002,149,0,62,87,0
780,2025-07-01,P002,87,93,68,112,15
781,2025-07-02,P002,112,99,64,147,10
782,2025-07-03,P002,147,0,51,96,3
783,2025-07-04,P002,96,0,67,29,6
784,2025-07-05,P002,29,118,58,118,7
785,2025-07-06,P002,118,105,60,163,4
786,2025-07-07,P002,163,0,73,90,6
787,2025-07-08,P002,90,112,67,135,8
788,2025-07-09,P002,135,94,66,163,10
789,2025-07-10,P002,163,0,65,98,0
790,2025-07-11,P002,98,82,51,129,2
791,2025-07-12,P002,129,93,60,162,9
792,2025-07-13,P002,162,0,57,105,3
793,2025-07-14,P002,105,89,63,131,5
794,2025-07-15,P002,131,0,55,76,7
795,2025-07-16,P002,76,95,53,118,8
796,2025-07-17,P002,118,0,72,46,14
797,2025-07-18,P002,46,100,65,100,14
798,2025-07-19,P002,100,123,61,162,15
799,2025-07-20,P002,162,0,57,105,1
800,2025-07-21,P002,105,97,64,138,11
801,2025-07-22,P002,138,72,92,118,11
802,2025-07-23,P002,118,116,59,175,15
803,2025-07-24,P002,175,0,65,110,2
804,2025-07-25,P002,110,106,62,154,7
805,2025-07-26,P002,154,0,55,99,2
806,2025-07-27,P002,99,104,56,147,4
807,2025-07-28,P002,147,0,66,81,12
808,2025-07-29,P002,81,111,61,131,15
809,2025-07-30,P002,131,96,71,156,0
810,2025-07-31,P002,156,0,57,99,13
811,2025-08-01,P002,99,89,74,114,3
812,2025-08-02,P002,114,109,63,160,12
813,2025-08-03,P002,160,0,78,82,0
814,2025-08-04,P002,82,93,80,95,12
815,2025-08-05,P002,95,123,83,135,3
816,2025-08-06,P002,135,0,61,74,2
817,2025-08-07,P002,74,125,80,125,5
818,2025-08-08,P002,125,78,87,116,2
819,2025-08-09,P002,116,100,70,146,10
820,2025-08-10,P002,146,89,77,158,7
821,2025-08-11,P002,158,0,74,84,11
822,2025-08-12,P002,84,85,88,85,0
823,2025-08-13,P002,85,90,100,90,7
824,2025-08-14,P002,90,0,74,16,12
825,2025-08-15,P002,16,86,74,86,4
826,2025-08-16,P002,86,107,78,115,13
827,2025-08-17,P002,115,0,82,33,3
828,2025-08-18,P002,33,95,70,95,3
829,2025-08-19,P002,95,90,72,113,12
830,2025-08-20,P002,113,83,74,122,8
831,2025-08-21,P002,122,0,63,59,8
832,2025-08-22,P002,59,94,69,94,8
833,2025-08-23,P002,94,80,61,113,5
834,2025-08-24,P002,113,121,60,174,4
835,2025-08-25,P002,174,0,75,99,10
836,2025-08-26,P002,99,103,79,123,7
837,2025-08-27,P002,123,82,89,116,11
838,2025-08-28,P002,116,112,81,147,14
839,2025-08-29,P002,147,110,82,175,7
840,2025-08-30,P002,175,0,66,109,8
841,2025-08-31,P002,109,109,67,151,3
842,2025-09-01,P002,151,0,79,72,1
843,2025-09-02,P002,72,92,66,98,7
844,2025-09-03,P002,98,105,78,125,7
845,2025-09-04,P002,125,0,81,44,5
846,2025-09-05,P002,44,80,97,80,14
847,2025-09-06,P002,80,0,77,3,3
848,2025-09-07,P002,3,83,88,83,9
849,2025-09-08,P002,83,107,72,118,6
850,2025-09-09,P002,118,102,73,147,2
851,2025-09-10,P002,147,0,78,69,2
852,2025-09-11,P002,69,100,72,100,2
853,2025-09-12,P002,100,0,84,16,15
854,2025-09-13,P002,16,76,76,76,3
855,2025-09-14,P002,76,88,76,88,1
856,2025-09-15,P002,88,101,73,116,7
857,2025-09-16,P002,116,101,115,102,9
858,2025-09-17,P002,102,118,94,126,8
859,2025-09-18,P002,126,110,71,165,2
860,2025-09-19,P002,165,0,80,85,8
861,2025-09-20,P002,85,70,67,88,0
862,2025-09-21,P002,88,71,58,101,0
863,2025-09-22,P002,101,0,96,5,0
864,2025-09-23,P002,5,73,98,73,5
865,2025-09-24,P002,73,87,81,87,0
866,2025-09-25,P002,87,70,74,83,2
867,2025-09-26,P002,83,122,79,126,7
868,2025-09-27,P002,126,0,69,57,5
869,2025-09-28,P002,57,112,76,112,2
870,2025-09-29,P002,112,99,95,116,15
871,2025-09-30,P002,116,0,73,43,8
872,2025-10-01,P002,43,111,64,111,14
873,2025-10-02,P002,111,88,63,136,10
874,2025-10-03,P002,136,103,70,169,9
875,2025-10-04,P002,169,0,62,107,13
876,2025-10-05,P002,107,126,80,153,3
877,2025-10-06,P002,153,0,70,83,11
878,2025-10-07,P002,83,0,73,10,10
879,2025-10-08,P002,10,123,76,123,6
880,2025-10-09,P002,123,95,84,134,10
881,2025-10-10,P002,134,98,101,131,9
882,2025-10-11,P002,131,0,59,72,15
883,2025-10-12,P002,72,0,58,14,14
884,2025-10-13,P002,14,0,83,0,0
885,2025-10-14,P002,0,99,79,99,3
886,2025-10-15,P002,99,114,94,119,0
887,2025-10-16,P002,119,0,81,38,7
888,2025-10-17,P002,38,103,71,103,4
889,2025-10-18,P002,103,0,69,34,12
890,2025-10-19,P002,34,77,75,77,15
891,2025-10-20,P002,77,121,78,121,12
892,2025-10-21,P002,121,74,78,117,4
893,2025-10-22,P002,117,96,87,126,3
894,2025-10-23,P002,126,124,82,168,5
895,2025-10-24,P002,168,0,82,86,14
896,2025-10-25,P002,86,0,67,19,0
897,2025-10-26,P002,19,102,62,102,13
898,2025-10-27,P002,102,94,71,125,11
899,2025-10-28,P002,125,120,81,164,9
900,2025-10-29,P002,164,0,65,99,13
901,2025-10-30,P002,99,108,81,126,14
902,2025-10-31,P002,126,90,73,143,14
903,2025-11-01,P002,143,0,64,79,15
904,2025-11-02,P002,79,83,79,83,0
905,2025-11-03,P002,83,99,73,109,10
906,2025-11-04,P002,109,122,77,154,13
907,2025-11-05,P002,154,0,60,94,4
908,2025-11-06,P002,94,116,84,126,7
909,2025-11-07,P002,126,85,76,135,7
910,2025-11-08,P002,135,87,86,136,14
911,2025-11-09,P002,136,0,65,71,9
912,2025-11-10,P002,71,112,76,112,5
913,2025-11-11,P002,112,105,80,137,12
914,2025-11-12,P002,137,98,92,143,1
915,2025-11-13,P002,143,111,75,179,11
916,2025-11-14,P002,179,0,74,105,8
917,2025-11-15,P002,105,0,70,35,0
918,2025-11-16,P002,35,118,69,118,11
919,2025-11-17,P002,118,99,70,147,6
920,2025-11-18,P002,147,0,75,72,4
921,2025-11-19,P002,72,83,86,83,0
922,2025-11-20,P002,83,102,63,122,14
923,2025-11-21,P002,122,107,76,153,5
924,2025-11-22,P002,153,0,69,84,0
925,2025-11-23,P002,84,0,94,0,0
926,2025-11-24,P002,0,122,58,122,11
927,2025-11-25,P002,122,118,70,170,15
928,2025-11-26,P002,170,0,81,89,12
929,2025-11-27,P002,89,83,91,83,1
930,2025-11-28,P002,83,104,75,112,6
931,2025-11-29,P002,112,113,58,167,1
932,2025-11-30,P002,167,0,79,88,14
933,2025-12-01,P002,88,107,64,131,2
934,2025-12-02,P002,131,0,57,74,0
935,2025-12-03,P002,74,82,82,82,2
936,2025-12-04,P002,82,88,80,90,7
937,2025-12-05,P002,90,88,62,116,2
938,2025-12-06,P002,116,101,76,141,9
939,2025-12-07,P002,141,0,70,71,14
940,2025-12-08,P002,71,104,72,104,9
941,2025-12-09,P002,104,95,69,130,15
942,2025-12-10,P002,130,115,86,159,14
943,2025-12-11,P002,159,0,80,79,5
944,2025-12-12,P002,79,103,72,110,10
945,2025-12-13,P002,110,0,79,31,12
946,2025-12-14,P002,31,82,56,82,13
947,2025-12-15,P002,82,120,65,137,1
948,2025-12-16,P002,137,0,67,70,8
949,2025-12-17,P002,70,79,78,79,12
950,2025-12-18,P002,79,0,73,6,1
951,2025-12-19,P002,6,102,77,102,12
952,2025-12-20,P002,102,112,67,147,15
953,2025-12-21,P002,147,0,55,92,1
954,2025-12-22,P002,92,115,87,120,7
955,2025-12-23,P002,120,76,74,122,11
956,2025-12-24,P002,122,0,90,32,12
957,2025-12-25,P002,32,73,79,73,2
958,2025-12-26,P002,73,109,75,109,2
959,2025-12-27,P002,109,77,69,117,14
960,2025-12-28,P002,117,87,67,137,10
961,2025-12-29,P002,137,106,80,163,5
962,2025-12-30,P002,163,0,93,70,1
963,2025-12-31,P002,70,75,81,75,0
964,2026-01-01,P002,75,75,74,76,7
965,2026-01-02,P002,76,105,64,117,12
966,2026-01-03,P002,117,72,68,121,6
967,2026-01-04,P002,121,0,60,61,12
968,2026-01-05,P002,61,110,83,110,2
969,2026-01-06,P002,110,88,64,134,2
970,2026-01-07,P002,134,0,57,77,15
971,2026-01-08,P002,77,0,68,9,4
972,2026-01-09,P002,9,0,65,0,0
973,2026-01-10,P002,0,92,66,92,11
974,2026-01-11,P002,92,75,53,114,5
975,2026-01-12,P002,114,0,66,48,6
976,2026-01-13,P002,48,0,66,0,0
977,2026-01-14,P002,0,74,60,74,13
978,2026-01-15,P002,74,118,46,146,9
979,2026-01-16,P002,146,0,57,89,2
980,2026-01-17,P002,89,96,65,120,12
981,2026-01-18,P002,120,114,60,174,6
982,2026-01-19,P002,174,0,73,101,12
983,2026-01-20,P002,101,102,75,128,13
984,2026-01-21,P002,128,102,70,160,12
985,2026-01-22,P002,160,0,65,95,10
986,2026-01-23,P002,95,98,53,140,9
987,2026-01-24,P002,140,0,68,72,8
988,2026-01-25,P002,72,81,61,92,10
989,2026-01-26,P002,92,0,64,28,0
990,2026-01-27,P002,28,106,68,106,2
991,2026-01-28,P002,106,84,80,110,12
992,2026-01-29,P002,110,71,56,125,12
993,2026-01-30,P002,125,109,59,175,13
994,2026-01-31,P002,175,0,50,125,15
995,2026-02-01,P002,125,0,47,78,15
996,2026-02-02,P002,78,76,63,91,6
997,2026-02-03,P002,91,89,79,101,10
998,2026-02-04,P002,101,124,74,151,8
999,2026-02-05,P002,151,0,60,91,13
1000,2026-02-06,P002,91,107,75,123,2
1001,2026-02-07,P002,123,90,69,144,6
1002,2026-02-08,P002,144,0,65,79,11
1003,2026-02-09,P002,79,0,64,15,0
1004,2026-02-10,P002,15,82,58,82,11
1005,2026-02-11,P002,82,74,75,81,8
1006,2026-02-12,P002,81,126,68,139,12
1007,2026-02-13,P002,139,0,100,39,4
1008,2026-02-14,P002,39,86,60,86,12
1009,2026-02-15,P002,86,119,71,134,6
1010,2026-02-16,P002,134,0,64,70,4
1011,2026-02-17,P002,70,0,76,0,0
1012,2026-02-18,P002,0,89,70,89,3
1013,2026-02-19,P002,89,0,83,6,3
1014,2026-02-20,P002,6,119,63,119,8
1015,2026-02-21,P002,119,0,65,54,7
1016,2026-02-22,P002,54,0,57,0,0
1017,2026-02-23,P002,0,115,63,115,0
1018,2026-02-24,P002,115,105,63,157,3
1019,2026-02-25,P002,157,0,82,75,5
1020,2026-02-26,P002,75,93,73,95,1
1021,2026-02-27,P002,95,0,74,21,3
1022,2026-02-28,P002,21,0,52,0,0
1023,2026-03-01,P002,0,113,65,113,4
1024,2026-03-02,P002,113,122,91,144,12
1025,2026-03-03,P002,144,107,88,163,7
1026,2026-03-04,P002,163,0,86,77,4
1027,2026-03-05,P002,77,0,71,6,3
1028,2026-03-06,P002,6,117,74,117,3
1029,2026-03-07,P002,117,114,67,164,5
1030,2026-03-08,P002,164,0,57,107,9
1031,2026-03-09,P002,107,0,64,43,3
1032,2026-03-10,P002,43,119,52,119,6
1033,2026-03-11,P002,119,71,75,115,13
1034,2026-03-12,P002,115,85,76,124,3
1035,2026-03-13,P002,124,111,68,167,5
1036,2026-03-14,P002,167,0,68,99,8
1037,2026-03-15,P002,99,96,60,135,15
1038,2026-03-16,P002,135,0,62,73,2
1039,2026-03-17,P002,73,95,73,95,3
1040,2026-03-18,P002,95,106,74,127,13
1041,2026-03-19,P002,127,109,81,155,2
1042,2026-03-20,P002,155,0,67,88,3
1043,2026-03-21,P002,88,109,73,124,4
1044,2026-03-22,P002,124,115,64,175,10
1045,2026-03-23,P002,175,0,69,106,3
1046,2026-03-24,P002,106,83,79,110,11
1047,2026-03-25,P002,110,93,82,121,7
1048,2026-03-26,P002,121,80,60,141,14
1049,2026-03-27,P002,141,115,81,175,9
1050,2026-03-28,P002,175,0,72,103,11
1051,2026-03-29,P002,103,110,58,155,0
1052,2026-03-30,P002,155,0,71,84,8
1053,2026-03-31,P002,84,114,79,119,0
1054,2026-04-01,P002,119,76,73,122,8
1055,2026-04-02,P002,122,112,64,170,15
1056,2026-04-03,P002,170,0,62,108,2
1057,2026-04-04,P002,108,97,66,139,5
1058,2026-04-05,P002,139,0,67,72,5
1059,2026-04-06,P002,72,111,80,111,4
1060,2026-04-07,P002,111,94,74,131,5
1061,2026-04-08,P002,131,76,82,125,12
1062,2026-04-09,P002,125,0,49,76,6
1063,2026-04-10,P002,76,108,82,108,15
1064,2026-04-11,P002,108,103,48,163,13
1065,2026-04-12,P002,163,0,56,107,9
1066,2026-04-13,P002,107,114,64,157,14
1067,2026-04-14,P002,157,0,63,94,7
1068,2026-04-15,P002,94,115,84,125,5
1069,2026-04-16,P002,125,78,66,137,4
1070,2026-04-17,P002,137,124,70,191,13
1071,2026-04-18,P002,191,0,67,124,6
1072,2026-04-19,P002,124,125,65,184,6
1073,2026-04-20,P002,184,0,70,114,12
1074,2026-04-21,P002,114,75,62,127,5
1075,2026-04-22,P002,127,76,84,119,9
1076,2026-04-23,P002,119,78,72,125,15
1077,2026-04-24,P002,125,0,65,60,8
1078,2026-04-25,P002,60,109,55,114,0
1079,2026-04-26,P002,114,99,78,135,9
1080,2026-04-27,P002,135,98,81,152,13
1081,2026-04-28,P002,152,0,68,84,9
1082,2026-04-29,P002,84,87,70,101,2
1083,2026-04-30,P002,101,99,75,125,9
1084,2026-05-01,P002,125,72,105,92,12
1085,2026-05-02,P002,92,81,64,109,11
1086,2026-05-03,P002,109,107,60,156,7
1087,2026-05-04,P002,156,0,76,80,4
1088,2026-05-05,P002,80,123,82,123,8
1089,2026-05-06,P002,123,118,82,159,7
1090,2026-05-07,P002,159,0,66,93,8
1091,2026-05-08,P002,93,77,65,105,11
1092,2026-05-09,P002,105,70,70,105,14
1093,2026-05-10,P002,105,121,84,142,8
1094,2026-05-11,P002,142,0,67,75,15
1095,2026-05-12,P002,75,104,76,104,3
1096,2026-05-13,P002,104,112,68,148,14
1097,2026-05-14,P002,148,0,68,80,0
1098,2026-05-15,P002,80,0,53,27,13
1099,2026-05-16,P002,27,120,71,120,0
1100,2026-05-17,P002,120,97,65,152,5
1101,2026-05-18,P002,152,0,70,82,5
1102,2026-05-19,P002,82,82,47,117,14
1103,2026-05-20,P002,117,77,92,102,8
1104,2026-05-21,P002,102,88,71,119,15
1105,2026-05-22,P002,119,103,72,150,8
1106,2026-05-23,P002,150,0,53,97,4
1107,2026-05-24,P002,97,92,66,123,5
1108,2026-05-25,P002,123,0,59,64,7
1109,2026-05-26,P002,64,118,67,118,13
1110,2026-05-27,P002,118,116,76,158,1
1111,2026-05-28,P002,158,0,63,95,1
1112,2026-05-29,P002,95,71,65,101,15
1113,2026-05-30,P002,101,124,68,157,0
1114,2026-05-31,P002,157,0,67,90,5
1115,2026-06-01,P002,90,72,68,94,4
1116,2026-06-02,P002,94,110,73,131,3
1117,2026-06-03,P002,131,115,87,159,8
1118,2026-06-04,P002,159,0,68,91,4
1119,2026-06-05,P002,91,92,73,110,8
1120,2026-06-06,P002,110,75,72,113,6
1121,2026-06-07,P002,113,80,65,128,15
1122,2026-06-08,P002,128,0,77,51,4
1123,2026-06-09,P002,51,107,69,107,0
1124,2026-06-10,P002,107,75,58,124,0
1125,2026-06-11,P002,124,113,88,149,5
1126,2026-06-12,P002,149,0,57,92,5
1127,2026-06-13,P002,92,105,65,132,4
1128,2026-06-14,P002,132,0,50,82,11
1129,2026-06-15,P002,82,0,69,13,9
1130,2026-06-16,P002,13,0,66,0,0
1131,2026-06-17,P002,0,109,66,109,8
1132,2026-06-18,P002,109,0,69,40,5
1133,2026-06-19,P002,40,72,76,72,7
1134,2026-06-20,P002,72,80,87,80,9
1135,2026-06-21,P002,80,70,53,97,14
1136,2026-06-22,P002,97,72,76,93,0
1137,2026-06-23,P002,93,119,74,138,3
1138,2026-06-24,P002,138,120,72,186,11
1139,2026-06-25,P002,186,0,84,102,1
1140,2026-06-26,P002,102,0,68,34,10
1141,2026-06-27,P002,34,94,60,94,0
1142,2026-06-28,P002,94,105,77,122,11
1143,2026-06-29,P002,122,0,71,51,5
1144,2026-06-30,P002,51,0,73,0,0
1145,2026-07-01,P002,0,77,62,77,11
1146,2026-07-02,P002,77,81,65,93,4
1147,2026-07-03,P002,93,102,65,130,13
1148,2026-07-04,P002,130,0,51,79,12
1149,2026-07-05,P002,79,0,77,2,0
1150,2026-07-06,P002,2,0,67,0,0
1151,2026-07-07,P002,0,0,60,0,0
1152,2026-07-08,P002,0,77,49,77,3
1153,2026-07-09,P002,77,77,67,87,11
1154,2026-07-10,P002,87,0,70,17,1
1155,2026-07-11,P002,17,88,65,88,15
1156,2026-07-12,P002,88,78,65,101,11
1157,2026-07-13,P002,101,121,65,157,0
1158,2026-07-14,P002,157,0,79,78,3
1159,2026-07-15,P002,78,108,80,108,13
1160,2026-07-16,P002,108,103,66,145,6
1161,2026-07-17,P002,145,0,46,99,8
1162,2026-07-18,P002,99,114,82,131,4
1163,2026-07-19,P002,131,0,51,80,14
1164,2026-07-20,P002,80,112,60,132,13
1165,2026-07-21,P002,132,74,70,136,10
1166,2026-07-22,P002,136,112,90,158,5
1167,2026-07-23,P002,158,0,84,74,10
1168,2026-07-24,P002,74,126,72,128,10
1169,2026-07-25,P002,128,75,71,132,9
1170,2026-07-26,P002,132,125,71,186,15
1171,2026-07-27,P002,186,0,68,118,1
1172,2026-07-28,P002,118,75,78,115,2
1173,2026-07-29,P002,115,115,65,165,1
1174,2026-07-30,P002,165,0,71,94,7
1175,2026-07-31,P002,94,84,66,112,12
1176,2026-08-01,P002,112,92,94,110,4
1177,2026-08-02,P002,110,100,61,149,5
1178,2026-08-03,P002,149,70,84,135,10
1179,2026-08-04,P002,135,75,73,137,11
1180,2026-08-05,P002,137,0,67,70,10
1181,2026-08-06,P002,70,116,78,116,13
1182,2026-08-07,P002,116,122,106,132,3
1183,2026-08-08,P002,132,0,78,54,8
1184,2026-08-09,P002,54,104,53,105,14
1185,2026-08-10,P002,105,77,67,115,2
1186,2026-08-11,P002,115,79,95,99,3
1187,2026-08-12,P002,99,114,71,142,10
1188,2026-08-13,P002,142,108,73,177,3
1189,2026-08-14,P002,177,0,81,96,4
1190,2026-08-15,P002,96,94,62,128,10
1191,2026-08-16,P002,128,91,81,138,3
1192,2026-08-17,P002,138,0,68,70,15
1193,2026-08-18,P002,70,95,83,95,12
1194,2026-08-19,P002,95,105,79,121,3
1195,2026-08-20,P002,121,75,65,131,6
1196,2026-08-21,P002,131,86,92,125,0
1197,2025-01-01,P003,162,0,70,92,0
1198,2025-01-02,P003,92,101,75,118,1
1199,2025-01-03,P003,118,0,72,46,3
1200,2025-01-04,P003,46,91,72,91,7
1201,2025-01-05,P003,91,76,63,104,8
1202,2025-01-06,P003,104,0,66,38,7
1203,2025-01-07,P003,38,87,71,87,8
1204,2025-01-08,P003,87,0,75,12,9
1205,2025-01-09,P003,12,0,82,0,0
1206,2025-01-10,P003,0,97,71,97,3
1207,2025-01-11,P003,97,96,57,136,10
1208,2025-01-12,P003,136,0,57,79,10
1209,2025-01-13,P003,79,93,58,114,3
1210,2025-01-14,P003,114,80,85,109,12
1211,2025-01-15,P003,109,115,60,164,1
1212,2025-01-16,P003,164,0,107,57,6
1213,2025-01-17,P003,57,103,64,103,8
1214,2025-01-18,P003,103,103,69,137,6
1215,2025-01-19,P003,137,0,60,77,0
1216,2025-01-20,P003,77,0,81,0,0
1217,2025-01-21,P003,0,68,64,68,1
1218,2025-01-22,P003,68,69,95,69,1
1219,2025-01-23,P003,69,0,63,6,3
1220,2025-01-24,P003,6,90,89,90,2
1221,2025-01-25,P003,90,109,53,146,6
1222,2025-01-26,P003,146,77,87,136,2
1223,2025-01-27,P003,136,102,76,162,5
1224,2025-01-28,P003,162,0,74,88,12
1225,2025-01-29,P003,88,83,69,102,0
1226,2025-01-30,P003,102,109,70,141,7
1227,2025-01-31,P003,141,0,76,65,1
1228,2025-02-01,P003,65,65,61,69,10
1229,2025-02-02,P003,69,101,69,101,0
1230,2025-02-03,P003,101,92,89,104,8
1231,2025-02-04,P003,104,72,66,110,1
1232,2025-02-05,P003,110,72,59,123,1
1233,2025-02-06,P003,123,93,70,146,12
1234,2025-02-07,P003,146,66,93,119,10
1235,2025-02-08,P003,119,66,56,129,12
1236,2025-02-09,P003,129,111,75,165,15
1237,2025-02-10,P003,165,0,85,80,9
1238,2025-02-11,P003,80,87,66,101,11
1239,2025-02-12,P003,101,77,76,102,6
1240,2025-02-13,P003,102,88,84,106,13
1241,2025-02-14,P003,106,110,68,148,10
1242,2025-02-15,P003,148,0,61,87,8
1243,2025-02-16,P003,87,0,58,29,7
1244,2025-02-17,P003,29,94,82,94,3
1245,2025-02-18,P003,94,114,66,142,13
1246,2025-02-19,P003,142,0,61,81,3
1247,2025-02-20,P003,81,105,70,116,12
1248,2025-02-21,P003,116,0,65,51,7
1249,2025-02-22,P003,51,70,64,70,14
1250,2025-02-23,P003,70,117,51,136,6
1251,2025-02-24,P003,136,105,74,167,3
1252,2025-02-25,P003,167,0,79,88,14
1253,2025-02-26,P003,88,73,54,107,7
1254,2025-02-27,P003,107,0,81,26,5
1255,2025-02-28,P003,26,98,81,98,3
1256,2025-03-01,P003,98,112,65,145,3
1257,2025-03-02,P003,145,0,79,66,5
1258,2025-03-03,P003,66,94,79,94,13
1259,2025-03-04,P003,94,88,69,113,3
1260,2025-03-05,P003,113,93,75,131,8
1261,2025-03-06,P003,131,81,80,132,12
1262,2025-03-07,P003,132,115,81,166,0
1263,2025-03-08,P003,166,0,69,97,1
1264,2025-03-09,P003,97,107,59,145,4
1265,2025-03-10,P003,145,0,76,69,11
1266,2025-03-11,P003,69,91,62,98,10
1267,2025-03-12,P003,98,76,73,101,10
1268,2025-03-13,P003,101,87,68,120,9
1269,2025-03-14,P003,120,93,69,144,11
1270,2025-03-15,P003,144,0,76,68,2
1271,2025-03-16,P003,68,69,74,69,8
1272,2025-03-17,P003,69,104,105,104,0
1273,2025-03-18,P003,104,0,66,38,2
1274,2025-03-19,P003,38,0,73,0,0
1275,2025-03-20,P003,0,102,85,102,0
1276,2025-03-21,P003,102,106,76,132,9
1277,2025-03-22,P003,132,101,84,149,13
1278,2025-03-23,P003,149,0,69,80,5
1279,2025-03-24,P003,80,88,87,88,4
1280,2025-03-25,P003,88,0,72,16,13
1281,2025-03-26,P003,16,100,76,100,14
1282,2025-03-27,P003,100,116,80,136,6
1283,2025-03-28,P003,136,115,82,169,1
1284,2025-03-29,P003,169,0,74,95,14
1285,2025-03-30,P003,95,0,65,30,12
1286,2025-03-31,P003,30,96,62,96,11
1287,2025-04-01,P003,96,81,58,119,9
1288,2025-04-02,P003,119,80,81,118,3
1289,2025-04-03,P003,118,0,64,54,10
1290,2025-04-04,P003,54,102,56,102,15
1291,2025-04-05,P003,102,87,69,120,2
1292,2025-04-06,P003,120,73,85,108,8
1293,2025-04-07,P003,108,68,76,100,15
1294,2025-04-08,P003,100,79,82,97,13
1295,2025-04-09,P003,97,67,77,87,13
1296,2025-04-10,P003,87,68,79,76,3
1297,2025-04-11,P003,76,74,83,74,14
1298,2025-04-12,P003,74,114,63,125,13
1299,2025-04-13,P003,125,78,68,135,7
1300,2025-04-14,P003,135,91,79,147,0
1301,2025-04-15,P003,147,0,69,78,2
1302,2025-04-16,P003,78,105,86,105,14
1303,2025-04-17,P003,105,91,75,121,10
1304,2025-04-18,P003,121,69,73,117,6
1305,2025-04-19,P003,117,92,72,137,3
1306,2025-04-20,P003,137,0,58,79,6
1307,2025-04-21,P003,79,115,75,119,8
1308,2025-04-22,P003,119,0,76,43,14
1309,2025-04-23,P003,43,0,85,0,0
1310,2025-04-24,P003,0,100,80,100,4
1311,2025-04-25,P003,100,106,75,131,4
1312,2025-04-26,P003,131,68,74,125,1
1313,2025-04-27,P003,125,108,78,155,7
1314,2025-04-28,P003,155,0,82,73,1
1315,2025-04-29,P003,73,111,77,111,12
1316,2025-04-30,P003,111,84,63,132,0
1317,2025-05-01,P003,132,0,64,68,14
1318,2025-05-02,P003,68,114,71,114,11
1319,2025-05-03,P003,114,72,59,127,2
1320,2025-05-04,P003,127,0,61,66,10
1321,2025-05-05,P003,66,109,73,109,7
1322,2025-05-06,P003,109,91,78,122,5
1323,2025-05-07,P003,122,0,73,49,14
1324,2025-05-08,P003,49,108,75,108,3
1325,2025-05-09,P003,108,81,97,92,7
1326,2025-05-10,P003,92,83,49,126,4
1327,2025-05-11,P003,126,0,55,71,3
1328,2025-05-12,P003,71,117,70,118,13
1329,2025-05-13,P003,118,98,61,155,14
1330,2025-05-14,P003,155,0,76,79,2
1331,2025-05-15,P003,79,77,85,77,6
1332,2025-05-16,P003,77,78,84,78,4
1333,2025-05-17,P003,78,92,81,92,1
1334,2025-05-18,P003,92,71,76,87,4
1335,2025-05-19,P003,87,0,74,13,1
1336,2025-05-20,P003,13,0,71,0,0
1337,2025-05-21,P003,0,81,83,81,2
1338,2025-05-22,P003,81,0,68,13,12
1339,2025-05-23,P003,13,71,68,71,5
1340,2025-05-24,P003,71,99,65,105,6
1341,2025-05-25,P003,105,0,64,41,6
1342,2025-05-26,P003,41,106,88,106,2
1343,2025-05-27,P003,106,110,78,138,2
1344,2025-05-28,P003,138,84,85,137,8
1345,2025-05-29,P003,137,0,82,55,10
1346,2025-05-30,P003,55,95,80,95,13
1347,2025-05-31,P003,95,102,46,151,12
1348,2025-06-01,P003,151,0,71,80,4
1349,2025-06-02,P003,80,91,60,111,14
1350,2025-06-03,P003,111,0,70,41,3
1351,2025-06-04,P003,41,112,61,112,4
1352,2025-06-05,P003,112,84,58,138,11
1353,2025-06-06,P003,138,95,77,156,8
1354,2025-06-07,P003,156,0,70,86,3
1355,2025-06-08,P003,86,93,58,121,10
1356,2025-06-09,P003,121,116,63,174,5
1357,2025-06-10,P003,174,0,69,105,6
1358,2025-06-11,P003,105,0,75,30,1
1359,2025-06-12,P003,30,0,59,0,0
1360,2025-06-13,P003,0,76,74,76,4
1361,2025-06-14,P003,76,93,65,104,2
1362,2025-06-15,P003,104,89,71,122,9
1363,2025-06-16,P003,122,78,76,124,6
1364,2025-06-17,P003,124,109,63,170,11
1365,2025-06-18,P003,170,0,84,86,2
1366,2025-06-19,P003,86,104,73,117,14
1367,2025-06-20,P003,117,75,74,118,2
1368,2025-06-21,P003,118,85,61,142,4
1369,2025-06-22,P003,142,0,62,80,5
1370,2025-06-23,P003,80,65,66,79,6
1371,2025-06-24,P003,79,91,92,91,15
1372,2025-06-25,P003,91,81,91,81,4
1373,2025-06-26,P003,81,110,75,116,3
1374,2025-06-27,P003,116,70,59,127,15
1375,2025-06-28,P003,127,0,78,49,7
1376,2025-06-29,P003,49,69,63,69,1
1377,2025-06-30,P003,69,72,69,72,0
1378,2025-07-01,P003,72,0,80,0,0
1379,2025-07-02,P003,0,68,68,68,10
1380,2025-07-03,P003,68,67,92,67,9
1381,2025-07-04,P003,67,117,82,117,12
1382,2025-07-05,P003,117,0,62,55,12
1383,2025-07-06,P003,55,70,101,70,0
1384,2025-07-07,P003,70,103,68,105,11
1385,2025-07-08,P003,105,108,79,134,5
1386,2025-07-09,P003,134,114,77,171,7
1387,2025-07-10,P003,171,0,86,85,5
1388,2025-07-11,P003,85,65,112,65,5
1389,2025-07-12,P003,65,78,67,78,5
1390,2025-07-13,P003,78,98,57,119,0
1391,2025-07-14,P003,119,91,93,117,13
1392,2025-07-15,P003,117,95,82,130,12
1393,2025-07-16,P003,130,78,90,118,11
1394,2025-07-17,P003,118,0,75,43,5
1395,2025-07-18,P003,43,71,72,71,8
1396,2025-07-19,P003,71,113,67,117,2
1397,2025-07-20,P003,117,106,53,170,9
1398,2025-07-21,P003,170,0,65,105,10
1399,2025-07-22,P003,105,81,87,99,14
1400,2025-07-23,P003,99,110,66,143,2
1401,2025-07-24,P003,143,0,65,78,2
1402,2025-07-25,P003,78,111,76,113,8
1403,2025-07-26,P003,113,94,77,130,3
1404,2025-07-27,P003,130,74,72,132,5
1405,2025-07-28,P003,132,110,82,160,8
1406,2025-07-29,P003,160,0,66,94,8
1407,2025-07-30,P003,94,116,59,151,9
1408,2025-07-31,P003,151,115,117,149,9
1409,2025-08-01,P003,149,0,82,67,9
1410,2025-08-02,P003,67,115,73,115,12
1411,2025-08-03,P003,115,115,92,138,9
1412,2025-08-04,P003,138,86,98,126,2
1413,2025-08-05,P003,126,76,96,106,3
1414,2025-08-06,P003,106,94,109,94,4
1415,2025-08-07,P003,94,102,82,114,2
1416,2025-08-08,P003,114,89,96,107,1
1417,2025-08-09,P003,107,79,79,107,6
1418,2025-08-10,P003,107,70,81,96,8
1419,2025-08-11,P003,96,99,105,99,4
1420,2025-08-12,P003,99,115,93,121,9
1421,2025-08-13,P003,121,72,99,94,4
1422,2025-08-14,P003,94,103,103,103,11
1423,2025-08-15,P003,103,88,84,107,4
1424,2025-08-16,P003,107,0,69,38,3
1425,2025-08-17,P003,38,0,67,0,0
1426,2025-08-18,P003,0,65,70,65,13
1427,2025-08-19,P003,65,93,116,93,6
1428,2025-08-20,P003,93,104,91,106,14
1429,2025-08-21,P003,106,80,90,96,6
1430,2025-08-22,P003,96,100,85,111,12
1431,2025-08-23,P003,111,110,81,140,15
1432,2025-08-24,P003,140,78,88,130,3
1433,2025-08-25,P003,130,70,101,99,6
1434,2025-08-26,P003,99,75,86,88,2
1435,2025-08-27,P003,88,111,87,112,6
1436,2025-08-28,P003,112,0,104,8,5
1437,2025-08-29,P003,8,80,83,80,9
1438,2025-08-30,P003,80,85,92,85,10
1439,2025-08-31,P003,85,67,83,69,12
1440,2025-09-01,P003,69,87,97,87,3
1441,2025-09-02,P003,87,81,104,81,13
1442,2025-09-03,P003,81,97,98,97,10
1443,2025-09-04,P003,97,105,87,115,13
1444,2025-09-05,P003,115,95,78,132,12
1445,2025-09-06,P003,132,0,82,50,14
1446,2025-09-07,P003,50,0,73,0,0
1447,2025-09-08,P003,0,117,100,117,3
1448,2025-09-09,P003,117,0,97,20,9
1449,2025-09-10,P003,20,88,121,88,13
1450,2025-09-11,P003,88,0,86,2,1
1451,2025-09-12,P003,2,82,91,82,14
1452,2025-09-13,P003,82,106,93,106,1
1453,2025-09-14,P003,106,81,78,109,12
1454,2025-09-15,P003,109,80,116,80,8
1455,2025-09-16,P003,80,83,100,83,10
1456,2025-09-17,P003,83,70,74,79,4
1457,2025-09-18,P003,79,73,101,73,2
1458,2025-09-19,P003,73,0,94,0,0
1459,2025-09-20,P003,0,78,90,78,2
1460,2025-09-21,P003,78,68,88,68,11
1461,2025-09-22,P003,68,0,84,0,0
1462,2025-09-23,P003,0,101,79,101,7
1463,2025-09-24,P003,101,101,113,101,4
1464,2025-09-25,P003,101,76,77,100,4
1465,2025-09-26,P003,100,75,85,90,9
1466,2025-09-27,P003,90,0,85,5,3
1467,2025-09-28,P003,5,115,96,115,14
1468,2025-09-29,P003,115,116,96,135,12
1469,2025-09-30,P003,135,0,78,57,6
1470,2025-10-01,P003,57,75,95,75,5
1471,2025-10-02,P003,75,91,98,91,14
1472,2025-10-03,P003,91,108,83,116,0
1473,2025-10-04,P003,116,103,76,143,15
1474,2025-10-05,P003,143,0,73,70,15
1475,2025-10-06,P003,70,109,93,109,9
1476,2025-10-07,P003,109,91,92,108,5
1477,2025-10-08,P003,108,103,82,129,11
1478,2025-10-09,P003,129,111,87,153,3
1479,2025-10-10,P003,153,0,73,80,4
1480,2025-10-11,P003,80,88,75,93,10
1481,2025-10-12,P003,93,0,84,9,0
1482,2025-10-13,P003,9,86,79,86,7
1483,2025-10-14,P003,86,77,105,77,13
1484,2025-10-15,P003,77,89,80,89,13
1485,2025-10-16,P003,89,94,92,94,1
1486,2025-10-17,P003,94,105,99,105,10
1487,2025-10-18,P003,105,0,61,44,9
1488,2025-10-19,P003,44,78,61,78,2
1489,2025-10-20,P003,78,76,69,85,5
1490,2025-10-21,P003,85,104,104,104,8
1491,2025-10-22,P003,104,0,90,14,5
1492,2025-10-23,P003,14,0,119,0,0
1493,2025-10-24,P003,0,87,81,87,11
1494,2025-10-25,P003,87,79,81,85,5
1495,2025-10-26,P003,85,116,89,116,10
1496,2025-10-27,P003,116,0,105,11,5
1497,2025-10-28,P003,11,74,105,74,12
1498,2025-10-29,P003,74,0,104,0,0
1499,2025-10-30,P003,0,65,102,65,11
1500,2025-10-31,P003,65,0,92,0,0
1501,2025-11-01,P003,0,68,87,68,14
1502,2025-11-02,P003,68,100,70,100,9
1503,2025-11-03,P003,100,101,84,117,6
1504,2025-11-04,P003,117,0,86,31,4
1505,2025-11-05,P003,31,117,96,117,13
1506,2025-11-06,P003,117,0,85,32,0
1507,2025-11-07,P003,32,90,93,90,10
1508,2025-11-08,P003,90,0,82,8,2
1509,2025-11-09,P003,8,83,93,83,9
1510,2025-11-10,P003,83,67,108,67,10
1511,2025-11-11,P003,67,78,79,78,13
1512,2025-11-12,P003,78,81,90,81,3
1513,2025-11-13,P003,81,115,79,117,7
1514,2025-11-14,P003,117,66,67,116,14
1515,2025-11-15,P003,116,96,75,137,8
1516,2025-11-16,P003,137,0,72,65,4
1517,2025-11-17,P003,65,0,107,0,0
1518,2025-11-18,P003,0,0,98,0,0
1519,2025-11-19,P003,0,106,78,106,9
1520,2025-11-20,P003,106,65,104,67,14
1521,2025-11-21,P003,67,79,98,79,14
1522,2025-11-22,P003,79,100,78,101,2
1523,2025-11-23,P003,101,81,77,105,11
1524,2025-11-24,P003,105,87,90,102,0
1525,2025-11-25,P003,102,81,82,101,5
1526,2025-11-26,P003,101,0,167,0,0
1527,2025-11-27,P003,0,93,104,93,9
1528,2025-11-28,P003,93,84,104,84,3
1529,2025-11-29,P003,84,96,76,104,3
1530,2025-11-30,P003,104,108,67,145,14
1531,2025-12-01,P003,145,101,85,161,11
1532,2025-12-02,P003,161,0,73,88,2
1533,2025-12-03,P003,88,90,94,90,5
1534,2025-12-04,P003,90,72,84,78,6
1535,2025-12-05,P003,78,114,86,114,1
1536,2025-12-06,P003,114,90,59,145,9
1537,2025-12-07,P003,145,84,84,145,15
1538,2025-12-08,P003,145,0,77,68,12
1539,2025-12-09,P003,68,79,75,79,0
1540,2025-12-10,P003,79,109,54,134,9
1541,2025-12-11,P003,134,106,87,153,3
1542,2025-12-12,P003,153,85,108,130,5
1543,2025-12-13,P003,130,97,120,107,9
1544,2025-12-14,P003,107,89,68,128,15
1545,2025-12-15,P003,128,0,82,46,14
1546,2025-12-16,P003,46,92,88,92,10
1547,2025-12-17,P003,92,93,82,103,8
1548,2025-12-18,P003,103,0,97,6,5
1549,2025-12-19,P003,6,93,102,93,10
1550,2025-12-20,P003,93,0,90,3,1
1551,2025-12-21,P003,3,71,81,71,12
1552,2025-12-22,P003,71,90,91,90,2
1553,2025-12-23,P003,90,110,75,125,3
1554,2025-12-24,P003,125,90,81,134,11
1555,2025-12-25,P003,134,88,89,133,4
1556,2025-12-26,P003,133,96,94,135,3
1557,2025-12-27,P003,135,96,91,140,9
1558,2025-12-28,P003,140,0,72,68,15
1559,2025-12-29,P003,68,85,127,85,13
1560,2025-12-30,P003,85,82,87,82,6
1561,2025-12-31,P003,82,70,117,70,0
1562,2026-01-01,P003,70,70,70,70,0
1563,2026-01-02,P003,70,116,57,129,6
1564,2026-01-03,P003,129,115,76,168,8
1565,2026-01-04,P003,168,0,73,95,2
1566,2026-01-05,P003,95,68,101,68,2
1567,2026-01-06,P003,68,73,74,73,1
1568,2026-01-07,P003,73,106,79,106,14
1569,2026-01-08,P003,106,94,63,137,8
1570,2026-01-09,P003,137,0,69,68,2
1571,2026-01-10,P003,68,0,78,0,0
1572,2026-01-11,P003,0,71,54,71,8
1573,2026-01-12,P003,71,0,84,0,0
1574,2026-01-13,P003,0,68,65,68,5
1575,2026-01-14,P003,68,76,83,76,8
1576,2026-01-15,P003,76,109,71,114,4
1577,2026-01-16,P003,114,114,59,169,15
1578,2026-01-17,P003,169,0,79,90,0
1579,2026-01-18,P003,90,66,61,95,15
1580,2026-01-19,P003,95,76,66,105,14
1581,2026-01-20,P003,105,115,83,137,11
1582,2026-01-21,P003,137,111,99,149,6
1583,2026-01-22,P003,149,0,67,82,13
1584,2026-01-23,P003,82,75,80,77,10
1585,2026-01-24,P003,77,108,71,114,9
1586,2026-01-25,P003,114,68,77,105,5
1587,2026-01-26,P003,105,71,80,96,10
1588,2026-01-27,P003,96,0,78,18,9
1589,2026-01-28,P003,18,92,69,92,4
1590,2026-01-29,P003,92,0,78,14,0
1591,2026-01-30,P003,14,109,69,109,5
1592,2026-01-31,P003,109,0,44,65,14
1593,2026-02-01,P003,65,115,71,115,7
1594,2026-02-02,P003,115,111,85,141,14
1595,2026-02-03,P003,141,0,75,66,0
1596,2026-02-04,P003,66,91,69,91,7
1597,2026-02-05,P003,91,84,81,94,8
1598,2026-02-06,P003,94,102,102,102,14
1599,2026-02-07,P003,102,0,78,24,1
1600,2026-02-08,P003,24,101,60,101,0
1601,2026-02-09,P003,101,97,79,119,10
1602,2026-02-10,P003,119,103,96,126,1
1603,2026-02-11,P003,126,0,88,38,9
1604,2026-02-12,P003,38,74,73,74,14
1605,2026-02-13,P003,74,91,77,91,4
1606,2026-02-14,P003,91,100,57,134,8
1607,2026-02-15,P003,134,83,72,145,3
1608,2026-02-16,P003,145,108,98,155,9
1609,2026-02-17,P003,155,0,76,79,14
1610,2026-02-18,P003,79,81,69,91,9
1611,2026-02-19,P003,91,70,71,90,11
1612,2026-02-20,P003,90,96,64,122,5
1613,2026-02-21,P003,122,105,79,148,0
1614,2026-02-22,P003,148,0,72,76,13
1615,2026-02-23,P003,76,99,81,99,4
1616,2026-02-24,P003,99,98,133,98,4
1617,2026-02-25,P003,98,108,82,124,0
1618,2026-02-26,P003,124,105,93,136,5
1619,2026-02-27,P003,136,99,76,159,0
1620,2026-02-28,P003,159,0,76,83,13
1621,2026-03-01,P003,83,111,69,125,4
1622,2026-03-02,P003,125,92,69,148,10
1623,2026-03-03,P003,148,77,95,130,0
1624,2026-03-04,P003,130,74,70,134,5
1625,2026-03-05,P003,134,0,106,28,3
1626,2026-03-06,P003,28,100,92,100,3
1627,2026-03-07,P003,100,66,63,103,6
1628,2026-03-08,P003,103,85,87,101,6
1629,2026-03-09,P003,101,76,86,91,4
1630,2026-03-10,P003,91,96,85,102,4
1631,2026-03-11,P003,102,81,108,81,4
1632,2026-03-12,P003,81,114,79,116,12
1633,2026-03-13,P003,116,0,76,40,6
1634,2026-03-14,P003,40,106,85,106,2
1635,2026-03-15,P003,106,99,69,136,8
1636,2026-03-16,P003,136,107,82,161,5
1637,2026-03-17,P003,161,0,82,79,5
1638,2026-03-18,P003,79,77,107,77,4
1639,2026-03-19,P003,77,111,100,111,9
1640,2026-03-20,P003,111,90,71,130,3
1641,2026-03-21,P003,130,101,76,155,14
1642,2026-03-22,P003,155,0,79,76,2
1643,2026-03-23,P003,76,110,77,110,3
1644,2026-03-24,P003,110,90,85,115,6
1645,2026-03-25,P003,115,72,67,120,7
1646,2026-03-26,P003,120,93,84,129,10
1647,2026-03-27,P003,129,108,84,153,5
1648,2026-03-28,P003,153,0,86,67,2
1649,2026-03-29,P003,67,87,82,87,11
1650,2026-03-30,P003,87,0,106,0,0
1651,2026-03-31,P003,0,74,92,74,15
1652,2026-04-01,P003,74,68,89,68,8
1653,2026-04-02,P003,68,0,83,0,0
1654,2026-04-03,P003,0,114,81,114,8
1655,2026-04-04,P003,114,76,76,114,10
1656,2026-04-05,P003,114,93,72,135,6
1657,2026-04-06,P003,135,96,88,143,8
1658,2026-04-07,P003,143,116,96,163,11
1659,2026-04-08,P003,163,0,67,96,1
1660,2026-04-09,P003,96,115,100,115,14
1661,2026-04-10,P003,115,0,87,28,7
1662,2026-04-11,P003,28,68,76,68,1
1663,2026-04-12,P003,68,65,57,76,7
1664,2026-04-13,P003,76,94,70,100,15
1665,2026-04-14,P003,100,92,103,92,12
1666,2026-04-15,P003,92,88,86,94,11
1667,2026-04-16,P003,94,93,67,120,15
1668,2026-04-17,P003,120,0,75,45,10
1669,2026-04-18,P003,45,79,77,79,7
1670,2026-04-19,P003,79,79,74,84,6
1671,2026-04-20,P003,84,102,80,106,1
1672,2026-04-21,P003,106,99,86,119,9
1673,2026-04-22,P003,119,68,84,103,10
1674,2026-04-23,P003,103,111,70,144,9
1675,2026-04-24,P003,144,94,112,126,12
1676,2026-04-25,P003,126,104,70,160,5
1677,2026-04-26,P003,160,0,90,70,14
1678,2026-04-27,P003,70,0,106,0,0
1679,2026-04-28,P003,0,108,85,108,1
1680,2026-04-29,P003,108,105,81,132,12
1681,2026-04-30,P003,132,99,92,139,1
1682,2026-05-01,P003,139,0,78,61,11
1683,2026-05-02,P003,61,81,67,81,4
1684,2026-05-03,P003,81,85,76,90,13
1685,2026-05-04,P003,90,93,74,109,7
1686,2026-05-05,P003,109,0,87,22,14
1687,2026-05-06,P003,22,70,80,70,15
1688,2026-05-07,P003,70,0,85,0,0
1689,2026-05-08,P003,0,93,85,93,10
1690,2026-05-09,P003,93,86,75,104,12
1691,2026-05-10,P003,104,83,74,113,15
1692,2026-05-11,P003,113,72,76,109,1
1693,2026-05-12,P003,109,0,95,14,7
1694,2026-05-13,P003,14,84,60,84,8
1695,2026-05-14,P003,84,115,83,116,1
1696,2026-05-15,P003,116,96,103,109,3
1697,2026-05-16,P003,109,96,56,149,15
1698,2026-05-17,P003,149,0,58,91,1
1699,2026-05-18,P003,91,116,81,126,5
1700,2026-05-19,P003,126,0,84,42,4
1701,2026-05-20,P003,42,108,84,108,0
1702,2026-05-21,P003,108,0,89,19,0
1703,2026-05-22,P003,19,79,112,79,9
1704,2026-05-23,P003,79,99,72,106,15
1705,2026-05-24,P003,106,72,78,100,10
1706,2026-05-25,P003,100,115,71,144,0
1707,2026-05-26,P003,144,0,78,66,6
1708,2026-05-27,P003,66,77,98,77,1
1709,2026-05-28,P003,77,79,84,79,0
1710,2026-05-29,P003,79,88,73,94,8
1711,2026-05-30,P003,94,117,82,129,7
1712,2026-05-31,P003,129,0,63,66,14
1713,2026-06-01,P003,66,71,56,81,4
1714,2026-06-02,P003,81,0,93,0,0
1715,2026-06-03,P003,0,66,76,66,8
1716,2026-06-04,P003,66,97,73,97,3
1717,2026-06-05,P003,97,99,89,107,15
1718,2026-06-06,P003,107,101,99,109,14
1719,2026-06-07,P003,109,109,77,141,5
1720,2026-06-08,P003,141,73,79,135,15
1721,2026-06-09,P003,135,104,76,163,4
1722,2026-06-10,P003,163,0,79,84,7
1723,2026-06-11,P003,84,0,86,0,0
1724,2026-06-12,P003,0,101,101,101,3
1725,2026-06-13,P003,101,91,62,130,5
1726,2026-06-14,P003,130,92,74,148,14
1727,2026-06-15,P003,148,0,76,72,13
1728,2026-06-16,P003,72,0,89,0,0
1729,2026-06-17,P003,0,99,85,99,2
1730,2026-06-18,P003,99,0,100,0,0
1731,2026-06-19,P003,0,0,97,0,0
1732,2026-06-20,P003,0,95,73,95,1
1733,2026-06-21,P003,95,89,73,111,13
1734,2026-06-22,P003,111,0,78,33,8
1735,2026-06-23,P003,33,82,82,82,2
1736,2026-06-24,P003,82,87,70,99,2
1737,2026-06-25,P003,99,86,66,119,8
1738,2026-06-26,P003,119,93,74,138,5
1739,2026-06-27,P003,138,94,87,145,7
1740,2026-06-28,P003,145,71,81,135,1
1741,2026-06-29,P003,135,73,83,125,10
1742,2026-06-30,P003,125,76,75,126,7
1743,2026-07-01,P003,126,75,76,125,15
1744,2026-07-02,P003,125,0,97,28,5
1745,2026-07-03,P003,28,88,69,88,5
1746,2026-07-04,P003,88,87,71,104,5
1747,2026-07-05,P003,104,111,81,134,4
1748,2026-07-06,P003,134,72,91,115,8
1749,2026-07-07,P003,115,69,85,99,12
1750,2026-07-08,P003,99,79,97,81,5
1751,2026-07-09,P003,81,93,52,122,11
1752,2026-07-10,P003,122,93,83,132,4
1753,2026-07-11,P003,132,0,65,67,14
1754,2026-07-12,P003,67,72,56,83,8
1755,2026-07-13,P003,83,87,89,87,6
1756,2026-07-14,P003,87,84,97,84,12
1757,2026-07-15,P003,84,0,78,6,2
1758,2026-07-16,P003,6,93,92,93,9
1759,2026-07-17,P003,93,0,90,3,0
1760,2026-07-18,P003,3,115,76,115,7
1761,2026-07-19,P003,115,106,89,132,13
1762,2026-07-20,P003,132,103,79,156,15
1763,2026-07-21,P003,156,0,80,76,3
1764,2026-07-22,P003,76,83,58,101,12
1765,2026-07-23,P003,101,104,84,121,4
1766,2026-07-24,P003,121,113,66,168,15
1767,2026-07-25,P003,168,0,87,81,15
1768,2026-07-26,P003,81,89,66,104,0
1769,2026-07-27,P003,104,113,76,141,0
1770,2026-07-28,P003,141,0,90,51,2
1771,2026-07-29,P003,51,65,77,65,0
1772,2026-07-30,P003,65,109,170,109,15
1773,2026-07-31,P003,109,72,81,100,5
1774,2026-08-01,P003,100,78,82,96,15
1775,2026-08-02,P003,96,69,77,88,15
1776,2026-08-03,P003,88,68,87,69,6
1777,2026-08-04,P003,69,0,88,0,0
1778,2026-08-05,P003,0,111,104,111,2
1779,2026-08-06,P003,111,79,95,95,4
1780,2026-08-07,P003,95,81,93,83,9
1781,2026-08-08,P003,83,0,72,11,4
1782,2026-08-09,P003,11,87,93,87,9
1783,2026-08-10,P003,87,95,86,96,5
1784,2026-08-11,P003,96,96,152,96,5
1785,2026-08-12,P003,96,116,99,116,14
1786,2026-08-13,P003,116,111,73,154,14
1787,2026-08-14,P003,154,0,93,61,2
1788,2026-08-15,P003,61,66,74,66,13
1789,2026-08-16,P003,66,0,80,0,0
1790,2026-08-17,P003,0,114,110,114,8
1791,2026-08-18,P003,114,65,86,93,12
1792,2026-08-19,P003,93,95,97,95,13
1793,2026-08-20,P003,95,99,104,99,5
1794,2026-08-21,P003,99,89,115,89,2
1795,2025-01-01,P004,108,121,57,172,6
1796,2025-01-02,P004,172,0,51,121,0
1797,2025-01-03,P004,121,108,54,175,15
1798,2025-01-04,P004,175,0,44,131,0
1799,2025-01-05,P004,131,0,55,76,2
1800,2025-01-06,P004,76,79,56,99,5
1801,2025-01-07,P004,99,0,79,20,5
1802,2025-01-08,P004,20,0,55,0,0
1803,2025-01-09,P004,0,133,51,133,3
1804,2025-01-10,P004,133,0,49,84,11
1805,2025-01-11,P004,84,79,38,125,1
1806,2025-01-12,P004,125,0,40,85,5
1807,2025-01-13,P004,85,0,58,27,12
1808,2025-01-14,P004,27,120,59,120,10
1809,2025-01-15,P004,120,0,45,75,3
1810,2025-01-16,P004,75,87,62,100,10
1811,2025-01-17,P004,100,126,53,173,9
1812,2025-01-18,P004,173,0,50,123,9
1813,2025-01-19,P004,123,118,59,182,5
1814,2025-01-20,P004,182,0,62,120,5
1815,2025-01-21,P004,120,0,54,66,8
1816,2025-01-22,P004,66,132,50,148,3
1817,2025-01-23,P004,148,0,54,94,5
1818,2025-01-24,P004,94,119,51,162,4
1819,2025-01-25,P004,162,0,48,114,1
1820,2025-01-26,P004,114,90,43,161,5
1821,2025-01-27,P004,161,0,55,106,1
1822,2025-01-28,P004,106,79,56,129,5
1823,2025-01-29,P004,129,116,55,190,3
1824,2025-01-30,P004,190,0,52,138,4
1825,2025-01-31,P004,138,0,57,81,9
1826,2025-02-01,P004,81,114,52,143,12
1827,2025-02-02,P004,143,0,43,100,13
1828,2025-02-03,P004,100,126,66,160,14
1829,2025-02-04,P004,160,0,56,104,6
1830,2025-02-05,P004,104,81,56,129,15
1831,2025-02-06,P004,129,122,61,190,8
1832,2025-02-07,P004,190,0,58,132,1
1833,2025-02-08,P004,132,0,55,77,6
1834,2025-02-09,P004,77,0,52,25,15
1835,2025-02-10,P004,25,88,52,88,15
1836,2025-02-11,P004,88,131,58,161,8
1837,2025-02-12,P004,161,0,63,98,3
1838,2025-02-13,P004,98,116,57,157,3
1839,2025-02-14,P004,157,0,57,100,12
1840,2025-02-15,P004,100,114,49,165,3
1841,2025-02-16,P004,165,0,49,116,9
1842,2025-02-17,P004,116,79,44,151,4
1843,2025-02-18,P004,151,0,69,82,0
1844,2025-02-19,P004,82,92,57,117,13
1845,2025-02-20,P004,117,125,58,184,10
1846,2025-02-21,P004,184,0,49,135,2
1847,2025-02-22,P004,135,0,57,78,8
1848,2025-02-23,P004,78,134,44,168,12
1849,2025-02-24,P004,168,0,62,106,9
1850,2025-02-25,P004,106,97,59,144,6
1851,2025-02-26,P004,144,0,52,92,8
1852,2025-02-27,P004,92,131,69,154,3
1853,2025-02-28,P004,154,0,48,106,1
1854,2025-03-01,P004,106,0,58,48,11
1855,2025-03-02,P004,48,0,58,0,0
1856,2025-03-03,P004,0,113,54,113,15
1857,2025-03-04,P004,113,130,70,173,10
1858,2025-03-05,P004,173,0,58,115,15
1859,2025-03-06,P004,115,117,61,171,10
1860,2025-03-07,P004,171,0,61,110,1
1861,2025-03-08,P004,110,86,52,144,10
1862,2025-03-09,P004,144,0,58,86,7
1863,2025-03-10,P004,86,0,80,6,6
1864,2025-03-11,P004,6,85,47,85,5
1865,2025-03-12,P004,85,0,69,16,5
1866,2025-03-13,P004,16,131,52,131,9
1867,2025-03-14,P004,131,111,67,175,11
1868,2025-03-15,P004,175,0,59,116,10
1869,2025-03-16,P004,116,90,45,161,0
1870,2025-03-17,P004,161,0,56,105,14
1871,2025-03-18,P004,105,109,51,163,4
1872,2025-03-19,P004,163,0,57,106,10
1873,2025-03-20,P004,106,102,57,151,15
1874,2025-03-21,P004,151,0,64,87,14
1875,2025-03-22,P004,87,114,61,140,12
1876,2025-03-23,P004,140,0,61,79,14
1877,2025-03-24,P004,79,108,56,131,6
1878,2025-03-25,P004,131,103,59,175,10
1879,2025-03-26,P004,175,0,48,127,2
1880,2025-03-27,P004,127,109,54,182,0
1881,2025-03-28,P004,182,0,67,115,12
1882,2025-03-29,P004,115,100,102,113,15
1883,2025-03-30,P004,113,94,44,163,0
1884,2025-03-31,P004,163,0,56,107,1
1885,2025-04-01,P004,107,104,60,151,4
1886,2025-04-02,P004,151,0,61,90,5
1887,2025-04-03,P004,90,121,54,157,3
1888,2025-04-04,P004,157,92,83,166,0
1889,2025-04-05,P004,166,0,49,117,6
1890,2025-04-06,P004,117,93,53,157,11
1891,2025-04-07,P004,157,0,64,93,9
1892,2025-04-08,P004,93,118,61,150,5
1893,2025-04-09,P004,150,0,70,80,2
1894,2025-04-10,P004,80,0,59,21,11
1895,2025-04-11,P004,21,76,60,76,10
1896,2025-04-12,P004,76,92,51,117,9
1897,2025-04-13,P004,117,115,52,180,8
1898,2025-04-14,P004,180,0,95,85,5
1899,2025-04-15,P004,85,109,65,129,7
1900,2025-04-16,P004,129,0,58,71,12
1901,2025-04-17,P004,71,83,64,90,4
1902,2025-04-18,P004,90,0,57,33,7
1903,2025-04-19,P004,33,0,61,0,0
1904,2025-04-20,P004,0,106,55,106,9
1905,2025-04-21,P004,106,0,59,47,12
1906,2025-04-22,P004,47,114,64,114,7
1907,2025-04-23,P004,114,0,49,65,1
1908,2025-04-24,P004,65,91,52,104,12
1909,2025-04-25,P004,104,0,52,52,15
1910,2025-04-26,P004,52,135,53,135,8
1911,2025-04-27,P004,135,117,63,189,3
1912,2025-04-28,P004,189,0,83,106,15
1913,2025-04-29,P004,106,87,64,129,2
1914,2025-04-30,P004,129,102,65,166,2
1915,2025-05-01,P004,166,0,58,108,1
1916,2025-05-02,P004,108,127,53,182,8
1917,2025-05-03,P004,182,0,45,137,10
1918,2025-05-04,P004,137,0,46,91,12
1919,2025-05-05,P004,91,116,56,151,2
1920,2025-05-06,P004,151,0,53,98,8
1921,2025-05-07,P004,98,112,45,165,12
1922,2025-05-08,P004,165,0,64,101,3
1923,2025-05-09,P004,101,101,51,151,10
1924,2025-05-10,P004,151,0,53,98,1
1925,2025-05-11,P004,98,120,63,155,15
1926,2025-05-12,P004,155,0,63,92,11
1927,2025-05-13,P004,92,0,41,51,10
1928,2025-05-14,P004,51,105,56,105,15
1929,2025-05-15,P004,105,0,64,41,2
1930,2025-05-16,P004,41,101,71,101,1
1931,2025-05-17,P004,101,96,42,155,2
1932,2025-05-18,P004,155,0,53,102,3
1933,2025-05-19,P004,102,123,56,169,14
1934,2025-05-20,P004,169,0,56,113,9
1935,2025-05-21,P004,113,120,76,157,15
1936,2025-05-22,P004,157,0,48,109,6
1937,2025-05-23,P004,109,80,59,130,15
1938,2025-05-24,P004,130,0,54,76,14
1939,2025-05-25,P004,76,0,57,19,10
1940,2025-05-26,P004,19,104,63,104,9
1941,2025-05-27,P004,104,0,60,44,14
1942,2025-05-28,P004,44,77,55,77,10
1943,2025-05-29,P004,77,110,59,128,6
1944,2025-05-30,P004,128,125,56,197,11
1945,2025-05-31,P004,197,0,56,141,13
1946,2025-06-01,P004,141,0,49,92,9
1947,2025-06-02,P004,92,121,61,152,7
1948,2025-06-03,P004,152,0,56,96,5
1949,2025-06-04,P004,96,0,64,32,11
1950,2025-06-05,P004,32,79,59,79,10
1951,2025-06-06,P004,79,84,45,118,15
1952,2025-06-07,P004,118,133,60,191,2
1953,2025-06-08,P004,191,0,45,146,11
1954,2025-06-09,P004,146,0,55,91,12
1955,2025-06-10,P004,91,100,53,138,2
1956,2025-06-11,P004,138,127,70,195,11
1957,2025-06-12,P004,195,0,47,148,4
1958,2025-06-13,P004,148,126,82,192,4
1959,2025-06-14,P004,192,0,57,135,0
1960,2025-06-15,P004,135,0,52,83,1
1961,2025-06-16,P004,83,91,56,118,12
1962,2025-06-17,P004,118,81,74,125,13
1963,2025-06-18,P004,125,124,60,189,8
1964,2025-06-19,P004,189,0,63,126,13
1965,2025-06-20,P004,126,118,71,173,12
1966,2025-06-21,P004,173,0,50,123,9
1967,2025-06-22,P004,123,87,49,161,5
1968,2025-06-23,P004,161,0,73,88,7
1969,2025-06-24,P004,88,96,59,125,6
1970,2025-06-25,P004,125,87,68,144,7
1971,2025-06-26,P004,144,0,62,82,7
1972,2025-06-27,P004,82,91,45,128,7
1973,2025-06-28,P004,128,97,55,170,9
1974,2025-06-29,P004,170,0,53,117,10
1975,2025-06-30,P004,117,0,56,61,5
1976,2025-07-01,P004,61,134,55,140,5
1977,2025-07-02,P004,140,135,68,207,12
1978,2025-07-03,P004,207,0,66,141,13
1979,2025-07-04,P004,141,0,53,88,13
1980,2025-07-05,P004,88,91,55,124,15
1981,2025-07-06,P004,124,0,47,77,14
1982,2025-07-07,P004,77,0,47,30,2
1983,2025-07-08,P004,30,76,52,76,0
1984,2025-07-09,P004,76,109,66,119,2
1985,2025-07-10,P004,119,76,66,129,6
1986,2025-07-11,P004,129,0,64,65,13
1987,2025-07-12,P004,65,129,58,136,2
1988,2025-07-13,P004,136,0,56,80,14
1989,2025-07-14,P004,80,107,55,132,12
1990,2025-07-15,P004,132,94,62,164,2
1991,2025-07-16,P004,164,0,64,100,12
1992,2025-07-17,P004,100,0,64,36,4
1993,2025-07-18,P004,36,0,66,0,0
1994,2025-07-19,P004,0,97,56,97,0
1995,2025-07-20,P004,97,121,53,165,9
1996,2025-07-21,P004,165,0,65,100,5
1997,2025-07-22,P004,100,123,78,145,2
1998,2025-07-23,P004,145,0,66,79,4
1999,2025-07-24,P004,79,131,55,155,3
2000,2025-07-25,P004,155,0,52,103,11
2001,2025-07-26,P004,103,0,46,57,11
2002,2025-07-27,P004,57,95,51,101,5
2003,2025-07-28,P004,101,0,53,48,2
2004,2025-07-29,P004,48,0,56,0,0
2005,2025-07-30,P004,0,0,45,0,0
2006,2025-07-31,P004,0,0,77,0,0
2007,2025-08-01,P004,0,83,68,83,6
2008,2025-08-02,P004,83,76,58,101,3
2009,2025-08-03,P004,101,0,68,33,1
2010,2025-08-04,P004,33,105,78,105,1
2011,2025-08-05,P004,105,104,55,154,9
2012,2025-08-06,P004,154,0,73,81,9
2013,2025-08-07,P004,81,109,86,109,7
2014,2025-08-08,P004,109,110,63,156,12
2015,2025-08-09,P004,156,0,68,88,8
2016,2025-08-10,P004,88,106,63,131,10
2017,2025-08-11,P004,131,110,70,171,6
2018,2025-08-12,P004,171,0,52,119,3
2019,2025-08-13,P004,119,0,74,45,6
2020,2025-08-14,P004,45,129,62,129,10
2021,2025-08-15,P004,129,0,68,61,7
2022,2025-08-16,P004,61,106,63,106,12
2023,2025-08-17,P004,106,128,73,161,15
2024,2025-08-18,P004,161,0,59,102,9
2025,2025-08-19,P004,102,76,53,125,7
2026,2025-08-20,P004,125,81,75,131,9
2027,2025-08-21,P004,131,92,85,138,13
2028,2025-08-22,P004,138,108,82,164,5
2029,2025-08-23,P004,164,0,63,101,6
2030,2025-08-24,P004,101,104,59,146,6
2031,2025-08-25,P004,146,0,75,71,4
2032,2025-08-26,P004,71,100,65,106,1
2033,2025-08-27,P004,106,108,96,118,9
2034,2025-08-28,P004,118,135,77,176,13
2035,2025-08-29,P004,176,0,79,97,6
2036,2025-08-30,P004,97,0,86,11,5
2037,2025-08-31,P004,11,0,66,0,0
2038,2025-09-01,P004,0,79,67,79,2
2039,2025-09-02,P004,79,118,69,128,11
2040,2025-09-03,P004,128,87,54,161,10
2041,2025-09-04,P004,161,0,65,96,11
2042,2025-09-05,P004,96,75,67,104,2
2043,2025-09-06,P004,104,99,98,105,11
2044,2025-09-07,P004,105,121,65,161,15
2045,2025-09-08,P004,161,0,65,96,1
2046,2025-09-09,P004,96,114,82,128,9
2047,2025-09-10,P004,128,0,80,48,11
2048,2025-09-11,P004,48,112,68,112,3
2049,2025-09-12,P004,112,84,72,124,2
2050,2025-09-13,P004,124,77,65,136,6
2051,2025-09-14,P004,136,117,72,181,15
2052,2025-09-15,P004,181,0,62,119,0
2053,2025-09-16,P004,119,79,65,133,7
2054,2025-09-17,P004,133,0,65,68,13
2055,2025-09-18,P004,68,93,60,101,4
2056,2025-09-19,P004,101,133,63,171,3
2057,2025-09-20,P004,171,0,59,112,0
2058,2025-09-21,P004,112,101,72,141,15
2059,2025-09-22,P004,141,97,73,165,4
2060,2025-09-23,P004,165,0,73,92,2
2061,2025-09-24,P004,92,78,82,88,9
2062,2025-09-25,P004,88,95,73,110,9
2063,2025-09-26,P004,110,118,72,156,10
2064,2025-09-27,P004,156,0,61,95,13
2065,2025-09-28,P004,95,0,62,33,12
2066,2025-09-29,P004,33,86,63,86,5
2067,2025-09-30,P004,86,135,52,169,10
2068,2025-10-01,P004,169,0,75,94,8
2069,2025-10-02,P004,94,81,96,81,14
2070,2025-10-03,P004,81,97,76,102,12
2071,2025-10-04,P004,102,113,64,151,4
2072,2025-10-05,P004,151,0,72,79,6
2073,2025-10-06,P004,79,126,72,133,13
2074,2025-10-07,P004,133,128,70,191,1
2075,2025-10-08,P004,191,0,66,125,14
2076,2025-10-09,P004,125,0,63,62,12
2077,2025-10-10,P004,62,108,77,108,15
2078,2025-10-11,P004,108,90,72,126,10
2079,2025-10-12,P004,126,124,57,193,6
2080,2025-10-13,P004,193,0,62,131,10
2081,2025-10-14,P004,131,131,68,194,11
2082,2025-10-15,P004,194,0,77,117,4
2083,2025-10-16,P004,117,104,54,167,15
2084,2025-10-17,P004,167,0,49,118,0
2085,2025-10-18,P004,118,108,74,152,6
2086,2025-10-19,P004,152,0,49,103,0
2087,2025-10-20,P004,103,103,63,143,12
2088,2025-10-21,P004,143,131,70,204,7
2089,2025-10-22,P004,204,0,63,141,5
2090,2025-10-23,P004,141,88,81,148,5
2091,2025-10-24,P004,148,0,71,77,14
2092,2025-10-25,P004,77,0,64,13,4
2093,2025-10-26,P004,13,89,65,89,4
2094,2025-10-27,P004,89,100,59,130,5
2095,2025-10-28,P004,130,0,77,53,10
2096,2025-10-29,P004,53,130,68,130,6
2097,2025-10-30,P004,130,88,71,147,14
2098,2025-10-31,P004,147,0,62,85,7
2099,2025-11-01,P004,85,0,50,35,4
2100,2025-11-02,P004,35,0,64,0,0
2101,2025-11-03,P004,0,0,75,0,0
2102,2025-11-04,P004,0,135,59,135,13
2103,2025-11-05,P004,135,105,64,176,11
2104,2025-11-06,P004,176,0,81,95,0
2105,2025-11-07,P004,95,78,57,116,10
2106,2025-11-08,P004,116,132,72,176,2
2107,2025-11-09,P004,176,0,53,123,10
2108,2025-11-10,P004,123,78,71,130,6
2109,2025-11-11,P004,130,81,86,125,1
2110,2025-11-12,P004,125,82,75,132,0
2111,2025-11-13,P004,132,92,63,161,6
2112,2025-11-14,P004,161,0,70,91,6
2113,2025-11-15,P004,91,123,58,156,1
2114,2025-11-16,P004,156,0,52,104,1
2115,2025-11-17,P004,104,112,78,138,7
2116,2025-11-18,P004,138,0,61,77,8
2117,2025-11-19,P004,77,112,68,121,13
2118,2025-11-20,P004,121,78,79,120,15
2119,2025-11-21,P004,120,0,48,72,12
2120,2025-11-22,P004,72,117,57,132,12
2121,2025-11-23,P004,132,108,79,161,9
2122,2025-11-24,P004,161,0,79,82,4
2123,2025-11-25,P004,82,86,66,102,14
2124,2025-11-26,P004,102,108,71,139,11
2125,2025-11-27,P004,139,98,66,171,13
2126,2025-11-28,P004,171,0,79,92,9
2127,2025-11-29,P004,92,84,52,124,5
2128,2025-11-30,P004,124,96,96,124,0
2129,2025-12-01,P004,124,88,77,135,4
2130,2025-12-02,P004,135,83,88,130,13
2131,2025-12-03,P004,130,0,82,48,9
2132,2025-12-04,P004,48,83,84,83,5
2133,2025-12-05,P004,83,86,77,92,2
2134,2025-12-06,P004,92,78,68,102,11
2135,2025-12-07,P004,102,107,62,147,3
2136,2025-12-08,P004,147,0,64,83,8
2137,2025-12-09,P004,83,103,71,115,2
2138,2025-12-10,P004,115,86,82,119,0
2139,2025-12-11,P004,119,119,56,182,7
2140,2025-12-12,P004,182,0,59,123,10
2141,2025-12-13,P004,123,106,62,167,14
2142,2025-12-14,P004,167,0,65,102,7
2143,2025-12-15,P004,102,91,72,121,1
2144,2025-12-16,P004,121,90,68,143,12
2145,2025-12-17,P004,143,88,83,148,12
2146,2025-12-18,P004,148,89,85,152,2
2147,2025-12-19,P004,152,0,54,98,15
2148,2025-12-20,P004,98,97,52,143,6
2149,2025-12-21,P004,143,0,60,83,6
2150,2025-12-22,P004,83,87,59,111,9
2151,2025-12-23,P004,111,0,75,36,14
2152,2025-12-24,P004,36,88,88,88,1
2153,2025-12-25,P004,88,0,74,14,11
2154,2025-12-26,P004,14,0,71,0,0
2155,2025-12-27,P004,0,0,55,0,0
2156,2025-12-28,P004,0,104,61,104,13
2157,2025-12-29,P004,104,0,70,34,9
2158,2025-12-30,P004,34,0,69,0,0
2159,2025-12-31,P004,0,0,84,0,0
2160,2026-01-01,P004,0,115,61,115,15
2161,2026-01-02,P004,115,76,51,140,7
2162,2026-01-03,P004,140,0,57,83,15
2163,2026-01-04,P004,83,134,58,159,10
2164,2026-01-05,P004,159,0,72,87,3
2165,2026-01-06,P004,87,0,74,13,10
2166,2026-01-07,P004,13,119,55,119,9
2167,2026-01-08,P004,119,83,54,148,6
2168,2026-01-09,P004,148,0,52,96,13
2169,2026-01-10,P004,96,101,55,142,3
2170,2026-01-11,P004,142,0,60,82,0
2171,2026-01-12,P004,82,76,65,93,10
2172,2026-01-13,P004,93,81,62,112,11
2173,2026-01-14,P004,112,0,62,50,11
2174,2026-01-15,P004,50,81,77,81,1
2175,2026-01-16,P004,81,94,56,119,3
2176,2026-01-17,P004,119,100,70,149,12
2177,2026-01-18,P004,149,0,45,104,3
2178,2026-01-19,P004,104,110,67,147,0
2179,2026-01-20,P004,147,79,81,145,14
2180,2026-01-21,P004,145,0,65,80,4
2181,2026-01-22,P004,80,132,61,151,0
2182,2026-01-23,P004,151,0,79,72,5
2183,2026-01-24,P004,72,0,55,17,6
2184,2026-01-25,P004,17,97,61,97,12
2185,2026-01-26,P004,97,130,45,182,8
2186,2026-01-27,P004,182,0,68,114,5
2187,2026-01-28,P004,114,78,50,142,11
2188,2026-01-29,P004,142,0,56,86,2
2189,2026-01-30,P004,86,100,55,131,15
2190,2026-01-31,P004,131,75,61,145,10
2191,2026-02-01,P004,145,0,44,101,8
2192,2026-02-02,P004,101,123,60,164,4
2193,2026-02-03,P004,164,0,75,89,12
2194,2026-02-04,P004,89,0,52,37,4
2195,2026-02-05,P004,37,124,61,124,2
2196,2026-02-06,P004,124,131,59,196,9
2197,2026-02-07,P004,196,0,61,135,14
2198,2026-02-08,P004,135,0,51,84,2
2199,2026-02-09,P004,84,75,55,104,4
2200,2026-02-10,P004,104,86,64,126,15
2201,2026-02-11,P004,126,77,75,128,15
2202,2026-02-12,P004,128,83,64,147,10
2203,2026-02-13,P004,147,0,65,82,14
2204,2026-02-14,P004,82,128,48,162,4
2205,2026-02-15,P004,162,0,85,77,3
2206,2026-02-16,P004,77,0,69,8,3
2207,2026-02-17,P004,8,126,73,126,6
2208,2026-02-18,P004,126,0,61,65,1
2209,2026-02-19,P004,65,120,63,122,8
2210,2026-02-20,P004,122,0,60,62,6
2211,2026-02-21,P004,62,0,46,16,2
2212,2026-02-22,P004,16,124,55,124,2
2213,2026-02-23,P004,124,116,67,173,8
2214,2026-02-24,P004,173,0,61,112,12
2215,2026-02-25,P004,112,127,58,181,2
2216,2026-02-26,P004,181,0,65,116,2
2217,2026-02-27,P004,116,99,69,146,14
2218,2026-02-28,P004,146,0,52,94,0
2219,2026-03-01,P004,94,111,77,128,15
2220,2026-03-02,P004,128,129,66,191,6
2221,2026-03-03,P004,191,0,59,132,11
2222,2026-03-04,P004,132,0,55,77,0
2223,2026-03-05,P004,77,94,71,100,9
2224,2026-03-06,P004,100,87,61,126,3
2225,2026-03-07,P004,126,89,55,160,3
2226,2026-03-08,P004,160,0,67,93,4
2227,2026-03-09,P004,93,132,80,145,14
2228,2026-03-10,P004,145,0,56,89,0
2229,2026-03-11,P004,89,0,51,38,15
2230,2026-03-12,P004,38,127,67,127,3
2231,2026-03-13,P004,127,116,59,184,0
2232,2026-03-14,P004,184,0,63,121,10
2233,2026-03-15,P004,121,0,44,77,8
2234,2026-03-16,P004,77,103,70,110,13
2235,2026-03-17,P004,110,131,69,172,15
2236,2026-03-18,P004,172,0,75,97,3
2237,2026-03-19,P004,97,128,72,153,12
2238,2026-03-20,P004,153,0,62,91,4
2239,2026-03-21,P004,91,92,51,132,6
2240,2026-03-22,P004,132,119,67,184,3
2241,2026-03-23,P004,184,0,62,122,6
2242,2026-03-24,P004,122,131,71,182,10
2243,2026-03-25,P004,182,0,76,106,7
2244,2026-03-26,P004,106,93,55,144,0
2245,2026-03-27,P004,144,128,77,195,4
2246,2026-03-28,P004,195,0,60,135,0
2247,2026-03-29,P004,135,0,49,86,14
2248,2026-03-30,P004,86,129,55,160,8
2249,2026-03-31,P004,160,0,79,81,11
2250,2026-04-01,P004,81,108,69,120,8
2251,2026-04-02,P004,120,94,61,153,1
2252,2026-04-03,P004,153,85,81,157,14
2253,2026-04-04,P004,157,0,48,109,15
2254,2026-04-05,P004,109,0,62,47,0
2255,2026-04-06,P004,47,110,53,110,1
2256,2026-04-07,P004,110,102,73,139,15
2257,2026-04-08,P004,139,86,75,150,14
2258,2026-04-09,P004,150,0,57,93,6
2259,2026-04-10,P004,93,121,63,151,9
2260,2026-04-11,P004,151,0,58,93,8
2261,2026-04-12,P004,93,0,56,37,11
2262,2026-04-13,P004,37,0,65,0,0
2263,2026-04-14,P004,0,112,75,112,1
2264,2026-04-15,P004,112,106,53,165,9
2265,2026-04-16,P004,165,0,68,97,4
2266,2026-04-17,P004,97,128,78,147,0
2267,2026-04-18,P004,147,0,48,99,6
2268,2026-04-19,P004,99,88,57,130,8
2269,2026-04-20,P004,130,128,56,202,15
2270,2026-04-21,P004,202,0,68,134,3
2271,2026-04-22,P004,134,117,71,180,8
2272,2026-04-23,P004,180,0,67,113,5
2273,2026-04-24,P004,113,131,65,179,11
2274,2026-04-25,P004,179,0,53,126,8
2275,2026-04-26,P004,126,89,54,161,14
2276,2026-04-27,P004,161,0,59,102,7
2277,2026-04-28,P004,102,119,74,147,8
2278,2026-04-29,P004,147,0,55,92,14
2279,2026-04-30,P004,92,94,73,113,13
2280,2026-05-01,P004,113,107,64,156,6
2281,2026-05-02,P004,156,0,47,109,5
2282,2026-05-03,P004,109,96,51,154,7
2283,2026-05-04,P004,154,0,68,86,10
2284,2026-05-05,P004,86,86,56,116,14
2285,2026-05-06,P004,116,0,55,61,8
2286,2026-05-07,P004,61,115,63,115,0
2287,2026-05-08,P004,115,108,75,148,8
2288,2026-05-09,P004,148,0,52,96,15
2289,2026-05-10,P004,96,0,49,47,7
2290,2026-05-11,P004,47,0,78,0,0
2291,2026-05-12,P004,0,131,80,131,15
2292,2026-05-13,P004,131,0,76,55,15
2293,2026-05-14,P004,55,83,61,83,5
2294,2026-05-15,P004,83,80,52,111,5
2295,2026-05-16,P004,111,0,53,58,1
2296,2026-05-17,P004,58,94,57,95,0
2297,2026-05-18,P004,95,88,71,112,8
2298,2026-05-19,P004,112,134,74,172,1
2299,2026-05-20,P004,172,0,71,101,6
2300,2026-05-21,P004,101,127,47,181,15
2301,2026-05-22,P004,181,0,69,112,6
2302,2026-05-23,P004,112,98,53,157,6
2303,2026-05-24,P004,157,0,57,100,11
2304,2026-05-25,P004,100,0,62,38,1
2305,2026-05-26,P004,38,95,75,95,13
2306,2026-05-27,P004,95,87,91,91,12
2307,2026-05-28,P004,91,111,70,132,8
2308,2026-05-29,P004,132,87,60,159,13
2309,2026-05-30,P004,159,0,83,76,10
2310,2026-05-31,P004,76,121,66,131,9
2311,2026-06-01,P004,131,113,62,182,15
2312,2026-06-02,P004,182,0,82,100,10
2313,2026-06-03,P004,100,0,68,32,3
2314,2026-06-04,P004,32,0,64,0,0
2315,2026-06-05,P004,0,95,72,95,10
2316,2026-06-06,P004,95,85,54,126,12
2317,2026-06-07,P004,126,87,64,149,15
2318,2026-06-08,P004,149,0,54,95,10
2319,2026-06-09,P004,95,130,60,165,4
2320,2026-06-10,P004,165,0,56,109,6
2321,2026-06-11,P004,109,116,71,154,12
2322,2026-06-12,P004,154,0,63,91,3
2323,2026-06-13,P004,91,101,56,136,12
2324,2026-06-14,P004,136,127,71,192,9
2325,2026-06-15,P004,192,0,65,127,5
2326,2026-06-16,P004,127,126,64,189,1
2327,2026-06-17,P004,189,0,57,132,2
2328,2026-06-18,P004,132,0,56,76,3
2329,2026-06-19,P004,76,121,67,130,3
2330,2026-06-20,P004,130,86,57,159,9
2331,2026-06-21,P004,159,0,72,87,14
2332,2026-06-22,P004,87,123,69,141,11
2333,2026-06-23,P004,141,0,57,84,8
2334,2026-06-24,P004,84,82,59,107,2
2335,2026-06-25,P004,107,0,72,35,8
2336,2026-06-26,P004,35,0,71,0,0
2337,2026-06-27,P004,0,92,57,92,15
2338,2026-06-28,P004,92,81,55,118,5
2339,2026-06-29,P004,118,0,69,49,13
2340,2026-06-30,P004,49,115,56,115,8
2341,2026-07-01,P004,115,0,78,37,0
2342,2026-07-02,P004,37,126,67,126,7
2343,2026-07-03,P004,126,87,71,142,7
2344,2026-07-04,P004,142,0,56,86,8
2345,2026-07-05,P004,86,0,55,31,13
2346,2026-07-06,P004,31,111,66,111,6
2347,2026-07-07,P004,111,117,65,163,10
2348,2026-07-08,P004,163,0,63,100,13
2349,2026-07-09,P004,100,0,68,32,3
2350,2026-07-10,P004,32,109,65,109,4
2351,2026-07-11,P004,109,135,65,179,6
2352,2026-07-12,P004,179,0,65,114,1
2353,2026-07-13,P004,114,94,63,145,15
2354,2026-07-14,P004,145,0,55,90,12
2355,2026-07-15,P004,90,111,73,128,13
2356,2026-07-16,P004,128,122,80,170,11
2357,2026-07-17,P004,170,0,62,108,13
2358,2026-07-18,P004,108,92,70,130,6
2359,2026-07-19,P004,130,0,42,88,7
2360,2026-07-20,P004,88,94,72,110,8
2361,2026-07-21,P004,110,99,53,156,15
2362,2026-07-22,P004,156,0,55,101,12
2363,2026-07-23,P004,101,122,57,166,6
2364,2026-07-24,P004,166,0,71,95,4
2365,2026-07-25,P004,95,85,49,131,3
2366,2026-07-26,P004,131,116,95,152,7
2367,2026-07-27,P004,152,0,65,87,15
2368,2026-07-28,P004,87,0,56,31,10
2369,2026-07-29,P004,31,117,51,117,5
2370,2026-07-30,P004,117,108,77,148,7
2371,2026-07-31,P004,148,0,60,88,2
2372,2026-08-01,P004,88,80,57,111,12
2373,2026-08-02,P004,111,107,74,144,13
2374,2026-08-03,P004,144,91,74,161,8
2375,2026-08-04,P004,161,0,86,75,14
2376,2026-08-05,P004,75,102,99,102,14
2377,2026-08-06,P004,102,75,67,110,14
2378,2026-08-07,P004,110,80,68,122,3
2379,2026-08-08,P004,122,91,82,131,8
2380,2026-08-09,P004,131,0,64,67,4
2381,2026-08-10,P004,67,113,70,113,15
2382,2026-08-11,P004,113,0,68,45,2
2383,2026-08-12,P004,45,123,81,123,14
2384,2026-08-13,P004,123,120,83,160,3
2385,2026-08-14,P004,160,0,82,78,10
2386,2026-08-15,P004,78,111,59,130,14
2387,2026-08-16,P004,130,127,72,185,0
2388,2026-08-17,P004,185,0,64,121,11
2389,2026-08-18,P004,121,79,90,110,2
2390,2026-08-19,P004,110,129,80,159,9
2391,2026-08-20,P004,159,0,59,100,10
2392,2026-08-21,P004,100,82,65,117,3
2393,2025-01-01,P005,213,0,32,181,9
2394,2025-01-02,P005,181,0,41,140,5
2395,2025-01-03,P005,140,0,38,102,12
2396,2025-01-04,P005,102,106,28,180,4
2397,2025-01-05,P005,180,0,30,150,14
2398,2025-01-06,P005,150,0,34,116,9
2399,2025-01-07,P005,116,135,40,211,2
2400,2025-01-08,P005,211,0,39,172,5
2401,2025-01-09,P005,172,0,36,136,5
2402,2025-01-10,P005,136,0,40,96,10
2403,2025-01-11,P005,96,0,32,64,6
2404,2025-01-12,P005,64,93,33,124,3
2405,2025-01-13,P005,124,120,47,197,11
2406,2025-01-14,P005,197,0,45,152,14
2407,2025-01-15,P005,152,0,33,119,8
2408,2025-01-16,P005,119,101,43,177,3
2409,2025-01-17,P005,177,0,43,134,1
2410,2025-01-18,P005,134,0,30,104,0
2411,2025-01-19,P005,104,112,44,172,8
2412,2025-01-20,P005,172,0,46,126,12
2413,2025-01-21,P005,126,0,34,92,1
2414,2025-01-22,P005,92,0,35,57,3
2415,2025-01-23,P005,57,0,44,13,2
2416,2025-01-24,P005,13,135,50,135,8
2417,2025-01-25,P005,135,0,37,98,14
2418,2025-01-26,P005,98,0,36,62,12
2419,2025-01-27,P005,62,119,54,127,3
2420,2025-01-28,P005,127,0,33,94,10
2421,2025-01-29,P005,94,99,44,149,0
2422,2025-01-30,P005,149,0,51,98,13
2423,2025-01-31,P005,98,96,38,156,8
2424,2025-02-01,P005,156,0,34,122,4
2425,2025-02-02,P005,122,135,33,224,14
2426,2025-02-03,P005,224,0,48,176,0
2427,2025-02-04,P005,176,0,42,134,6
2428,2025-02-05,P005,134,0,39,95,10
2429,2025-02-06,P005,95,95,45,145,12
2430,2025-02-07,P005,145,0,38,107,8
2431,2025-02-08,P005,107,157,37,227,5
2432,2025-02-09,P005,227,0,30,197,7
2433,2025-02-10,P005,197,0,48,149,11
2434,2025-02-11,P005,149,0,38,111,8
2435,2025-02-12,P005,111,154,40,225,15
2436,2025-02-13,P005,225,0,38,187,12
2437,2025-02-14,P005,187,0,50,137,2
2438,2025-02-15,P005,137,0,38,99,13
2439,2025-02-16,P005,99,156,33,222,9
2440,2025-02-17,P005,222,0,32,190,2
2441,2025-02-18,P005,190,0,55,135,5
2442,2025-02-19,P005,135,120,46,209,9
2443,2025-02-20,P005,209,0,33,176,12
2444,2025-02-21,P005,176,0,43,133,1
2445,2025-02-22,P005,133,0,41,92,11
2446,2025-02-23,P005,92,116,36,172,15
2447,2025-02-24,P005,172,0,41,131,1
2448,2025-02-25,P005,131,0,39,92,12
2449,2025-02-26,P005,92,108,36,164,7
2450,2025-02-27,P005,164,0,36,128,10
2451,2025-02-28,P005,128,0,35,93,4
2452,2025-03-01,P005,93,116,33,176,12
2453,2025-03-02,P005,176,0,36,140,2
2454,2025-03-03,P005,140,0,38,102,3
2455,2025-03-04,P005,102,156,45,213,15
2456,2025-03-05,P005,213,0,48,165,1
2457,2025-03-06,P005,165,0,38,127,10
2458,2025-03-07,P005,127,145,42,230,5
2459,2025-03-08,P005,230,0,39,191,8
2460,2025-03-09,P005,191,0,38,153,15
2461,2025-03-10,P005,153,0,42,111,11
2462,2025-03-11,P005,111,0,46,65,15
2463,2025-03-12,P005,65,0,44,21,1
2464,2025-03-13,P005,21,122,35,122,13
2465,2025-03-14,P005,122,138,45,215,8
2466,2025-03-15,P005,215,0,41,174,7
2467,2025-03-16,P005,174,0,33,141,11
2468,2025-03-17,P005,141,95,52,184,3
2469,2025-03-18,P005,184,0,44,140,13
2470,2025-03-19,P005,140,0,41,99,13
2471,2025-03-20,P005,99,160,47,212,13
2472,2025-03-21,P005,212,0,53,159,14
2473,2025-03-22,P005,159,0,33,126,14
2474,2025-03-23,P005,126,0,30,96,10
2475,2025-03-24,P005,96,107,43,160,9
2476,2025-03-25,P005,160,0,45,115,14
2477,2025-03-26,P005,115,117,40,192,6
2478,2025-03-27,P005,192,0,50,142,1
2479,2025-03-28,P005,142,0,35,107,7
2480,2025-03-29,P005,107,99,39,167,6
2481,2025-03-30,P005,167,0,34,133,4
2482,2025-03-31,P005,133,92,50,175,7
2483,2025-04-01,P005,175,0,51,124,12
2484,2025-04-02,P005,124,0,38,86,11
2485,2025-04-03,P005,86,126,38,174,4
2486,2025-04-04,P005,174,0,46,128,6
2487,2025-04-05,P005,128,0,35,93,12
2488,2025-04-06,P005,93,147,36,204,0
2489,2025-04-07,P005,204,0,41,163,6
2490,2025-04-08,P005,163,0,32,131,14
2491,2025-04-09,P005,131,99,42,188,13
2492,2025-04-10,P005,188,0,38,150,10
2493,2025-04-11,P005,150,0,39,111,0
2494,2025-04-12,P005,111,141,43,209,3
2495,2025-04-13,P005,209,0,31,178,4
2496,2025-04-14,P005,178,0,46,132,1
2497,2025-04-15,P005,132,0,40,92,8
2498,2025-04-16,P005,92,0,40,52,10
2499,2025-04-17,P005,52,138,45,145,10
2500,2025-04-18,P005,145,0,44,101,13
2501,2025-04-19,P005,101,139,40,200,6
2502,2025-04-20,P005,200,0,41,159,12
2503,2025-04-21,P005,159,0,41,118,6
2504,2025-04-22,P005,118,0,39,79,3
2505,2025-04-23,P005,79,108,37,150,4
2506,2025-04-24,P005,150,0,38,112,5
2507,2025-04-25,P005,112,97,57,152,9
2508,2025-04-26,P005,152,0,42,110,5
2509,2025-04-27,P005,110,119,31,198,15
2510,2025-04-28,P005,198,0,36,162,5
2511,2025-04-29,P005,162,0,43,119,0
2512,2025-04-30,P005,119,158,44,233,14
2513,2025-05-01,P005,233,0,42,191,6
2514,2025-05-02,P005,191,0,51,140,15
2515,2025-05-03,P005,140,0,35,105,1
2516,2025-05-04,P005,105,0,36,69,2
2517,2025-05-05,P005,69,115,40,144,10
2518,2025-05-06,P005,144,0,30,114,14
2519,2025-05-07,P005,114,0,39,75,6
2520,2025-05-08,P005,75,150,36,189,11
2521,2025-05-09,P005,189,0,40,149,0
2522,2025-05-10,P005,149,0,47,102,2
2523,2025-05-11,P005,102,106,50,158,4
2524,2025-05-12,P005,158,0,39,119,4
2525,2025-05-13,P005,119,0,43,76,2
2526,2025-05-14,P005,76,146,43,179,0
2527,2025-05-15,P005,179,0,42,137,9
2528,2025-05-16,P005,137,0,44,93,10
2529,2025-05-17,P005,93,0,44,49,8
2530,2025-05-18,P005,49,160,31,178,10
2531,2025-05-19,P005,178,0,42,136,1
2532,2025-05-20,P005,136,0,42,94,15
2533,2025-05-21,P005,94,100,43,151,2
2534,2025-05-22,P005,151,0,35,116,7
2535,2025-05-23,P005,116,158,37,237,4
2536,2025-05-24,P005,237,0,34,203,6
2537,2025-05-25,P005,203,0,41,162,13
2538,2025-05-26,P005,162,0,45,117,13
2539,2025-05-27,P005,117,120,34,203,4
2540,2025-05-28,P005,203,0,40,163,13
2541,2025-05-29,P005,163,0,38,125,7
2542,2025-05-30,P005,125,160,39,246,0
2543,2025-05-31,P005,246,0,35,211,0
2544,2025-06-01,P005,211,0,34,177,6
2545,2025-06-02,P005,177,0,52,125,7
2546,2025-06-03,P005,125,120,41,204,13
2547,2025-06-04,P005,204,0,34,170,14
2548,2025-06-05,P005,170,0,39,131,6
2549,2025-06-06,P005,131,0,46,85,12
2550,2025-06-07,P005,85,97,44,138,9
2551,2025-06-08,P005,138,0,29,109,15
2552,2025-06-09,P005,109,99,31,177,9
2553,2025-06-10,P005,177,0,50,127,11
2554,2025-06-11,P005,127,0,56,71,13
2555,2025-06-12,P005,71,130,36,165,3
2556,2025-06-13,P005,165,0,44,121,3
2557,2025-06-14,P005,121,0,24,97,2
2558,2025-06-15,P005,97,126,35,188,4
2559,2025-06-16,P005,188,0,43,145,5
2560,2025-06-17,P005,145,0,45,100,5
2561,2025-06-18,P005,100,0,39,61,2
2562,2025-06-19,P005,61,152,42,171,10
2563,2025-06-20,P005,171,0,37,134,6
2564,2025-06-21,P005,134,0,36,98,4
2565,2025-06-22,P005,98,94,32,160,2
2566,2025-06-23,P005,160,0,40,120,0
2567,2025-06-24,P005,120,119,49,190,4
2568,2025-06-25,P005,190,0,51,139,4
2569,2025-06-26,P005,139,153,60,232,9
2570,2025-06-27,P005,232,0,40,192,14
2571,2025-06-28,P005,192,0,37,155,7
2572,2025-06-29,P005,155,0,29,126,1
2573,2025-06-30,P005,126,129,38,217,8
2574,2025-07-01,P005,217,0,40,177,3
2575,2025-07-02,P005,177,0,52,125,0
2576,2025-07-03,P005,125,158,36,247,6
2577,2025-07-04,P005,247,0,49,198,9
2578,2025-07-05,P005,198,0,40,158,8
2579,2025-07-06,P005,158,0,37,121,8
2580,2025-07-07,P005,121,121,51,191,15
2581,2025-07-08,P005,191,0,42,149,9
2582,2025-07-09,P005,149,0,44,105,4
2583,2025-07-10,P005,105,128,41,192,2
2584,2025-07-11,P005,192,0,47,145,15
2585,2025-07-12,P005,145,0,40,105,10
2586,2025-07-13,P005,105,150,33,222,15
2587,2025-07-14,P005,222,0,34,188,1
2588,2025-07-15,P005,188,0,40,148,4
2589,2025-07-16,P005,148,0,37,111,6
2590,2025-07-17,P005,111,154,40,225,6
2591,2025-07-18,P005,225,0,46,179,2
2592,2025-07-19,P005,179,0,33,146,1
2593,2025-07-20,P005,146,0,36,110,2
2594,2025-07-21,P005,110,98,41,167,2
2595,2025-07-22,P005,167,0,45,122,0
2596,2025-07-23,P005,122,0,29,93,9
2597,2025-07-24,P005,93,146,38,201,5
2598,2025-07-25,P005,201,0,41,160,7
2599,2025-07-26,P005,160,0,42,118,9
2600,2025-07-27,P005,118,0,33,85,0
2601,2025-07-28,P005,85,109,31,163,9
2602,2025-07-29,P005,163,0,44,119,4
2603,2025-07-30,P005,119,131,37,213,12
2604,2025-07-31,P005,213,0,35,178,6
2605,2025-08-01,P005,178,0,54,124,3
2606,2025-08-02,P005,124,138,43,219,5
2607,2025-08-03,P005,219,0,41,178,13
2608,2025-08-04,P005,178,0,35,143,9
2609,2025-08-05,P005,143,98,56,185,14
2610,2025-08-06,P005,185,0,74,111,14
2611,2025-08-07,P005,111,159,51,219,13
2612,2025-08-08,P005,219,0,69,150,2
2613,2025-08-09,P005,150,0,44,106,15
2614,2025-08-10,P005,106,0,42,64,14
2615,2025-08-11,P005,64,162,53,173,13
2616,2025-08-12,P005,173,0,51,122,4
2617,2025-08-13,P005,122,92,46,168,9
2618,2025-08-14,P005,168,0,51,117,5
2619,2025-08-15,P005,117,153,50,220,11
2620,2025-08-16,P005,220,0,51,169,2
2621,2025-08-17,P005,169,0,48,121,1
2622,2025-08-18,P005,121,0,55,66,9
2623,2025-08-19,P005,66,93,50,109,4
2624,2025-08-20,P005,109,112,59,162,6
2625,2025-08-21,P005,162,0,53,109,1
2626,2025-08-22,P005,109,102,45,166,3
2627,2025-08-23,P005,166,0,62,104,15
2628,2025-08-24,P005,104,110,58,156,10
2629,2025-08-25,P005,156,0,46,110,3
2630,2025-08-26,P005,110,109,57,162,0
2631,2025-08-27,P005,162,0,49,113,1
2632,2025-08-28,P005,113,143,51,205,0
2633,2025-08-29,P005,205,0,51,154,11
2634,2025-08-30,P005,154,0,46,108,8
2635,2025-08-31,P005,108,93,54,147,11
2636,2025-09-01,P005,147,0,53,94,1
2637,2025-09-02,P005,94,132,49,177,2
2638,2025-09-03,P005,177,0,56,121,15
2639,2025-09-04,P005,121,91,44,168,8
2640,2025-09-05,P005,168,0,54,114,4
2641,2025-09-06,P005,114,126,56,184,15
2642,2025-09-07,P005,184,0,57,127,6
2643,2025-09-08,P005,127,0,44,83,14
2644,2025-09-09,P005,83,146,44,185,10
2645,2025-09-10,P005,185,0,41,144,4
2646,2025-09-11,P005,144,0,44,100,12
2647,2025-09-12,P005,100,111,46,165,8
2648,2025-09-13,P005,165,0,37,128,9
2649,2025-09-14,P005,128,119,43,204,6
2650,2025-09-15,P005,204,0,55,149,10
2651,2025-09-16,P005,149,0,43,106,1
2652,2025-09-17,P005,106,0,57,49,2
2653,2025-09-18,P005,49,151,70,151,15
2654,2025-09-19,P005,151,0,54,97,0
2655,2025-09-20,P005,97,120,40,177,6
2656,2025-09-21,P005,177,0,47,130,10
2657,2025-09-22,P005,130,115,41,204,10
2658,2025-09-23,P005,204,0,54,150,0
2659,2025-09-24,P005,150,0,53,97,13
2660,2025-09-25,P005,97,129,54,172,2
2661,2025-09-26,P005,172,0,44,128,11
2662,2025-09-27,P005,128,96,39,185,6
2663,2025-09-28,P005,185,0,45,140,5
2664,2025-09-29,P005,140,0,43,97,12
2665,2025-09-30,P005,97,0,53,44,8
2666,2025-10-01,P005,44,102,42,104,9
2667,2025-10-02,P005,104,125,52,177,7
2668,2025-10-03,P005,177,0,40,137,9
2669,2025-10-04,P005,137,0,46,91,3
2670,2025-10-05,P005,91,154,48,197,4
2671,2025-10-06,P005,197,0,43,154,9
2672,2025-10-07,P005,154,0,49,105,11
2673,2025-10-08,P005,105,147,50,202,9
2674,2025-10-09,P005,202,0,43,159,13
2675,2025-10-10,P005,159,0,44,115,9
2676,2025-10-11,P005,115,115,34,196,7
2677,2025-10-12,P005,196,0,44,152,1
2678,2025-10-13,P005,152,0,39,113,8
2679,2025-10-14,P005,113,117,51,179,1
2680,2025-10-15,P005,179,0,58,121,10
2681,2025-10-16,P005,121,100,71,150,3
2682,2025-10-17,P005,150,0,46,104,11
2683,2025-10-18,P005,104,134,42,196,7
2684,2025-10-19,P005,196,0,48,148,10
2685,2025-10-20,P005,148,0,49,99,0
2686,2025-10-21,P005,99,0,52,47,13
2687,2025-10-22,P005,47,109,51,109,11
2688,2025-10-23,P005,109,0,40,69,1
2689,2025-10-24,P005,69,125,51,143,2
2690,2025-10-25,P005,143,0,47,96,8
2691,2025-10-26,P005,96,146,38,204,6
2692,2025-10-27,P005,204,0,53,151,7
2693,2025-10-28,P005,151,0,46,105,6
2694,2025-10-29,P005,105,116,50,171,12
2695,2025-10-30,P005,171,0,50,121,11
2696,2025-10-31,P005,121,160,54,227,10
2697,2025-11-01,P005,227,0,45,182,1
2698,2025-11-02,P005,182,0,35,147,5
2699,2025-11-03,P005,147,0,51,96,4
2700,2025-11-04,P005,96,158,54,200,0
2701,2025-11-05,P005,200,0,53,147,11
2702,2025-11-06,P005,147,0,52,95,6
2703,2025-11-07,P005,95,128,59,164,15
2704,2025-11-08,P005,164,0,49,115,4
2705,2025-11-09,P005,115,137,46,206,2
2706,2025-11-10,P005,206,0,56,150,6
2707,2025-11-11,P005,150,0,50,100,5
2708,2025-11-12,P005,100,0,46,54,8
2709,2025-11-13,P005,54,99,48,105,6
2710,2025-11-14,P005,105,102,56,151,8
2711,2025-11-15,P005,151,0,39,112,13
2712,2025-11-16,P005,112,111,48,175,1
2713,2025-11-17,P005,175,0,49,126,3
2714,2025-11-18,P005,126,95,47,174,14
2715,2025-11-19,P005,174,0,50,124,7
2716,2025-11-20,P005,124,90,49,165,14
2717,2025-11-21,P005,165,0,50,115,14
2718,2025-11-22,P005,115,143,48,210,1
2719,2025-11-23,P005,210,0,42,168,3
2720,2025-11-24,P005,168,0,67,101,0
2721,2025-11-25,P005,101,118,60,159,3
2722,2025-11-26,P005,159,0,48,111,14
2723,2025-11-27,P005,111,129,41,199,13
2724,2025-11-28,P005,199,0,61,138,6
2725,2025-11-29,P005,138,137,56,219,11
2726,2025-11-30,P005,219,0,42,177,7
2727,2025-12-01,P005,177,0,55,122,7
2728,2025-12-02,P005,122,0,58,64,14
2729,2025-12-03,P005,64,0,44,20,10
2730,2025-12-04,P005,20,153,46,153,10
2731,2025-12-05,P005,153,0,58,95,4
2732,2025-12-06,P005,95,159,54,200,12
2733,2025-12-07,P005,200,0,47,153,3
2734,2025-12-08,P005,153,0,46,107,5
2735,2025-12-09,P005,107,0,59,48,5
2736,2025-12-10,P005,48,92,45,95,1
2737,2025-12-11,P005,95,130,50,175,6
2738,2025-12-12,P005,175,0,61,114,15
2739,2025-12-13,P005,114,0,49,65,10
2740,2025-12-14,P005,65,0,46,19,2
2741,2025-12-15,P005,19,133,51,133,1
2742,2025-12-16,P005,133,113,50,196,4
2743,2025-12-17,P005,196,0,68,128,15
2744,2025-12-18,P005,128,0,52,76,8
2745,2025-12-19,P005,76,157,32,201,15
2746,2025-12-20,P005,201,0,44,157,11
2747,2025-12-21,P005,157,0,43,114,15
2748,2025-12-22,P005,114,0,40,74,8
2749,2025-12-23,P005,74,0,49,25,7
2750,2025-12-24,P005,25,161,48,161,1
2751,2025-12-25,P005,161,0,56,105,5
2752,2025-12-26,P005,105,129,61,173,5
2753,2025-12-27,P005,173,0,39,134,3
2754,2025-12-28,P005,134,0,43,91,9
2755,2025-12-29,P005,91,158,45,204,9
2756,2025-12-30,P005,204,0,50,154,2
2757,2025-12-31,P005,154,0,47,107,12
2758,2026-01-01,P005,107,125,40,192,9
2759,2026-01-02,P005,192,0,37,155,15
2760,2026-01-03,P005,155,0,42,113,14
2761,2026-01-04,P005,113,113,38,188,15
2762,2026-01-05,P005,188,0,40,148,13
2763,2026-01-06,P005,148,0,47,101,6
2764,2026-01-07,P005,101,109,37,173,0
2765,2026-01-08,P005,173,0,45,128,11
2766,2026-01-09,P005,128,100,62,166,11
2767,2026-01-10,P005,166,0,37,129,14
2768,2026-01-11,P005,129,0,39,90,0
2769,2026-01-12,P005,90,135,40,185,6
2770,2026-01-13,P005,185,0,40,145,7
2771,2026-01-14,P005,145,0,39,106,0
2772,2026-01-15,P005,106,122,39,189,8
2773,2026-01-16,P005,189,0,40,149,3
2774,2026-01-17,P005,149,0,30,119,11
2775,2026-01-18,P005,119,0,33,86,4
2776,2026-01-19,P005,86,156,40,202,15
2777,2026-01-20,P005,202,0,41,161,9
2778,2026-01-21,P005,161,0,41,120,9
2779,2026-01-22,P005,120,153,45,228,6
2780,2026-01-23,P005,228,0,43,185,3
2781,2026-01-24,P005,185,0,40,145,8
2782,2026-01-25,P005,145,0,34,111,0
2783,2026-01-26,P005,111,92,34,169,7
2784,2026-01-27,P005,169,0,37,132,0
2785,2026-01-28,P005,132,0,42,90,1
2786,2026-01-29,P005,90,90,42,138,7
2787,2026-01-30,P005,138,0,38,100,2
2788,2026-01-31,P005,100,128,31,197,0
2789,2026-02-01,P005,197,0,37,160,15
2790,2026-02-02,P005,160,0,46,114,11
2791,2026-02-03,P005,114,149,44,219,13
2792,2026-02-04,P005,219,0,41,178,5
2793,2026-02-05,P005,178,0,38,140,2
2794,2026-02-06,P005,140,0,39,101,13
2795,2026-02-07,P005,101,0,39,62,8
2796,2026-02-08,P005,62,126,36,152,7
2797,2026-02-09,P005,152,0,47,105,1
2798,2026-02-10,P005,105,128,36,197,8
2799,2026-02-11,P005,197,0,41,156,15
2800,2026-02-12,P005,156,0,42,114,10
2801,2026-02-13,P005,114,0,44,70,0
2802,2026-02-14,P005,70,108,49,129,7
2803,2026-02-15,P005,129,157,41,245,3
2804,2026-02-16,P005,245,0,36,209,12
2805,2026-02-17,P005,209,0,40,169,2
2806,2026-02-18,P005,169,0,32,137,7
2807,2026-02-19,P005,137,0,46,91,14
2808,2026-02-20,P005,91,131,41,181,0
2809,2026-02-21,P005,181,0,43,138,15
2810,2026-02-22,P005,138,0,38,100,7
2811,2026-02-23,P005,100,108,40,168,15
2812,2026-02-24,P005,168,0,38,130,3
2813,2026-02-25,P005,130,118,51,197,11
2814,2026-02-26,P005,197,0,41,156,10
2815,2026-02-27,P005,156,0,49,107,9
2816,2026-02-28,P005,107,129,41,195,13
2817,2026-03-01,P005,195,0,42,153,13
2818,2026-03-02,P005,153,0,46,107,6
2819,2026-03-03,P005,107,159,49,217,14
2820,2026-03-04,P005,217,0,35,182,5
2821,2026-03-05,P005,182,0,46,136,1
2822,2026-03-06,P005,136,111,47,200,6
2823,2026-03-07,P005,200,0,42,158,7
2824,2026-03-08,P005,158,0,39,119,4
2825,2026-03-09,P005,119,151,46,224,1
2826,2026-03-10,P005,224,0,55,169,9
2827,2026-03-11,P005,169,0,49,120,8
2828,2026-03-12,P005,120,107,43,184,15
2829,2026-03-13,P005,184,0,54,130,9
2830,2026-03-14,P005,130,138,41,227,11
2831,2026-03-15,P005,227,0,31,196,10
2832,2026-03-16,P005,196,0,48,148,10
2833,2026-03-17,P005,148,123,72,199,11
2834,2026-03-18,P005,199,0,41,158,1
2835,2026-03-19,P005,158,0,43,115,5
2836,2026-03-20,P005,115,121,42,194,3
2837,2026-03-21,P005,194,0,46,148,0
2838,2026-03-22,P005,148,0,49,99,3
2839,2026-03-23,P005,99,125,56,168,0
2840,2026-03-24,P005,168,0,47,121,10
2841,2026-03-25,P005,121,101,50,172,8
2842,2026-03-26,P005,172,0,40,132,7
2843,2026-03-27,P005,132,156,71,217,5
2844,2026-03-28,P005,217,0,35,182,15
2845,2026-03-29,P005,182,0,43,139,7
2846,2026-03-30,P005,139,0,40,99,15
2847,2026-03-31,P005,99,124,44,179,1
2848,2026-04-01,P005,179,0,42,137,8
2849,2026-04-02,P005,137,0,41,96,8
2850,2026-04-03,P005,96,101,45,152,2
2851,2026-04-04,P005,152,0,39,113,6
2852,2026-04-05,P005,113,0,45,68,4
2853,2026-04-06,P005,68,94,40,122,13
2854,2026-04-07,P005,122,99,50,171,9
2855,2026-04-08,P005,171,0,55,116,13
2856,2026-04-09,P005,116,117,45,188,11
2857,2026-04-10,P005,188,0,41,147,8
2858,2026-04-11,P005,147,0,41,106,14
2859,2026-04-12,P005,106,121,49,178,15
2860,2026-04-13,P005,178,0,56,122,1
2861,2026-04-14,P005,122,131,40,213,10
2862,2026-04-15,P005,213,0,51,162,11
2863,2026-04-16,P005,162,0,43,119,12
2864,2026-04-17,P005,119,160,49,230,3
2865,2026-04-18,P005,230,0,40,190,8
2866,2026-04-19,P005,190,0,38,152,3
2867,2026-04-20,P005,152,0,44,108,11
2868,2026-04-21,P005,108,148,43,213,3
2869,2026-04-22,P005,213,0,51,162,1
2870,2026-04-23,P005,162,0,50,112,14
2871,2026-04-24,P005,112,0,41,71,4
2872,2026-04-25,P005,71,114,46,139,13
2873,2026-04-26,P005,139,0,32,107,13
2874,2026-04-27,P005,107,158,43,222,11
2875,2026-04-28,P005,222,0,42,180,3
2876,2026-04-29,P005,180,0,39,141,8
2877,2026-04-30,P005,141,0,44,97,3
2878,2026-05-01,P005,97,155,43,209,5
2879,2026-05-02,P005,209,0,43,166,14
2880,2026-05-03,P005,166,0,39,127,8
2881,2026-05-04,P005,127,0,35,92,10
2882,2026-05-05,P005,92,125,36,181,11
2883,2026-05-06,P005,181,0,40,141,13
2884,2026-05-07,P005,141,0,44,97,11
2885,2026-05-08,P005,97,0,30,67,4
2886,2026-05-09,P005,67,0,38,29,0
2887,2026-05-10,P005,29,114,35,114,7
2888,2026-05-11,P005,114,119,47,186,13
2889,2026-05-12,P005,186,0,43,143,9
2890,2026-05-13,P005,143,0,49,94,6
2891,2026-05-14,P005,94,119,41,172,15
2892,2026-05-15,P005,172,0,34,138,3
2893,2026-05-16,P005,138,0,40,98,5
2894,2026-05-17,P005,98,140,47,191,7
2895,2026-05-18,P005,191,0,48,143,1
2896,2026-05-19,P005,143,97,59,181,10
2897,2026-05-20,P005,181,0,31,150,6
2898,2026-05-21,P005,150,0,52,98,0
2899,2026-05-22,P005,98,159,44,213,12
2900,2026-05-23,P005,213,0,38,175,6
2901,2026-05-24,P005,175,0,40,135,4
2902,2026-05-25,P005,135,96,56,175,5
2903,2026-05-26,P005,175,0,49,126,12
2904,2026-05-27,P005,126,130,44,212,15
2905,2026-05-28,P005,212,0,34,178,9
2906,2026-05-29,P005,178,0,44,134,15
2907,2026-05-30,P005,134,0,36,98,8
2908,2026-05-31,P005,98,115,32,181,12
2909,2026-06-01,P005,181,0,45,136,12
2910,2026-06-02,P005,136,131,48,219,4
2911,2026-06-03,P005,219,0,43,176,3
2912,2026-06-04,P005,176,0,62,114,12
2913,2026-06-05,P005,114,121,54,181,9
2914,2026-06-06,P005,181,0,46,135,1
2915,2026-06-07,P005,135,0,39,96,5
2916,2026-06-08,P005,96,0,52,44,14
2917,2026-06-09,P005,44,90,44,90,6
2918,2026-06-10,P005,90,116,45,161,8
2919,2026-06-11,P005,161,0,41,120,12
2920,2026-06-12,P005,120,115,54,181,11
2921,2026-06-13,P005,181,0,33,148,7
2922,2026-06-14,P005,148,0,43,105,10
2923,2026-06-15,P005,105,0,47,58,5
2924,2026-06-16,P005,58,131,41,148,9
2925,2026-06-17,P005,148,0,42,106,4
2926,2026-06-18,P005,106,143,44,205,4
2927,2026-06-19,P005,205,0,47,158,13
2928,2026-06-20,P005,158,0,40,118,14
2929,2026-06-21,P005,118,0,47,71,5
2930,2026-06-22,P005,71,0,47,24,15
2931,2026-06-23,P005,24,116,53,116,13
2932,2026-06-24,P005,116,101,38,179,13
2933,2026-06-25,P005,179,0,38,141,12
2934,2026-06-26,P005,141,0,51,90,14
2935,2026-06-27,P005,90,108,41,157,3
2936,2026-06-28,P005,157,0,47,110,14
2937,2026-06-29,P005,110,147,40,217,11
2938,2026-06-30,P005,217,0,46,171,8
2939,2026-07-01,P005,171,0,33,138,2
2940,2026-07-02,P005,138,0,39,99,9
2941,2026-07-03,P005,99,151,45,205,5
2942,2026-07-04,P005,205,0,33,172,0
2943,2026-07-05,P005,172,0,53,119,8
2944,2026-07-06,P005,119,118,42,195,14
2945,2026-07-07,P005,195,0,50,145,12
2946,2026-07-08,P005,145,0,39,106,14
2947,2026-07-09,P005,106,145,47,204,4
2948,2026-07-10,P005,204,0,29,175,14
2949,2026-07-11,P005,175,0,41,134,12
2950,2026-07-12,P005,134,124,45,213,7
2951,2026-07-13,P005,213,0,54,159,13
2952,2026-07-14,P005,159,0,45,114,1
2953,2026-07-15,P005,114,118,47,185,1
2954,2026-07-16,P005,185,0,55,130,1
2955,2026-07-17,P005,130,0,42,88,5
2956,2026-07-18,P005,88,117,51,154,2
2957,2026-07-19,P005,154,0,41,113,15
2958,2026-07-20,P005,113,116,52,177,11
2959,2026-07-21,P005,177,0,54,123,13
2960,2026-07-22,P005,123,113,36,200,2
2961,2026-07-23,P005,200,0,42,158,3
2962,2026-07-24,P005,158,0,42,116,14
2963,2026-07-25,P005,116,103,40,179,12
2964,2026-07-26,P005,179,0,33,146,4
2965,2026-07-27,P005,146,0,48,98,12
2966,2026-07-28,P005,98,157,54,201,15
2967,2026-07-29,P005,201,0,43,158,14
2968,2026-07-30,P005,158,0,38,120,7
2969,2026-07-31,P005,120,104,36,188,1
2970,2026-08-01,P005,188,0,57,131,11
2971,2026-08-02,P005,131,0,34,97,14
2972,2026-08-03,P005,97,128,55,170,13
2973,2026-08-04,P005,170,0,43,127,10
2974,2026-08-05,P005,127,90,69,148,1
2975,2026-08-06,P005,148,147,59,236,8
2976,2026-08-07,P005,236,0,53,183,14
2977,2026-08-08,P005,183,0,60,123,5
2978,2026-08-09,P005,123,141,38,226,3
2979,2026-08-10,P005,226,0,60,166,12
2980,2026-08-11,P005,166,0,59,107,13
2981,2026-08-12,P005,107,0,54,53,1
2982,2026-08-13,P005,53,106,60,106,12
2983,2026-08-14,P005,106,139,55,190,7
2984,2026-08-15,P005,190,0,53,137,13
2985,2026-08-16,P005,137,0,38,99,15
2986,2026-08-17,P005,99,144,45,198,7
2987,2026-08-18,P005,198,0,51,147,12
2988,2026-08-19,P005,147,0,49,98,12
2989,2026-08-20,P005,98,137,45,190,4
2990,2026-08-21,P005,190,0,72,118,15
2991,2025-01-01,P006,181,122,89,214,14
2992,2025-01-02,P006,214,0,80,134,11
2993,2025-01-03,P006,134,152,76,210,0
2994,2025-01-04,P006,210,0,64,146,8
2995,2025-01-05,P006,146,145,59,232,7
2996,2025-01-06,P006,232,0,82,150,1
2997,2025-01-07,P006,150,178,77,251,10
2998,2025-01-08,P006,251,0,64,187,4
2999,2025-01-09,P006,187,202,78,311,4
3000,2025-01-10,P006,311,0,74,237,0
3001,2025-01-11,P006,237,0,51,186,15
3002,2025-01-12,P006,186,0,59,127,0
3003,2025-01-13,P006,127,0,72,55,15
3004,2025-01-14,P006,55,0,92,0,0
3005,2025-01-15,P006,0,186,99,186,5
3006,2025-01-16,P006,186,0,63,123,11
3007,2025-01-17,P006,123,128,80,171,13
3008,2025-01-18,P006,171,125,54,242,5
3009,2025-01-19,P006,242,0,75,167,0
3010,2025-01-20,P006,167,191,71,287,0
3011,2025-01-21,P006,287,0,74,213,4
3012,2025-01-22,P006,213,0,88,125,5
3013,2025-01-23,P006,125,0,64,61,5
3014,2025-01-24,P006,61,157,63,157,12
3015,2025-01-25,P006,157,209,62,304,13
3016,2025-01-26,P006,304,0,75,229,10
3017,2025-01-27,P006,229,0,62,167,2
3018,2025-01-28,P006,167,166,65,268,13
3019,2025-01-29,P006,268,0,71,197,12
3020,2025-01-30,P006,197,143,80,260,12
3021,2025-01-31,P006,260,0,87,173,11
3022,2025-02-01,P006,173,0,63,110,1
3023,2025-02-02,P006,110,147,63,194,6
3024,2025-02-03,P006,194,193,100,287,5
3025,2025-02-04,P006,287,0,58,229,6
3026,2025-02-05,P006,229,0,72,157,8
3027,2025-02-06,P006,157,193,77,273,3
3028,2025-02-07,P006,273,0,80,193,5
3029,2025-02-08,P006,193,0,63,130,12
3030,2025-02-09,P006,130,0,67,63,2
3031,2025-02-10,P006,63,152,53,162,11
3032,2025-02-11,P006,162,157,70,249,5
3033,2025-02-12,P006,249,0,80,169,14
3034,2025-02-13,P006,169,160,67,262,8
3035,2025-02-14,P006,262,0,76,186,1
3036,2025-02-15,P006,186,207,70,323,14
3037,2025-02-16,P006,323,0,64,259,0
3038,2025-02-17,P006,259,0,78,181,10
3039,2025-02-18,P006,181,139,67,253,1
3040,2025-02-19,P006,253,0,74,179,4
3041,2025-02-20,P006,179,169,82,266,10
3042,2025-02-21,P006,266,0,77,189,4
3043,2025-02-22,P006,189,0,63,126,13
3044,2025-02-23,P006,126,196,69,253,8
3045,2025-02-24,P006,253,0,83,170,15
3046,2025-02-25,P006,170,197,58,309,2
3047,2025-02-26,P006,309,0,86,223,13
3048,2025-02-27,P006,223,0,73,150,13
3049,2025-02-28,P006,150,182,79,253,7
3050,2025-03-01,P006,253,0,80,173,3
3051,2025-03-02,P006,173,125,59,239,0
3052,2025-03-03,P006,239,0,73,166,2
3053,2025-03-04,P006,166,0,77,89,15
3054,2025-03-05,P006,89,169,72,186,1
3055,2025-03-06,P006,186,140,132,194,0
3056,2025-03-07,P006,194,151,94,251,13
3057,2025-03-08,P006,251,0,66,185,9
3058,2025-03-09,P006,185,147,72,260,5
3059,2025-03-10,P006,260,0,69,191,4
3060,2025-03-11,P006,191,160,77,274,5
3061,2025-03-12,P006,274,0,83,191,4
3062,2025-03-13,P006,191,159,77,273,3
3063,2025-03-14,P006,273,0,80,193,5
3064,2025-03-15,P006,193,0,66,127,8
3065,2025-03-16,P006,127,0,71,56,12
3066,2025-03-17,P006,56,200,83,200,3
3067,2025-03-18,P006,200,122,98,224,5
3068,2025-03-19,P006,224,0,81,143,11
3069,2025-03-20,P006,143,202,82,263,0
3070,2025-03-21,P006,263,0,87,176,8
3071,2025-03-22,P006,176,144,65,255,12
3072,2025-03-23,P006,255,0,85,170,10
3073,2025-03-24,P006,170,140,84,226,10
3074,2025-03-25,P006,226,0,95,131,10
3075,2025-03-26,P006,131,169,74,226,10
3076,2025-03-27,P006,226,0,98,128,13
3077,2025-03-28,P006,128,191,89,230,7
3078,2025-03-29,P006,230,0,75,155,13
3079,2025-03-30,P006,155,197,73,279,10
3080,2025-03-31,P006,279,0,78,201,0
3081,2025-04-01,P006,201,0,93,108,5
3082,2025-04-02,P006,108,185,107,186,15
3083,2025-04-03,P006,186,0,63,123,11
3084,2025-04-04,P006,123,182,70,235,4
3085,2025-04-05,P006,235,0,69,166,1
3086,2025-04-06,P006,166,0,73,93,6
3087,2025-04-07,P006,93,132,80,145,9
3088,2025-04-08,P006,145,121,93,173,12
3089,2025-04-09,P006,173,150,61,262,5
3090,2025-04-10,P006,262,0,82,180,11
3091,2025-04-11,P006,180,0,64,116,9
3092,2025-04-12,P006,116,196,76,236,0
3093,2025-04-13,P006,236,0,71,165,13
3094,2025-04-14,P006,165,213,86,292,3
3095,2025-04-15,P006,292,0,73,219,4
3096,2025-04-16,P006,219,0,95,124,7
3097,2025-04-17,P006,124,180,90,214,2
3098,2025-04-18,P006,214,0,85,129,1
3099,2025-04-19,P006,129,194,69,254,1
3100,2025-04-20,P006,254,0,76,178,15
3101,2025-04-21,P006,178,133,73,238,7
3102,2025-04-22,P006,238,0,90,148,13
3103,2025-04-23,P006,148,189,96,241,1
3104,2025-04-24,P006,241,0,91,150,12
3105,2025-04-25,P006,150,187,74,263,14
3106,2025-04-26,P006,263,0,75,188,10
3107,2025-04-27,P006,188,0,61,127,0
3108,2025-04-28,P006,127,132,85,174,4
3109,2025-04-29,P006,174,178,86,266,15
3110,2025-04-30,P006,266,0,62,204,1
3111,2025-05-01,P006,204,0,66,138,10
3112,2025-05-02,P006,138,205,75,268,15
3113,2025-05-03,P006,268,0,64,204,10
3114,2025-05-04,P006,204,0,58,146,2
3115,2025-05-05,P006,146,184,80,250,10
3116,2025-05-06,P006,250,0,81,169,6
3117,2025-05-07,P006,169,152,77,244,5
3118,2025-05-08,P006,244,0,71,173,14
3119,2025-05-09,P006,173,126,92,207,7
3120,2025-05-10,P006,207,0,84,123,14
3121,2025-05-11,P006,123,183,73,233,6
3122,2025-05-12,P006,233,0,73,160,7
3123,2025-05-13,P006,160,0,88,72,0
3124,2025-05-14,P006,72,0,76,0,0
3125,2025-05-15,P006,0,0,78,0,0
3126,2025-05-16,P006,0,144,87,144,5
3127,2025-05-17,P006,144,208,53,299,13
3128,2025-05-18,P006,299,0,77,222,9
3129,2025-05-19,P006,222,0,77,145,9
3130,2025-05-20,P006,145,121,74,192,8
3131,2025-05-21,P006,192,146,79,259,4
3132,2025-05-22,P006,259,0,78,181,0
3133,2025-05-23,P006,181,209,62,328,12
3134,2025-05-24,P006,328,0,82,246,11
3135,2025-05-25,P006,246,0,70,176,12
3136,2025-05-26,P006,176,208,83,301,6
3137,2025-05-27,P006,301,0,86,215,7
3138,2025-05-28,P006,215,0,70,145,8
3139,2025-05-29,P006,145,187,83,249,2
3140,2025-05-30,P006,249,0,78,171,7
3141,2025-05-31,P006,171,141,77,235,2
3142,2025-06-01,P006,235,0,50,185,2
3143,2025-06-02,P006,185,0,78,107,14
3144,2025-06-03,P006,107,170,74,203,14
3145,2025-06-04,P006,203,0,80,123,10
3146,2025-06-05,P006,123,0,84,39,15
3147,2025-06-06,P006,39,209,73,209,10
3148,2025-06-07,P006,209,0,65,144,2
3149,2025-06-08,P006,144,152,67,229,3
3150,2025-06-09,P006,229,0,71,158,10
3151,2025-06-10,P006,158,0,88,70,2
3152,2025-06-11,P006,70,144,76,144,2
3153,2025-06-12,P006,144,148,52,240,4
3154,2025-06-13,P006,240,0,76,164,3
3155,2025-06-14,P006,164,178,61,281,4
3156,2025-06-15,P006,281,0,54,227,8
3157,2025-06-16,P006,227,0,68,159,15
3158,2025-06-17,P006,159,209,83,285,12
3159,2025-06-18,P006,285,0,120,165,3
3160,2025-06-19,P006,165,126,80,211,7
3161,2025-06-20,P006,211,0,72,139,10
3162,2025-06-21,P006,139,146,73,212,1
3163,2025-06-22,P006,212,0,63,149,1
3164,2025-06-23,P006,149,169,74,244,8
3165,2025-06-24,P006,244,0,68,176,3
3166,2025-06-25,P006,176,0,67,109,4
3167,2025-06-26,P006,109,154,73,190,1
3168,2025-06-27,P006,190,182,82,290,10
3169,2025-06-28,P006,290,0,67,223,8
3170,2025-06-29,P006,223,0,66,157,3
3171,2025-06-30,P006,157,143,68,232,12
3172,2025-07-01,P006,232,0,81,151,6
3173,2025-07-02,P006,151,120,65,206,3
3174,2025-07-03,P006,206,160,87,279,1
3175,2025-07-04,P006,279,0,67,212,4
3176,2025-07-05,P006,212,0,63,149,4
3177,2025-07-06,P006,149,145,55,239,1
3178,2025-07-07,P006,239,0,75,164,4
3179,2025-07-08,P006,164,148,87,225,6
3180,2025-07-09,P006,225,0,84,141,14
3181,2025-07-10,P006,141,205,85,261,10
3182,2025-07-11,P006,261,0,110,151,1
3183,2025-07-12,P006,151,185,58,278,13
3184,2025-07-13,P006,278,0,65,213,0
3185,2025-07-14,P006,213,0,87,126,15
3186,2025-07-15,P006,126,158,91,193,6
3187,2025-07-16,P006,193,0,71,122,1
3188,2025-07-17,P006,122,184,87,219,14
3189,2025-07-18,P006,219,0,84,135,6
3190,2025-07-19,P006,135,162,85,212,3
3191,2025-07-20,P006,212,0,72,140,4
3192,2025-07-21,P006,140,134,86,188,14
3193,2025-07-22,P006,188,138,103,223,10
3194,2025-07-23,P006,223,0,71,152,10
3195,2025-07-24,P006,152,183,63,272,7
3196,2025-07-25,P006,272,0,59,213,3
3197,2025-07-26,P006,213,0,77,136,12
3198,2025-07-27,P006,136,0,52,84,1
3199,2025-07-28,P006,84,139,78,145,15
3200,2025-07-29,P006,145,145,80,210,9
3201,2025-07-30,P006,210,0,82,128,14
3202,2025-07-31,P006,128,166,81,213,12
3203,2025-08-01,P006,213,0,98,115,3
3204,2025-08-02,P006,115,127,94,148,13
3205,2025-08-03,P006,148,164,75,237,10
3206,2025-08-04,P006,237,0,89,148,5
3207,2025-08-05,P006,148,0,85,63,3
3208,2025-08-06,P006,63,196,108,196,10
3209,2025-08-07,P006,196,170,105,261,3
3210,2025-08-08,P006,261,0,101,160,10
3211,2025-08-09,P006,160,170,98,232,15
3212,2025-08-10,P006,232,0,75,157,10
3213,2025-08-11,P006,157,216,116,257,3
3214,2025-08-12,P006,257,0,110,147,6
3215,2025-08-13,P006,147,134,101,180,4
3216,2025-08-14,P006,180,200,117,263,2
3217,2025-08-15,P006,263,0,74,189,0
3218,2025-08-16,P006,189,147,80,256,10
3219,2025-08-17,P006,256,0,77,179,5
3220,2025-08-18,P006,179,199,100,278,12
3221,2025-08-19,P006,278,0,84,194,10
3222,2025-08-20,P006,194,165,107,252,9
3223,2025-08-21,P006,252,0,115,137,11
3224,2025-08-22,P006,137,184,99,222,10
3225,2025-08-23,P006,222,189,106,305,10
3226,2025-08-24,P006,305,0,77,228,1
3227,2025-08-25,P006,228,126,109,245,9
3228,2025-08-26,P006,245,0,106,139,7
3229,2025-08-27,P006,139,190,101,228,15
3230,2025-08-28,P006,228,0,91,137,9
3231,2025-08-29,P006,137,189,87,239,9
3232,2025-08-30,P006,239,0,70,169,8
3233,2025-08-31,P006,169,0,72,97,12
3234,2025-09-01,P006,97,169,118,169,1
3235,2025-09-02,P006,169,166,78,257,9
3236,2025-09-03,P006,257,0,101,156,1
3237,2025-09-04,P006,156,202,112,246,4
3238,2025-09-05,P006,246,0,80,166,3
3239,2025-09-06,P006,166,0,84,82,0
3240,2025-09-07,P006,82,120,91,120,15
3241,2025-09-08,P006,120,144,97,167,1
3242,2025-09-09,P006,167,184,162,189,2
3243,2025-09-10,P006,189,122,76,235,5
3244,2025-09-11,P006,235,0,106,129,7
3245,2025-09-12,P006,129,169,94,204,14
3246,2025-09-13,P006,204,164,95,273,4
3247,2025-09-14,P006,273,0,90,183,15
3248,2025-09-15,P006,183,165,85,263,7
3249,2025-09-16,P006,263,0,97,166,9
3250,2025-09-17,P006,166,138,71,233,14
3251,2025-09-18,P006,233,0,103,130,3
3252,2025-09-19,P006,130,138,98,170,11
3253,2025-09-20,P006,170,151,87,234,4
3254,2025-09-21,P006,234,0,100,134,11
3255,2025-09-22,P006,134,191,102,223,8
3256,2025-09-23,P006,223,0,103,120,0
3257,2025-09-24,P006,120,130,90,160,13
3258,2025-09-25,P006,160,155,84,231,5
3259,2025-09-26,P006,231,136,114,253,3
3260,2025-09-27,P006,253,0,97,156,2
3261,2025-09-28,P006,156,161,78,239,9
3262,2025-09-29,P006,239,0,101,138,8
3263,2025-09-30,P006,138,185,89,234,11
3264,2025-10-01,P006,234,206,116,324,9
3265,2025-10-02,P006,324,0,100,224,13
3266,2025-10-03,P006,224,122,110,236,2
3267,2025-10-04,P006,236,0,71,165,12
3268,2025-10-05,P006,165,0,78,87,2
3269,2025-10-06,P006,87,0,95,0,0
3270,2025-10-07,P006,0,181,98,181,15
3271,2025-10-08,P006,181,215,92,304,15
3272,2025-10-09,P006,304,0,79,225,7
3273,2025-10-10,P006,225,0,103,122,0
3274,2025-10-11,P006,122,0,91,31,10
3275,2025-10-12,P006,31,0,73,0,0
3276,2025-10-13,P006,0,170,107,170,0
3277,2025-10-14,P006,170,183,110,243,5
3278,2025-10-15,P006,243,0,99,144,1
3279,2025-10-16,P006,144,151,92,203,5
3280,2025-10-17,P006,203,0,102,101,9
3281,2025-10-18,P006,101,158,73,186,0
3282,2025-10-19,P006,186,129,85,230,14
3283,2025-10-20,P006,230,0,72,158,10
3284,2025-10-21,P006,158,0,101,57,6
3285,2025-10-22,P006,57,0,73,0,0
3286,2025-10-23,P006,0,128,108,128,8
3287,2025-10-24,P006,128,124,115,137,2
3288,2025-10-25,P006,137,122,79,180,8
3289,2025-10-26,P006,180,140,74,246,13
3290,2025-10-27,P006,246,0,95,151,13
3291,2025-10-28,P006,151,176,103,224,11
3292,2025-10-29,P006,224,0,64,160,12
3293,2025-10-30,P006,160,198,113,245,6
3294,2025-10-31,P006,245,0,96,149,12
3295,2025-11-01,P006,149,139,72,216,1
3296,2025-11-02,P006,216,0,74,142,9
3297,2025-11-03,P006,142,132,114,160,13
3298,2025-11-04,P006,160,165,84,241,6
3299,2025-11-05,P006,241,0,76,165,2
3300,2025-11-06,P006,165,0,110,55,0
3301,2025-11-07,P006,55,180,103,180,1
3302,2025-11-08,P006,180,158,69,269,12
3303,2025-11-09,P006,269,0,88,181,3
3304,2025-11-10,P006,181,0,83,98,15
3305,2025-11-11,P006,98,0,104,0,0
3306,2025-11-12,P006,0,210,106,210,5
3307,2025-11-13,P006,210,149,97,262,4
3308,2025-11-14,P006,262,0,98,164,8
3309,2025-11-15,P006,164,179,126,217,7
3310,2025-11-16,P006,217,0,80,137,2
3311,2025-11-17,P006,137,208,81,264,12
3312,2025-11-18,P006,264,0,99,165,8
3313,2025-11-19,P006,165,123,116,172,5
3314,2025-11-20,P006,172,153,81,244,6
3315,2025-11-21,P006,244,0,85,159,13
3316,2025-11-22,P006,159,0,82,77,13
3317,2025-11-23,P006,77,0,85,0,0
3318,2025-11-24,P006,0,0,87,0,0
3319,2025-11-25,P006,0,182,106,182,6
3320,2025-11-26,P006,182,0,125,57,7
3321,2025-11-27,P006,57,152,92,152,5
3322,2025-11-28,P006,152,203,130,225,2
3323,2025-11-29,P006,225,0,71,154,7
3324,2025-11-30,P006,154,159,106,207,0
3325,2025-12-01,P006,207,0,113,94,2
3326,2025-12-02,P006,94,207,97,207,9
3327,2025-12-03,P006,207,165,99,273,12
3328,2025-12-04,P006,273,0,91,182,4
3329,2025-12-05,P006,182,0,87,95,8
3330,2025-12-06,P006,95,0,91,4,0
3331,2025-12-07,P006,4,0,93,0,0
3332,2025-12-08,P006,0,205,72,205,5
3333,2025-12-09,P006,205,174,117,262,3
3334,2025-12-10,P006,262,0,99,163,6
3335,2025-12-11,P006,163,148,108,203,2
3336,2025-12-12,P006,203,0,77,126,4
3337,2025-12-13,P006,126,191,71,246,1
3338,2025-12-14,P006,246,0,77,169,5
3339,2025-12-15,P006,169,170,97,242,5
3340,2025-12-16,P006,242,0,121,121,2
3341,2025-12-17,P006,121,154,99,176,15
3342,2025-12-18,P006,176,158,90,244,9
3343,2025-12-19,P006,244,0,86,158,1
3344,2025-12-20,P006,158,154,95,217,3
3345,2025-12-21,P006,217,0,73,144,9
3346,2025-12-22,P006,144,206,115,235,13
3347,2025-12-23,P006,235,0,87,148,10
3348,2025-12-24,P006,148,174,106,216,2
3349,2025-12-25,P006,216,0,97,119,1
3350,2025-12-26,P006,119,158,89,188,7
3351,2025-12-27,P006,188,212,76,324,0
3352,2025-12-28,P006,324,0,75,249,14
3353,2025-12-29,P006,249,0,94,155,5
3354,2025-12-30,P006,155,170,92,233,12
3355,2025-12-31,P006,233,0,93,140,0
3356,2026-01-01,P006,140,0,75,65,11
3357,2026-01-02,P006,65,147,89,147,2
3358,2026-01-03,P006,147,0,54,93,15
3359,2026-01-04,P006,93,146,75,164,14
3360,2026-01-05,P006,164,168,77,255,12
3361,2026-01-06,P006,255,0,75,180,7
3362,2026-01-07,P006,180,213,66,327,15
3363,2026-01-08,P006,327,0,69,258,5
3364,2026-01-09,P006,258,0,73,185,9
3365,2026-01-10,P006,185,142,67,260,8
3366,2026-01-11,P006,260,0,93,167,5
3367,2026-01-12,P006,167,159,72,254,2
3368,2026-01-13,P006,254,0,82,172,5
3369,2026-01-14,P006,172,0,87,85,15
3370,2026-01-15,P006,85,133,99,133,4
3371,2026-01-16,P006,133,184,77,240,4
3372,2026-01-17,P006,240,0,64,176,13
3373,2026-01-18,P006,176,0,81,95,5
3374,2026-01-19,P006,95,211,101,211,14
3375,2026-01-20,P006,211,0,69,142,14
3376,2026-01-21,P006,142,196,75,263,9
3377,2026-01-22,P006,263,0,83,180,2
3378,2026-01-23,P006,180,208,73,315,1
3379,2026-01-24,P006,315,0,80,235,13
3380,2026-01-25,P006,235,0,69,166,3
3381,2026-01-26,P006,166,178,110,234,11
3382,2026-01-27,P006,234,0,88,146,12
3383,2026-01-28,P006,146,0,85,61,0
3384,2026-01-29,P006,61,124,86,124,13
3385,2026-01-30,P006,124,144,98,170,4
3386,2026-01-31,P006,170,186,69,287,12
3387,2026-02-01,P006,287,0,70,217,8
3388,2026-02-02,P006,217,0,87,130,2
3389,2026-02-03,P006,130,140,89,181,8
3390,2026-02-04,P006,181,169,105,245,11
3391,2026-02-05,P006,245,0,71,174,12
3392,2026-02-06,P006,174,200,79,295,13
3393,2026-02-07,P006,295,0,68,227,10
3394,2026-02-08,P006,227,0,70,157,2
3395,2026-02-09,P006,157,0,100,57,0
3396,2026-02-10,P006,57,134,90,134,11
3397,2026-02-11,P006,134,184,91,227,0
3398,2026-02-12,P006,227,0,103,124,15
3399,2026-02-13,P006,124,216,106,234,9
3400,2026-02-14,P006,234,0,67,167,14
3401,2026-02-15,P006,167,120,78,209,3
3402,2026-02-16,P006,209,194,95,308,12
3403,2026-02-17,P006,308,0,86,222,4
3404,2026-02-18,P006,222,0,80,142,0
3405,2026-02-19,P006,142,0,82,60,4
3406,2026-02-20,P006,60,144,58,146,12
3407,2026-02-21,P006,146,123,78,191,12
3408,2026-02-22,P006,191,0,69,122,11
3409,2026-02-23,P006,122,206,102,226,2
3410,2026-02-24,P006,226,180,109,297,10
3411,2026-02-25,P006,297,0,82,215,12
3412,2026-02-26,P006,215,0,75,140,4
3413,2026-02-27,P006,140,0,108,32,10
3414,2026-02-28,P006,32,148,68,148,11
3415,2026-03-01,P006,148,128,71,205,5
3416,2026-03-02,P006,205,122,89,238,9
3417,2026-03-03,P006,238,0,95,143,11
3418,2026-03-04,P006,143,192,87,248,13
3419,2026-03-05,P006,248,0,75,173,7
3420,2026-03-06,P006,173,165,85,253,11
3421,2026-03-07,P006,253,0,67,186,4
3422,2026-03-08,P006,186,126,77,235,10
3423,2026-03-09,P006,235,0,88,147,1
3424,2026-03-10,P006,147,160,112,195,2
3425,2026-03-11,P006,195,0,74,121,0
3426,2026-03-12,P006,121,202,112,211,12
3427,2026-03-13,P006,211,0,85,126,13
3428,2026-03-14,P006,126,191,97,220,1
3429,2026-03-15,P006,220,0,83,137,10
3430,2026-03-16,P006,137,202,94,245,8
3431,2026-03-17,P006,245,0,92,153,6
3432,2026-03-18,P006,153,203,109,247,2
3433,2026-03-19,P006,247,0,89,158,10
3434,2026-03-20,P006,158,0,82,76,7
3435,2026-03-21,P006,76,167,91,167,15
3436,2026-03-22,P006,167,134,81,220,3
3437,2026-03-23,P006,220,0,90,130,13
3438,2026-03-24,P006,130,169,78,221,12
3439,2026-03-25,P006,221,0,75,146,1
3440,2026-03-26,P006,146,188,89,245,5
3441,2026-03-27,P006,245,0,90,155,2
3442,2026-03-28,P006,155,184,77,262,12
3443,2026-03-29,P006,262,0,75,187,11
3444,2026-03-30,P006,187,0,106,81,3
3445,2026-03-31,P006,81,0,111,0,0
3446,2026-04-01,P006,0,166,77,166,8
3447,2026-04-02,P006,166,190,90,266,6
3448,2026-04-03,P006,266,0,76,190,12
3449,2026-04-04,P006,190,214,75,329,2
3450,2026-04-05,P006,329,0,70,259,10
3451,2026-04-06,P006,259,0,83,176,7
3452,2026-04-07,P006,176,148,87,237,12
3453,2026-04-08,P006,237,0,83,154,12
3454,2026-04-09,P006,154,159,117,196,9
3455,2026-04-10,P006,196,0,54,142,6
3456,2026-04-11,P006,142,209,98,253,9
3457,2026-04-12,P006,253,0,87,166,7
3458,2026-04-13,P006,166,157,79,244,4
3459,2026-04-14,P006,244,0,90,154,13
3460,2026-04-15,P006,154,0,76,78,14
3461,2026-04-16,P006,78,154,113,154,10
3462,2026-04-17,P006,154,175,122,207,2
3463,2026-04-18,P006,207,0,78,129,3
3464,2026-04-19,P006,129,164,97,196,12
3465,2026-04-20,P006,196,129,93,232,13
3466,2026-04-21,P006,232,0,68,164,0
3467,2026-04-22,P006,164,169,106,227,9
3468,2026-04-23,P006,227,0,84,143,1
3469,2026-04-24,P006,143,185,89,239,15
3470,2026-04-25,P006,239,0,70,169,13
3471,2026-04-26,P006,169,213,75,307,2
3472,2026-04-27,P006,307,0,82,225,15
3473,2026-04-28,P006,225,0,83,142,5
3474,2026-04-29,P006,142,199,78,263,12
3475,2026-04-30,P006,263,0,87,176,3
3476,2026-05-01,P006,176,0,76,100,9
3477,2026-05-02,P006,100,180,84,196,7
3478,2026-05-03,P006,196,0,59,137,0
3479,2026-05-04,P006,137,189,100,226,0
3480,2026-05-05,P006,226,0,96,130,4
3481,2026-05-06,P006,130,183,76,237,4
3482,2026-05-07,P006,237,0,60,177,15
3483,2026-05-08,P006,177,134,87,224,13
3484,2026-05-09,P006,224,0,74,150,9
3485,2026-05-10,P006,150,167,70,247,4
3486,2026-05-11,P006,247,0,76,171,3
3487,2026-05-12,P006,171,167,96,242,12
3488,2026-05-13,P006,242,0,90,152,10
3489,2026-05-14,P006,152,208,71,289,8
3490,2026-05-15,P006,289,0,63,226,6
3491,2026-05-16,P006,226,0,69,157,13
3492,2026-05-17,P006,157,158,66,249,7
3493,2026-05-18,P006,249,0,93,156,0
3494,2026-05-19,P006,156,186,74,268,8
3495,2026-05-20,P006,268,0,93,175,3
3496,2026-05-21,P006,175,0,112,63,11
3497,2026-05-22,P006,63,193,117,193,11
3498,2026-05-23,P006,193,0,77,116,14
3499,2026-05-24,P006,116,128,70,174,10
3500,2026-05-25,P006,174,211,84,301,14
3501,2026-05-26,P006,301,0,102,199,15
3502,2026-05-27,P006,199,187,105,281,2
3503,2026-05-28,P006,281,0,91,190,11
3504,2026-05-29,P006,190,0,84,106,2
3505,2026-05-30,P006,106,122,67,161,4
3506,2026-05-31,P006,161,0,61,100,7
3507,2026-06-01,P006,100,0,106,0,0
3508,2026-06-02,P006,0,0,89,0,0
3509,2026-06-03,P006,0,131,85,131,12
3510,2026-06-04,P006,131,199,134,199,9
3511,2026-06-05,P006,199,183,106,276,6
3512,2026-06-06,P006,276,0,61,215,14
3513,2026-06-07,P006,215,0,86,129,12
3514,2026-06-08,P006,129,207,70,266,12
3515,2026-06-09,P006,266,0,92,174,11
3516,2026-06-10,P006,174,172,86,260,9
3517,2026-06-11,P006,260,0,79,181,15
3518,2026-06-12,P006,181,130,83,228,15
3519,2026-06-13,P006,228,0,87,141,11
3520,2026-06-14,P006,141,0,69,72,8
3521,2026-06-15,P006,72,175,94,175,3
3522,2026-06-16,P006,175,0,65,110,14
3523,2026-06-17,P006,110,164,74,200,3
3524,2026-06-18,P006,200,182,111,271,10
3525,2026-06-19,P006,271,0,75,196,13
3526,2026-06-20,P006,196,0,65,131,6
3527,2026-06-21,P006,131,0,77,54,9
3528,2026-06-22,P006,54,0,113,0,0
3529,2026-06-23,P006,0,139,67,139,3
3530,2026-06-24,P006,139,132,69,202,12
3531,2026-06-25,P006,202,143,107,238,13
3532,2026-06-26,P006,238,0,107,131,13
3533,2026-06-27,P006,131,173,71,233,15
3534,2026-06-28,P006,233,0,60,173,5
3535,2026-06-29,P006,173,178,101,250,7
3536,2026-06-30,P006,250,0,94,156,6
3537,2026-07-01,P006,156,142,85,213,12
3538,2026-07-02,P006,213,0,83,130,6
3539,2026-07-03,P006,130,0,81,49,6
3540,2026-07-04,P006,49,172,69,172,5
3541,2026-07-05,P006,172,173,83,262,2
3542,2026-07-06,P006,262,0,103,159,4
3543,2026-07-07,P006,159,0,93,66,1
3544,2026-07-08,P006,66,191,75,191,14
3545,2026-07-09,P006,191,178,94,275,3
3546,2026-07-10,P006,275,0,82,193,11
3547,2026-07-11,P006,193,0,83,110,2
3548,2026-07-12,P006,110,212,88,234,14
3549,2026-07-13,P006,234,0,82,152,0
3550,2026-07-14,P006,152,199,77,274,6
3551,2026-07-15,P006,274,0,85,189,8
3552,2026-07-16,P006,189,0,64,125,11
3553,2026-07-17,P006,125,168,86,207,8
3554,2026-07-18,P006,207,182,98,291,3
3555,2026-07-19,P006,291,0,58,233,11
3556,2026-07-20,P006,233,0,88,145,1
3557,2026-07-21,P006,145,201,89,257,12
3558,2026-07-22,P006,257,0,91,166,11
3559,2026-07-23,P006,166,0,83,83,10
3560,2026-07-24,P006,83,0,77,6,0
3561,2026-07-25,P006,6,161,77,161,11
3562,2026-07-26,P006,161,203,63,301,12
3563,2026-07-27,P006,301,0,57,244,10
3564,2026-07-28,P006,244,0,92,152,5
3565,2026-07-29,P006,152,136,120,168,1
3566,2026-07-30,P006,168,169,95,242,11
3567,2026-07-31,P006,242,0,84,158,15
3568,2026-08-01,P006,158,159,104,213,3
3569,2026-08-02,P006,213,0,93,120,9
3570,2026-08-03,P006,120,201,108,213,1
3571,2026-08-04,P006,213,0,90,123,2
3572,2026-08-05,P006,123,120,121,122,6
3573,2026-08-06,P006,122,0,107,15,4
3574,2026-08-07,P006,15,168,113,168,14
3575,2026-08-08,P006,168,0,71,97,5
3576,2026-08-09,P006,97,183,85,195,0
3577,2026-08-10,P006,195,212,117,290,13
3578,2026-08-11,P006,290,0,86,204,13
3579,2026-08-12,P006,204,180,87,297,0
3580,2026-08-13,P006,297,0,93,204,3
3581,2026-08-14,P006,204,198,138,264,12
3582,2026-08-15,P006,264,0,108,156,4
3583,2026-08-16,P006,156,175,111,220,15
3584,2026-08-17,P006,220,0,86,134,3
3585,2026-08-18,P006,134,125,101,158,8
3586,2026-08-19,P006,158,163,84,237,7
3587,2026-08-20,P006,237,0,89,148,12
3588,2026-08-21,P006,148,197,99,246,0
3589,2025-01-01,P007,331,0,34,297,3
3590,2025-01-02,P007,297,0,29,268,13
3591,2025-01-03,P007,268,0,34,234,13
3592,2025-01-04,P007,234,0,28,206,11
3593,2025-01-05,P007,206,0,34,172,3
3594,2025-01-06,P007,172,0,25,147,7
3595,2025-01-07,P007,147,192,35,304,5
3596,2025-01-08,P007,304,0,34,270,5
3597,2025-01-09,P007,270,0,27,243,4
3598,2025-01-10,P007,243,0,34,209,1
3599,2025-01-11,P007,209,0,27,182,12
3600,2025-01-12,P007,182,0,26,156,2
3601,2025-01-13,P007,156,157,27,286,3
3602,2025-01-14,P007,286,0,27,259,7
3603,2025-01-15,P007,259,0,38,221,0
3604,2025-01-16,P007,221,0,30,191,11
3605,2025-01-17,P007,191,0,33,158,0
3606,2025-01-18,P007,158,0,24,134,12
3607,2025-01-19,P007,134,0,28,106,8
3608,2025-01-20,P007,106,164,34,236,9
3609,2025-01-21,P007,236,0,27,209,2
3610,2025-01-22,P007,209,0,29,180,8
3611,2025-01-23,P007,180,0,30,150,12
3612,2025-01-24,P007,150,226,31,345,4
3613,2025-01-25,P007,345,0,26,319,8
3614,2025-01-26,P007,319,0,28,291,14
3615,2025-01-27,P007,291,0,33,258,9
3616,2025-01-28,P007,258,0,33,225,0
3617,2025-01-29,P007,225,0,26,199,14
3618,2025-01-30,P007,199,0,29,170,9
3619,2025-01-31,P007,170,0,35,135,9
3620,2025-02-01,P007,135,242,29,348,3
3621,2025-02-02,P007,348,0,22,326,14
3622,2025-02-03,P007,326,0,32,294,11
3623,2025-02-04,P007,294,0,29,265,12
3624,2025-02-05,P007,265,0,30,235,13
3625,2025-02-06,P007,235,0,37,198,12
3626,2025-02-07,P007,198,0,27,171,2
3627,2025-02-08,P007,171,0,24,147,12
3628,2025-02-09,P007,147,168,29,286,5
3629,2025-02-10,P007,286,0,25,261,7
3630,2025-02-11,P007,261,0,28,233,5
3631,2025-02-12,P007,233,0,32,201,11
3632,2025-02-13,P007,201,0,28,173,0
3633,2025-02-14,P007,173,226,39,360,15
3634,2025-02-15,P007,360,0,29,331,12
3635,2025-02-16,P007,331,0,28,303,2
3636,2025-02-17,P007,303,0,31,272,1
3637,2025-02-18,P007,272,0,29,243,6
3638,2025-02-19,P007,243,0,32,211,4
3639,2025-02-20,P007,211,0,30,181,3
3640,2025-02-21,P007,181,0,32,149,12
3641,2025-02-22,P007,149,243,25,367,0
3642,2025-02-23,P007,367,0,26,341,14
3643,2025-02-24,P007,341,0,27,314,4
3644,2025-02-25,P007,314,0,30,284,12
3645,2025-02-26,P007,284,0,28,256,15
3646,2025-02-27,P007,256,0,26,230,1
3647,2025-02-28,P007,230,0,32,198,10
3648,2025-03-01,P007,198,0,29,169,2
3649,2025-03-02,P007,169,219,31,357,7
3650,2025-03-03,P007,357,0,35,322,6
3651,2025-03-04,P007,322,0,33,289,1
3652,2025-03-05,P007,289,0,42,247,0
3653,2025-03-06,P007,247,0,33,214,8
3654,2025-03-07,P007,214,0,29,185,10
3655,2025-03-08,P007,185,0,28,157,2
3656,2025-03-09,P007,157,200,30,327,5
3657,2025-03-10,P007,327,0,32,295,2
3658,2025-03-11,P007,295,0,24,271,7
3659,2025-03-12,P007,271,0,33,238,0
3660,2025-03-13,P007,238,0,40,198,8
3661,2025-03-14,P007,198,0,31,167,4
3662,2025-03-15,P007,167,0,26,141,1
3663,2025-03-16,P007,141,211,32,320,11
3664,2025-03-17,P007,320,0,33,287,1
3665,2025-03-18,P007,287,0,37,250,11
3666,2025-03-19,P007,250,0,28,222,5
3667,2025-03-20,P007,222,0,35,187,15
3668,2025-03-21,P007,187,0,34,153,7
3669,2025-03-22,P007,153,237,28,362,14
3670,2025-03-23,P007,362,0,29,333,12
3671,2025-03-24,P007,333,0,36,297,11
3672,2025-03-25,P007,297,0,35,262,13
3673,2025-03-26,P007,262,0,28,234,15
3674,2025-03-27,P007,234,0,36,198,5
3675,2025-03-28,P007,198,0,32,166,5
3676,2025-03-29,P007,166,160,29,297,12
3677,2025-03-30,P007,297,0,31,266,10
3678,2025-03-31,P007,266,0,31,235,0
3679,2025-04-01,P007,235,0,36,199,7
3680,2025-04-02,P007,199,0,31,168,9
3681,2025-04-03,P007,168,0,28,140,3
3682,2025-04-04,P007,140,226,31,335,11
3683,2025-04-05,P007,335,0,29,306,5
3684,2025-04-06,P007,306,0,32,274,5
3685,2025-04-07,P007,274,0,35,239,5
3686,2025-04-08,P007,239,0,29,210,8
3687,2025-04-09,P007,210,0,43,167,5
3688,2025-04-10,P007,167,174,34,307,8
3689,2025-04-11,P007,307,0,37,270,8
3690,2025-04-12,P007,270,0,28,242,0
3691,2025-04-13,P007,242,0,30,212,12
3692,2025-04-14,P007,212,0,35,177,13
3693,2025-04-15,P007,177,0,38,139,2
3694,2025-04-16,P007,139,0,36,103,5
3695,2025-04-17,P007,103,157,36,224,1
3696,2025-04-18,P007,224,0,31,193,15
3697,2025-04-19,P007,193,0,32,161,12
3698,2025-04-20,P007,161,175,29,307,12
3699,2025-04-21,P007,307,0,35,272,2
3700,2025-04-22,P007,272,0,32,240,6
3701,2025-04-23,P007,240,0,36,204,5
3702,2025-04-24,P007,204,0,39,165,11
3703,2025-04-25,P007,165,183,29,319,3
3704,2025-04-26,P007,319,0,25,294,9
3705,2025-04-27,P007,294,0,29,265,7
3706,2025-04-28,P007,265,0,33,232,5
3707,2025-04-29,P007,232,0,30,202,2
3708,2025-04-30,P007,202,0,38,164,3
3709,2025-05-01,P007,164,161,32,293,8
3710,2025-05-02,P007,293,0,30,263,11
3711,2025-05-03,P007,263,0,23,240,12
3712,2025-05-04,P007,240,0,23,217,1
3713,2025-05-05,P007,217,0,32,185,11
3714,2025-05-06,P007,185,0,23,162,2
3715,2025-05-07,P007,162,147,35,274,1
3716,2025-05-08,P007,274,0,31,243,13
3717,2025-05-09,P007,243,0,43,200,3
3718,2025-05-10,P007,200,0,44,156,14
3719,2025-05-11,P007,156,0,27,129,0
3720,2025-05-12,P007,129,154,31,252,6
3721,2025-05-13,P007,252,0,38,214,10
3722,2025-05-14,P007,214,0,37,177,7
3723,2025-05-15,P007,177,0,25,152,9
3724,2025-05-16,P007,152,165,25,292,4
3725,2025-05-17,P007,292,0,25,267,8
3726,2025-05-18,P007,267,0,29,238,4
3727,2025-05-19,P007,238,0,33,205,1
3728,2025-05-20,P007,205,0,36,169,11
3729,2025-05-21,P007,169,0,26,143,14
3730,2025-05-22,P007,143,168,23,288,13
3731,2025-05-23,P007,288,0,34,254,11
3732,2025-05-24,P007,254,0,25,229,11
3733,2025-05-25,P007,229,0,20,209,5
3734,2025-05-26,P007,209,0,32,177,10
3735,2025-05-27,P007,177,0,34,143,15
3736,2025-05-28,P007,143,233,31,345,5
3737,2025-05-29,P007,345,0,29,316,15
3738,2025-05-30,P007,316,0,31,285,5
3739,2025-05-31,P007,285,0,30,255,0
3740,2025-06-01,P007,255,0,23,232,8
3741,2025-06-02,P007,232,0,29,203,13
3742,2025-06-03,P007,203,0,32,171,2
3743,2025-06-04,P007,171,0,32,139,2
3744,2025-06-05,P007,139,158,32,265,2
3745,2025-06-06,P007,265,0,28,237,7
3746,2025-06-07,P007,237,0,27,210,15
3747,2025-06-08,P007,210,0,21,189,1
3748,2025-06-09,P007,189,0,32,157,5
3749,2025-06-10,P007,157,232,37,352,2
3750,2025-06-11,P007,352,0,26,326,12
3751,2025-06-12,P007,326,0,29,297,15
3752,2025-06-13,P007,297,0,32,265,2
3753,2025-06-14,P007,265,0,31,234,12
3754,2025-06-15,P007,234,0,26,208,15
3755,2025-06-16,P007,208,0,29,179,5
3756,2025-06-17,P007,179,0,24,155,15
3757,2025-06-18,P007,155,158,31,282,9
3758,2025-06-19,P007,282,0,38,244,2
3759,2025-06-20,P007,244,0,32,212,1
3760,2025-06-21,P007,212,0,27,185,5
3761,2025-06-22,P007,185,0,28,157,13
3762,2025-06-23,P007,157,142,30,269,6
3763,2025-06-24,P007,269,0,29,240,0
3764,2025-06-25,P007,240,0,34,206,6
3765,2025-06-26,P007,206,0,33,173,5
3766,2025-06-27,P007,173,0,31,142,0
3767,2025-06-28,P007,142,214,24,332,2
3768,2025-06-29,P007,332,0,34,298,9
3769,2025-06-30,P007,298,0,33,265,7
3770,2025-07-01,P007,265,0,30,235,3
3771,2025-07-02,P007,235,0,36,199,7
3772,2025-07-03,P007,199,0,30,169,8
3773,2025-07-04,P007,169,0,29,140,2
3774,2025-07-05,P007,140,242,31,351,7
3775,2025-07-06,P007,351,0,22,329,2
3776,2025-07-07,P007,329,0,34,295,2
3777,2025-07-08,P007,295,0,25,270,5
3778,2025-07-09,P007,270,0,27,243,7
3779,2025-07-10,P007,243,0,23,220,1
3780,2025-07-11,P007,220,0,31,189,15
3781,2025-07-12,P007,189,0,28,161,7
3782,2025-07-13,P007,161,215,26,350,14
3783,2025-07-14,P007,350,0,27,323,4
3784,2025-07-15,P007,323,0,27,296,15
3785,2025-07-16,P007,296,0,34,262,5
3786,2025-07-17,P007,262,0,29,233,14
3787,2025-07-18,P007,233,0,34,199,14
3788,2025-07-19,P007,199,0,25,174,2
3789,2025-07-20,P007,174,0,29,145,6
3790,2025-07-21,P007,145,0,44,101,1
3791,2025-07-22,P007,101,249,33,317,7
3792,2025-07-23,P007,317,0,31,286,15
3793,2025-07-24,P007,286,0,36,250,12
3794,2025-07-25,P007,250,0,31,219,0
3795,2025-07-26,P007,219,0,30,189,0
3796,2025-07-27,P007,189,0,26,163,0
3797,2025-07-28,P007,163,201,31,333,14
3798,2025-07-29,P007,333,0,33,300,13
3799,2025-07-30,P007,300,0,27,273,9
3800,2025-07-31,P007,273,0,27,246,5
3801,2025-08-01,P007,246,0,31,215,14
3802,2025-08-02,P007,215,0,36,179,14
3803,2025-08-03,P007,179,0,28,151,1
3804,2025-08-04,P007,151,199,40,310,11
3805,2025-08-05,P007,310,0,35,275,4
3806,2025-08-06,P007,275,0,41,234,11
3807,2025-08-07,P007,234,0,39,195,7
3808,2025-08-08,P007,195,0,30,165,2
3809,2025-08-09,P007,165,207,47,325,10
3810,2025-08-10,P007,325,0,36,289,9
3811,2025-08-11,P007,289,0,33,256,2
3812,2025-08-12,P007,256,0,43,213,7
3813,2025-08-13,P007,213,0,35,178,3
3814,2025-08-14,P007,178,0,40,138,14
3815,2025-08-15,P007,138,173,32,279,8
3816,2025-08-16,P007,279,0,26,253,10
3817,2025-08-17,P007,253,0,33,220,3
3818,2025-08-18,P007,220,0,38,182,11
3819,2025-08-19,P007,182,161,46,297,7
3820,2025-08-20,P007,297,0,33,264,6
3821,2025-08-21,P007,264,0,36,228,8
3822,2025-08-22,P007,228,0,38,190,8
3823,2025-08-23,P007,190,0,32,158,1
3824,2025-08-24,P007,158,231,35,354,11
3825,2025-08-25,P007,354,0,35,319,10
3826,2025-08-26,P007,319,0,46,273,2
3827,2025-08-27,P007,273,0,32,241,0
3828,2025-08-28,P007,241,0,42,199,4
3829,2025-08-29,P007,199,0,50,149,3
3830,2025-08-30,P007,149,140,44,245,14
3831,2025-08-31,P007,245,0,32,213,8
3832,2025-09-01,P007,213,0,48,165,10
3833,2025-09-02,P007,165,183,52,296,13
3834,2025-09-03,P007,296,0,41,255,9
3835,2025-09-04,P007,255,0,34,221,12
3836,2025-09-05,P007,221,0,36,185,0
3837,2025-09-06,P007,185,0,39,146,14
3838,2025-09-07,P007,146,245,36,355,10
3839,2025-09-08,P007,355,0,32,323,8
3840,2025-09-09,P007,323,0,37,286,15
3841,2025-09-10,P007,286,0,37,249,15
3842,2025-09-11,P007,249,0,37,212,15
3843,2025-09-12,P007,212,0,44,168,10
3844,2025-09-13,P007,168,205,29,344,3
3845,2025-09-14,P007,344,0,41,303,14
3846,2025-09-15,P007,303,0,40,263,13
3847,2025-09-16,P007,263,0,45,218,7
3848,2025-09-17,P007,218,0,35,183,11
3849,2025-09-18,P007,183,0,36,147,6
3850,2025-09-19,P007,147,200,32,315,2
3851,2025-09-20,P007,315,0,33,282,3
3852,2025-09-21,P007,282,0,34,248,0
3853,2025-09-22,P007,248,0,45,203,3
3854,2025-09-23,P007,203,0,35,168,13
3855,2025-09-24,P007,168,217,35,350,15
3856,2025-09-25,P007,350,0,37,313,8
3857,2025-09-26,P007,313,0,31,282,9
3858,2025-09-27,P007,282,0,36,246,13
3859,2025-09-28,P007,246,0,32,214,6
3860,2025-09-29,P007,214,0,40,174,2
3861,2025-09-30,P007,174,228,39,363,2
3862,2025-10-01,P007,363,0,33,330,11
3863,2025-10-02,P007,330,0,38,292,2
3864,2025-10-03,P007,292,0,34,258,12
3865,2025-10-04,P007,258,0,32,226,9
3866,2025-10-05,P007,226,0,30,196,3
3867,2025-10-06,P007,196,0,39,157,0
3868,2025-10-07,P007,157,220,46,331,8
3869,2025-10-08,P007,331,0,37,294,8
3870,2025-10-09,P007,294,0,43,251,10
3871,2025-10-10,P007,251,0,32,219,3
3872,2025-10-11,P007,219,0,35,184,12
3873,2025-10-12,P007,184,0,28,156,9
3874,2025-10-13,P007,156,0,32,124,5
3875,2025-10-14,P007,124,143,34,233,12
3876,2025-10-15,P007,233,0,41,192,13
3877,2025-10-16,P007,192,0,40,152,2
3878,2025-10-17,P007,152,0,40,112,0
3879,2025-10-18,P007,112,223,26,309,8
3880,2025-10-19,P007,309,0,31,278,9
3881,2025-10-20,P007,278,0,36,242,5
3882,2025-10-21,P007,242,0,37,205,10
3883,2025-10-22,P007,205,0,27,178,5
3884,2025-10-23,P007,178,0,32,146,8
3885,2025-10-24,P007,146,0,38,108,14
3886,2025-10-25,P007,108,167,37,238,1
3887,2025-10-26,P007,238,0,23,215,12
3888,2025-10-27,P007,215,0,35,180,9
3889,2025-10-28,P007,180,0,37,143,15
3890,2025-10-29,P007,143,0,39,104,0
3891,2025-10-30,P007,104,201,40,265,11
3892,2025-10-31,P007,265,0,42,223,6
3893,2025-11-01,P007,223,0,30,193,10
3894,2025-11-02,P007,193,0,26,167,6
3895,2025-11-03,P007,167,174,37,304,6
3896,2025-11-04,P007,304,0,43,261,10
3897,2025-11-05,P007,261,0,44,217,11
3898,2025-11-06,P007,217,0,44,173,3
3899,2025-11-07,P007,173,168,39,302,2
3900,2025-11-08,P007,302,0,34,268,13
3901,2025-11-09,P007,268,0,31,237,11
3902,2025-11-10,P007,237,0,37,200,8
3903,2025-11-11,P007,200,0,43,157,6
3904,2025-11-12,P007,157,163,33,287,8
3905,2025-11-13,P007,287,0,47,240,13
3906,2025-11-14,P007,240,0,35,205,7
3907,2025-11-15,P007,205,0,39,166,11
3908,2025-11-16,P007,166,193,27,332,15
3909,2025-11-17,P007,332,0,41,291,6
3910,2025-11-18,P007,291,0,46,245,15
3911,2025-11-19,P007,245,0,31,214,15
3912,2025-11-20,P007,214,0,37,177,15
3913,2025-11-21,P007,177,237,40,374,1
3914,2025-11-22,P007,374,0,28,346,9
3915,2025-11-23,P007,346,0,26,320,7
3916,2025-11-24,P007,320,0,38,282,15
3917,2025-11-25,P007,282,0,49,233,3
3918,2025-11-26,P007,233,0,41,192,8
3919,2025-11-27,P007,192,0,43,149,4
3920,2025-11-28,P007,149,154,39,264,12
3921,2025-11-29,P007,264,0,42,222,13
3922,2025-11-30,P007,222,0,35,187,10
3923,2025-12-01,P007,187,0,37,150,13
3924,2025-12-02,P007,150,185,41,294,11
3925,2025-12-03,P007,294,0,48,246,6
3926,2025-12-04,P007,246,0,35,211,5
3927,2025-12-05,P007,211,0,43,168,8
3928,2025-12-06,P007,168,166,35,299,8
3929,2025-12-07,P007,299,0,28,271,15
3930,2025-12-08,P007,271,0,36,235,13
3931,2025-12-09,P007,235,0,43,192,12
3932,2025-12-10,P007,192,0,42,150,9
3933,2025-12-11,P007,150,228,41,337,8
3934,2025-12-12,P007,337,0,44,293,9
3935,2025-12-13,P007,293,0,34,259,0
3936,2025-12-14,P007,259,0,32,227,13
3937,2025-12-15,P007,227,0,43,184,12
3938,2025-12-16,P007,184,0,30,154,9
3939,2025-12-17,P007,154,167,36,285,5
3940,2025-12-18,P007,285,0,33,252,6
3941,2025-12-19,P007,252,0,50,202,12
3942,2025-12-20,P007,202,0,37,165,7
3943,2025-12-21,P007,165,220,29,356,0
3944,2025-12-22,P007,356,0,28,328,2
3945,2025-12-23,P007,328,0,34,294,3
3946,2025-12-24,P007,294,0,41,253,15
3947,2025-12-25,P007,253,0,38,215,5
3948,2025-12-26,P007,215,0,38,177,3
3949,2025-12-27,P007,177,0,33,144,6
3950,2025-12-28,P007,144,233,29,348,6
3951,2025-12-29,P007,348,0,42,306,0
3952,2025-12-30,P007,306,0,35,271,5
3953,2025-12-31,P007,271,0,50,221,1
3954,2026-01-01,P007,221,0,33,188,0
3955,2026-01-02,P007,188,0,29,159,11
3956,2026-01-03,P007,159,0,32,127,10
3957,2026-01-04,P007,127,245,28,344,5
3958,2026-01-05,P007,344,0,32,312,6
3959,2026-01-06,P007,312,0,36,276,13
3960,2026-01-07,P007,276,0,36,240,3
3961,2026-01-08,P007,240,0,28,212,13
3962,2026-01-09,P007,212,0,53,159,1
3963,2026-01-10,P007,159,245,28,376,13
3964,2026-01-11,P007,376,0,31,345,2
3965,2026-01-12,P007,345,0,35,310,3
3966,2026-01-13,P007,310,0,32,278,7
3967,2026-01-14,P007,278,0,35,243,13
3968,2026-01-15,P007,243,0,26,217,8
3969,2026-01-16,P007,217,0,41,176,1
3970,2026-01-17,P007,176,0,36,140,13
3971,2026-01-18,P007,140,209,29,320,1
3972,2026-01-19,P007,320,0,29,291,11
3973,2026-01-20,P007,291,0,36,255,2
3974,2026-01-21,P007,255,0,35,220,9
3975,2026-01-22,P007,220,0,37,183,1
3976,2026-01-23,P007,183,0,32,151,9
3977,2026-01-24,P007,151,202,31,322,7
3978,2026-01-25,P007,322,0,32,290,11
3979,2026-01-26,P007,290,0,37,253,1
3980,2026-01-27,P007,253,0,27,226,7
3981,2026-01-28,P007,226,0,39,187,3
3982,2026-01-29,P007,187,0,37,150,9
3983,2026-01-30,P007,150,246,43,353,9
3984,2026-01-31,P007,353,0,31,322,2
3985,2026-02-01,P007,322,0,30,292,12
3986,2026-02-02,P007,292,0,27,265,7
3987,2026-02-03,P007,265,0,34,231,5
3988,2026-02-04,P007,231,0,32,199,5
3989,2026-02-05,P007,199,0,42,157,10
3990,2026-02-06,P007,157,249,30,376,7
3991,2026-02-07,P007,376,0,24,352,7
3992,2026-02-08,P007,352,0,36,316,13
3993,2026-02-09,P007,316,0,26,290,13
3994,2026-02-10,P007,290,0,37,253,0
3995,2026-02-11,P007,253,0,33,220,5
3996,2026-02-12,P007,220,0,35,185,7
3997,2026-02-13,P007,185,0,36,149,10
3998,2026-02-14,P007,149,233,26,356,2
3999,2026-02-15,P007,356,0,36,320,15
4000,2026-02-16,P007,320,0,36,284,4
4001,2026-02-17,P007,284,0,29,255,3
4002,2026-02-18,P007,255,0,34,221,3
4003,2026-02-19,P007,221,0,33,188,5
4004,2026-02-20,P007,188,0,36,152,2
4005,2026-02-21,P007,152,244,25,371,10
4006,2026-02-22,P007,371,0,33,338,2
4007,2026-02-23,P007,338,0,23,315,0
4008,2026-02-24,P007,315,0,29,286,4
4009,2026-02-25,P007,286,0,33,253,14
4010,2026-02-26,P007,253,0,36,217,2
4011,2026-02-27,P007,217,0,59,158,0
4012,2026-02-28,P007,158,222,30,350,2
4013,2026-03-01,P007,350,0,29,321,8
4014,2026-03-02,P007,321,0,33,288,14
4015,2026-03-03,P007,288,0,38,250,13
4016,2026-03-04,P007,250,0,33,217,1
4017,2026-03-05,P007,217,0,31,186,10
4018,2026-03-06,P007,186,0,38,148,12
4019,2026-03-07,P007,148,167,28,287,1
4020,2026-03-08,P007,287,0,32,255,8
4021,2026-03-09,P007,255,0,47,208,14
4022,2026-03-10,P007,208,0,31,177,14
4023,2026-03-11,P007,177,0,29,148,12
4024,2026-03-12,P007,148,0,36,112,10
4025,2026-03-13,P007,112,165,32,245,8
4026,2026-03-14,P007,245,0,28,217,12
4027,2026-03-15,P007,217,0,26,191,8
4028,2026-03-16,P007,191,0,38,153,10
4029,2026-03-17,P007,153,218,45,326,10
4030,2026-03-18,P007,326,0,38,288,8
4031,2026-03-19,P007,288,0,42,246,12
4032,2026-03-20,P007,246,0,33,213,6
4033,2026-03-21,P007,213,0,30,183,15
4034,2026-03-22,P007,183,0,21,162,6
4035,2026-03-23,P007,162,141,39,264,1
4036,2026-03-24,P007,264,0,36,228,7
4037,2026-03-25,P007,228,0,37,191,0
4038,2026-03-26,P007,191,0,34,157,8
4039,2026-03-27,P007,157,188,32,313,12
4040,2026-03-28,P007,313,0,29,284,4
4041,2026-03-29,P007,284,0,33,251,7
4042,2026-03-30,P007,251,0,40,211,9
4043,2026-03-31,P007,211,0,27,184,5
4044,2026-04-01,P007,184,0,35,149,11
4045,2026-04-02,P007,149,222,36,335,1
4046,2026-04-03,P007,335,0,36,299,3
4047,2026-04-04,P007,299,0,32,267,4
4048,2026-04-05,P007,267,0,40,227,2
4049,2026-04-06,P007,227,0,34,193,9
4050,2026-04-07,P007,193,0,35,158,0
4051,2026-04-08,P007,158,153,31,280,2
4052,2026-04-09,P007,280,0,39,241,4
4053,2026-04-10,P007,241,0,40,201,11
4054,2026-04-11,P007,201,0,32,169,4
4055,2026-04-12,P007,169,0,26,143,1
4056,2026-04-13,P007,143,232,34,341,3
4057,2026-04-14,P007,341,0,44,297,15
4058,2026-04-15,P007,297,0,37,260,9
4059,2026-04-16,P007,260,0,42,218,3
4060,2026-04-17,P007,218,0,44,174,9
4061,2026-04-18,P007,174,193,38,329,13
4062,2026-04-19,P007,329,0,34,295,7
4063,2026-04-20,P007,295,0,33,262,14
4064,2026-04-21,P007,262,0,37,225,1
4065,2026-04-22,P007,225,0,31,194,15
4066,2026-04-23,P007,194,0,34,160,1
4067,2026-04-24,P007,160,238,37,361,7
4068,2026-04-25,P007,361,0,33,328,15
4069,2026-04-26,P007,328,0,26,302,6
4070,2026-04-27,P007,302,0,43,259,14
4071,2026-04-28,P007,259,0,40,219,11
4072,2026-04-29,P007,219,0,30,189,2
4073,2026-04-30,P007,189,0,27,162,8
4074,2026-05-01,P007,162,170,36,296,10
4075,2026-05-02,P007,296,0,29,267,11
4076,2026-05-03,P007,267,0,29,238,8
4077,2026-05-04,P007,238,0,30,208,13
4078,2026-05-05,P007,208,0,32,176,5
4079,2026-05-06,P007,176,0,36,140,4
4080,2026-05-07,P007,140,208,30,318,9
4081,2026-05-08,P007,318,0,35,283,14
4082,2026-05-09,P007,283,0,29,254,12
4083,2026-05-10,P007,254,0,33,221,12
4084,2026-05-11,P007,221,0,28,193,1
4085,2026-05-12,P007,193,0,40,153,1
4086,2026-05-13,P007,153,179,35,297,0
4087,2026-05-14,P007,297,0,36,261,2
4088,2026-05-15,P007,261,0,43,218,4
4089,2026-05-16,P007,218,0,37,181,12
4090,2026-05-17,P007,181,0,28,153,3
4091,2026-05-18,P007,153,187,27,313,3
4092,2026-05-19,P007,313,0,36,277,11
4093,2026-05-20,P007,277,0,32,245,3
4094,2026-05-21,P007,245,0,36,209,9
4095,2026-05-22,P007,209,0,42,167,3
4096,2026-05-23,P007,167,0,26,141,11
4097,2026-05-24,P007,141,178,31,288,1
4098,2026-05-25,P007,288,0,29,259,1
4099,2026-05-26,P007,259,0,36,223,9
4100,2026-05-27,P007,223,0,37,186,12
4101,2026-05-28,P007,186,0,29,157,10
4102,2026-05-29,P007,157,210,31,336,8
4103,2026-05-30,P007,336,0,37,299,12
4104,2026-05-31,P007,299,0,34,265,11
4105,2026-06-01,P007,265,0,35,230,8
4106,2026-06-02,P007,230,0,33,197,8
4107,2026-06-03,P007,197,0,34,163,10
4108,2026-06-04,P007,163,0,42,121,14
4109,2026-06-05,P007,121,0,33,88,11
4110,2026-06-06,P007,88,252,31,309,2
4111,2026-06-07,P007,309,0,31,278,5
4112,2026-06-08,P007,278,0,33,245,7
4113,2026-06-09,P007,245,0,39,206,9
4114,2026-06-10,P007,206,0,43,163,0
4115,2026-06-11,P007,163,150,43,270,10
4116,2026-06-12,P007,270,0,29,241,4
4117,2026-06-13,P007,241,0,30,211,5
4118,2026-06-14,P007,211,0,25,186,0
4119,2026-06-15,P007,186,0,40,146,9
4120,2026-06-16,P007,146,151,31,266,11
4121,2026-06-17,P007,266,0,39,227,0
4122,2026-06-18,P007,227,0,37,190,15
4123,2026-06-19,P007,190,0,38,152,13
4124,2026-06-20,P007,152,231,33,350,8
4125,2026-06-21,P007,350,0,44,306,5
4126,2026-06-22,P007,306,0,32,274,0
4127,2026-06-23,P007,274,0,30,244,3
4128,2026-06-24,P007,244,0,46,198,4
4129,2026-06-25,P007,198,0,28,170,3
4130,2026-06-26,P007,170,239,38,371,5
4131,2026-06-27,P007,371,0,34,337,1
4132,2026-06-28,P007,337,0,29,308,9
4133,2026-06-29,P007,308,0,39,269,7
4134,2026-06-30,P007,269,0,38,231,8
4135,2026-07-01,P007,231,0,31,200,5
4136,2026-07-02,P007,200,0,36,164,5
4137,2026-07-03,P007,164,157,36,285,9
4138,2026-07-04,P007,285,0,34,251,2
4139,2026-07-05,P007,251,0,31,220,11
4140,2026-07-06,P007,220,0,34,186,14
4141,2026-07-07,P007,186,0,33,153,14
4142,2026-07-08,P007,153,200,42,311,6
4143,2026-07-09,P007,311,0,35,276,9
4144,2026-07-10,P007,276,0,38,238,3
4145,2026-07-11,P007,238,0,23,215,7
4146,2026-07-12,P007,215,0,19,196,14
4147,2026-07-13,P007,196,0,39,157,4
4148,2026-07-14,P007,157,231,43,345,14
4149,2026-07-15,P007,345,0,45,300,7
4150,2026-07-16,P007,300,0,32,268,10
4151,2026-07-17,P007,268,0,40,228,15
4152,2026-07-18,P007,228,0,37,191,3
4153,2026-07-19,P007,191,0,32,159,6
4154,2026-07-20,P007,159,148,45,262,14
4155,2026-07-21,P007,262,0,39,223,14
4156,2026-07-22,P007,223,0,30,193,8
4157,2026-07-23,P007,193,0,35,158,15
4158,2026-07-24,P007,158,248,31,375,11
4159,2026-07-25,P007,375,0,26,349,6
4160,2026-07-26,P007,349,0,38,311,11
4161,2026-07-27,P007,311,0,36,275,5
4162,2026-07-28,P007,275,0,37,238,10
4163,2026-07-29,P007,238,0,33,205,10
4164,2026-07-30,P007,205,0,28,177,7
4165,2026-07-31,P007,177,0,30,147,10
4166,2026-08-01,P007,147,234,42,339,10
4167,2026-08-02,P007,339,0,36,303,3
4168,2026-08-03,P007,303,0,43,260,10
4169,2026-08-04,P007,260,0,44,216,8
4170,2026-08-05,P007,216,0,39,177,3
4171,2026-08-06,P007,177,0,37,140,9
4172,2026-08-07,P007,140,146,37,249,9
4173,2026-08-08,P007,249,0,42,207,7
4174,2026-08-09,P007,207,0,34,173,15
4175,2026-08-10,P007,173,176,39,310,7
4176,2026-08-11,P007,310,0,47,263,0
4177,2026-08-12,P007,263,0,43,220,9
4178,2026-08-13,P007,220,0,42,178,12
4179,2026-08-14,P007,178,194,55,317,8
4180,2026-08-15,P007,317,0,32,285,3
4181,2026-08-16,P007,285,0,36,249,9
4182,2026-08-17,P007,249,0,40,209,9
4183,2026-08-18,P007,209,0,44,165,4
4184,2026-08-19,P007,165,243,36,372,1
4185,2026-08-20,P007,372,0,38,334,12
4186,2026-08-21,P007,334,0,39,295,6
4187,2025-01-01,P008,307,0,119,188,15
4188,2025-01-02,P008,188,304,85,407,1
4189,2025-01-03,P008,407,0,88,319,3
4190,2025-01-04,P008,319,0,81,238,10
4191,2025-01-05,P008,238,0,85,153,0
4192,2025-01-06,P008,153,180,96,237,13
4193,2025-01-07,P008,237,266,107,396,9
4194,2025-01-08,P008,396,0,66,330,10
4195,2025-01-09,P008,330,0,66,264,8
4196,2025-01-10,P008,264,262,87,439,5
4197,2025-01-11,P008,439,0,92,347,12
4198,2025-01-12,P008,347,0,66,281,11
4199,2025-01-13,P008,281,0,59,222,7
4200,2025-01-14,P008,222,245,99,368,15
4201,2025-01-15,P008,368,0,96,272,13
4202,2025-01-16,P008,272,0,81,191,1
4203,2025-01-17,P008,191,270,82,379,12
4204,2025-01-18,P008,379,0,72,307,7
4205,2025-01-19,P008,307,0,102,205,10
4206,2025-01-20,P008,205,205,106,304,7
4207,2025-01-21,P008,304,0,114,190,8
4208,2025-01-22,P008,190,187,71,306,5
4209,2025-01-23,P008,306,0,84,222,14
4210,2025-01-24,P008,222,247,81,388,15
4211,2025-01-25,P008,388,0,80,308,1
4212,2025-01-26,P008,308,0,77,231,3
4213,2025-01-27,P008,231,0,102,129,5
4214,2025-01-28,P008,129,0,72,57,10
4215,2025-01-29,P008,57,231,94,231,13
4216,2025-01-30,P008,231,277,100,408,7
4217,2025-01-31,P008,408,0,114,294,9
4218,2025-02-01,P008,294,0,77,217,1
4219,2025-02-02,P008,217,206,85,338,3
4220,2025-02-03,P008,338,0,73,265,0
4221,2025-02-04,P008,265,0,67,198,8
4222,2025-02-05,P008,198,313,103,408,1
4223,2025-02-06,P008,408,0,121,287,9
4224,2025-02-07,P008,287,0,107,180,12
4225,2025-02-08,P008,180,272,68,384,6
4226,2025-02-09,P008,384,0,87,297,9
4227,2025-02-10,P008,297,0,115,182,6
4228,2025-02-11,P008,182,288,98,372,13
4229,2025-02-12,P008,372,0,97,275,13
4230,2025-02-13,P008,275,0,94,181,6
4231,2025-02-14,P008,181,211,76,316,13
4232,2025-02-15,P008,316,0,95,221,12
4233,2025-02-16,P008,221,0,76,145,11
4234,2025-02-17,P008,145,306,100,351,14
4235,2025-02-18,P008,351,0,76,275,6
4236,2025-02-19,P008,275,0,81,194,1
4237,2025-02-20,P008,194,266,109,351,9
4238,2025-02-21,P008,351,0,90,261,6
4239,2025-02-22,P008,261,227,97,391,7
4240,2025-02-23,P008,391,0,82,309,6
4241,2025-02-24,P008,309,0,73,236,2
4242,2025-02-25,P008,236,234,104,366,2
4243,2025-02-26,P008,366,0,87,279,4
4244,2025-02-27,P008,279,191,102,368,3
4245,2025-02-28,P008,368,0,94,274,3
4246,2025-03-01,P008,274,0,71,203,1
4247,2025-03-02,P008,203,305,109,399,15
4248,2025-03-03,P008,399,0,124,275,6
4249,2025-03-04,P008,275,0,105,170,0
4250,2025-03-05,P008,170,0,97,73,14
4251,2025-03-06,P008,73,323,120,323,3
4252,2025-03-07,P008,323,0,103,220,12
4253,2025-03-08,P008,220,295,97,418,0
4254,2025-03-09,P008,418,0,75,343,13
4255,2025-03-10,P008,343,0,103,240,12
4256,2025-03-11,P008,240,0,127,113,9
4257,2025-03-12,P008,113,0,89,24,6
4258,2025-03-13,P008,24,0,116,0,0
4259,2025-03-14,P008,0,318,97,318,6
4260,2025-03-15,P008,318,0,77,241,7
4261,2025-03-16,P008,241,0,98,143,2
4262,2025-03-17,P008,143,305,96,352,4
4263,2025-03-18,P008,352,0,108,244,9
4264,2025-03-19,P008,244,191,97,338,3
4265,2025-03-20,P008,338,0,98,240,8
4266,2025-03-21,P008,240,258,104,394,6
4267,2025-03-22,P008,394,0,91,303,7
4268,2025-03-23,P008,303,0,65,238,8
4269,2025-03-24,P008,238,312,87,463,8
4270,2025-03-25,P008,463,0,111,352,15
4271,2025-03-26,P008,352,0,129,223,7
4272,2025-03-27,P008,223,252,92,383,7
4273,2025-03-28,P008,383,0,83,300,10
4274,2025-03-29,P008,300,0,77,223,6
4275,2025-03-30,P008,223,0,66,157,5
4276,2025-03-31,P008,157,0,96,61,0
4277,2025-04-01,P008,61,266,91,266,7
4278,2025-04-02,P008,266,274,88,452,9
4279,2025-04-03,P008,452,0,100,352,13
4280,2025-04-04,P008,352,0,103,249,4
4281,2025-04-05,P008,249,0,135,114,1
4282,2025-04-06,P008,114,237,71,280,1
4283,2025-04-07,P008,280,208,116,372,4
4284,2025-04-08,P008,372,0,112,260,12
4285,2025-04-09,P008,260,282,90,452,1
4286,2025-04-10,P008,452,0,101,351,3
4287,2025-04-11,P008,351,0,96,255,15
4288,2025-04-12,P008,255,270,88,437,10
4289,2025-04-13,P008,437,0,105,332,11
4290,2025-04-14,P008,332,0,108,224,11
4291,2025-04-15,P008,224,268,105,387,3
4292,2025-04-16,P008,387,0,95,292,2
4293,2025-04-17,P008,292,0,100,192,14
4294,2025-04-18,P008,192,0,98,94,12
4295,2025-04-19,P008,94,0,102,0,0
4296,2025-04-20,P008,0,278,73,278,13
4297,2025-04-21,P008,278,0,89,189,4
4298,2025-04-22,P008,189,238,100,327,13
4299,2025-04-23,P008,327,0,87,240,15
4300,2025-04-24,P008,240,180,91,329,8
4301,2025-04-25,P008,329,0,93,236,2
4302,2025-04-26,P008,236,308,73,471,1
4303,2025-04-27,P008,471,0,76,395,1
4304,2025-04-28,P008,395,0,106,289,5
4305,2025-04-29,P008,289,0,86,203,12
4306,2025-04-30,P008,203,0,81,122,3
4307,2025-05-01,P008,122,262,87,297,15
4308,2025-05-02,P008,297,0,101,196,8
4309,2025-05-03,P008,196,0,82,114,11
4310,2025-05-04,P008,114,0,80,34,8
4311,2025-05-05,P008,34,218,117,218,15
4312,2025-05-06,P008,218,234,77,375,2
4313,2025-05-07,P008,375,0,118,257,14
4314,2025-05-08,P008,257,197,98,356,0
4315,2025-05-09,P008,356,0,90,266,11
4316,2025-05-10,P008,266,293,95,464,5
4317,2025-05-11,P008,464,0,91,373,11
4318,2025-05-12,P008,373,0,109,264,13
4319,2025-05-13,P008,264,237,96,405,6
4320,2025-05-14,P008,405,0,92,313,15
4321,2025-05-15,P008,313,0,98,215,6
4322,2025-05-16,P008,215,0,93,122,6
4323,2025-05-17,P008,122,0,95,27,2
4324,2025-05-18,P008,27,186,73,186,0
4325,2025-05-19,P008,186,0,88,98,5
4326,2025-05-20,P008,98,185,111,185,2
4327,2025-05-21,P008,185,295,87,393,14
4328,2025-05-22,P008,393,0,109,284,12
4329,2025-05-23,P008,284,279,124,439,12
4330,2025-05-24,P008,439,0,108,331,4
4331,2025-05-25,P008,331,0,91,240,11
4332,2025-05-26,P008,240,274,104,410,15
4333,2025-05-27,P008,410,0,102,308,15
4334,2025-05-28,P008,308,0,99,209,9
4335,2025-05-29,P008,209,204,100,313,4
4336,2025-05-30,P008,313,0,87,226,9
4337,2025-05-31,P008,226,224,68,382,2
4338,2025-06-01,P008,382,0,87,295,15
4339,2025-06-02,P008,295,0,87,208,5
4340,2025-06-03,P008,208,0,94,114,15
4341,2025-06-04,P008,114,218,107,225,2
4342,2025-06-05,P008,225,0,99,126,8
4343,2025-06-06,P008,126,253,116,263,15
4344,2025-06-07,P008,263,324,120,467,2
4345,2025-06-08,P008,467,0,80,387,6
4346,2025-06-09,P008,387,0,94,293,13
4347,2025-06-10,P008,293,291,117,467,2
4348,2025-06-11,P008,467,0,77,390,13
4349,2025-06-12,P008,390,0,88,302,9
4350,2025-06-13,P008,302,0,106,196,2
4351,2025-06-14,P008,196,278,66,408,7
4352,2025-06-15,P008,408,0,84,324,4
4353,2025-06-16,P008,324,0,96,228,14
4354,2025-06-17,P008,228,0,79,149,9
4355,2025-06-18,P008,149,269,115,303,11
4356,2025-06-19,P008,303,0,105,198,0
4357,2025-06-20,P008,198,241,100,339,6
4358,2025-06-21,P008,339,0,79,260,6
4359,2025-06-22,P008,260,0,93,167,15
4360,2025-06-23,P008,167,311,101,377,5
4361,2025-06-24,P008,377,0,98,279,8
4362,2025-06-25,P008,279,0,89,190,5
4363,2025-06-26,P008,190,0,117,73,11
4364,2025-06-27,P008,73,307,109,307,1
4365,2025-06-28,P008,307,0,81,226,9
4366,2025-06-29,P008,226,239,103,362,8
4367,2025-06-30,P008,362,0,90,272,9
4368,2025-07-01,P008,272,0,94,178,12
4369,2025-07-02,P008,178,0,89,89,9
4370,2025-07-03,P008,89,303,99,303,8
4371,2025-07-04,P008,303,0,78,225,13
4372,2025-07-05,P008,225,0,80,145,3
4373,2025-07-06,P008,145,201,80,266,0
4374,2025-07-07,P008,266,275,95,446,4
4375,2025-07-08,P008,446,0,109,337,5
4376,2025-07-09,P008,337,0,101,236,2
4377,2025-07-10,P008,236,0,68,168,2
4378,2025-07-11,P008,168,270,123,315,2
4379,2025-07-12,P008,315,0,90,225,5
4380,2025-07-13,P008,225,323,79,469,13
4381,2025-07-14,P008,469,0,98,371,12
4382,2025-07-15,P008,371,0,100,271,1
4383,2025-07-16,P008,271,0,87,184,5
4384,2025-07-17,P008,184,240,98,326,11
4385,2025-07-18,P008,326,0,88,238,3
4386,2025-07-19,P008,238,264,79,423,5
4387,2025-07-20,P008,423,0,77,346,5
4388,2025-07-21,P008,346,0,81,265,10
4389,2025-07-22,P008,265,253,170,348,11
4390,2025-07-23,P008,348,0,103,245,14
4391,2025-07-24,P008,245,200,102,343,15
4392,2025-07-25,P008,343,0,110,233,12
4393,2025-07-26,P008,233,206,89,350,1
4394,2025-07-27,P008,350,0,80,270,2
4395,2025-07-28,P008,270,0,105,165,6
4396,2025-07-29,P008,165,0,79,86,8
4397,2025-07-30,P008,86,303,85,304,6
4398,2025-07-31,P008,304,0,97,207,1
4399,2025-08-01,P008,207,254,129,332,2
4400,2025-08-02,P008,332,0,113,219,8
4401,2025-08-03,P008,219,237,112,344,14
4402,2025-08-04,P008,344,0,134,210,11
4403,2025-08-05,P008,210,250,106,354,10
4404,2025-08-06,P008,354,0,124,230,8
4405,2025-08-07,P008,230,0,111,119,11
4406,2025-08-08,P008,119,0,132,0,0
4407,2025-08-09,P008,0,0,100,0,0
4408,2025-08-10,P008,0,239,99,239,6
4409,2025-08-11,P008,239,284,120,403,10
4410,2025-08-12,P008,403,0,134,269,8
4411,2025-08-13,P008,269,0,105,164,14
4412,2025-08-14,P008,164,294,119,339,2
4413,2025-08-15,P008,339,0,103,236,11
4414,2025-08-16,P008,236,198,75,359,13
4415,2025-08-17,P008,359,0,110,249,12
4416,2025-08-18,P008,249,0,128,121,11
4417,2025-08-19,P008,121,203,120,204,14
4418,2025-08-20,P008,204,322,93,433,12
4419,2025-08-21,P008,433,0,115,318,8
4420,2025-08-22,P008,318,0,87,231,4
4421,2025-08-23,P008,231,235,117,349,13
4422,2025-08-24,P008,349,0,88,261,1
4423,2025-08-25,P008,261,0,136,125,15
4424,2025-08-26,P008,125,0,134,0,0
4425,2025-08-27,P008,0,0,107,0,0
4426,2025-08-28,P008,0,0,106,0,0
4427,2025-08-29,P008,0,212,122,212,9
4428,2025-08-30,P008,212,205,89,328,12
4429,2025-08-31,P008,328,0,107,221,10
4430,2025-09-01,P008,221,252,111,362,9
4431,2025-09-02,P008,362,0,93,269,3
4432,2025-09-03,P008,269,0,89,180,0
4433,2025-09-04,P008,180,248,123,305,0
4434,2025-09-05,P008,305,0,114,191,0
4435,2025-09-06,P008,191,237,101,327,0
4436,2025-09-07,P008,327,0,117,210,8
4437,2025-09-08,P008,210,184,131,263,14
4438,2025-09-09,P008,263,281,111,433,3
4439,2025-09-10,P008,433,0,150,283,1
4440,2025-09-11,P008,283,0,126,157,14
4441,2025-09-12,P008,157,289,96,350,10
4442,2025-09-13,P008,350,0,105,245,2
4443,2025-09-14,P008,245,206,139,312,15
4444,2025-09-15,P008,312,0,125,187,0
4445,2025-09-16,P008,187,0,104,83,14
4446,2025-09-17,P008,83,199,111,199,10
4447,2025-09-18,P008,199,246,106,339,3
4448,2025-09-19,P008,339,0,121,218,13
4449,2025-09-20,P008,218,0,113,105,2
4450,2025-09-21,P008,105,262,127,262,13
4451,2025-09-22,P008,262,314,116,460,13
4452,2025-09-23,P008,460,0,117,343,13
4453,2025-09-24,P008,343,0,134,209,15
4454,2025-09-25,P008,209,319,127,401,10
4455,2025-09-26,P008,401,288,226,463,5
4456,2025-09-27,P008,463,0,105,358,0
4457,2025-09-28,P008,358,0,92,266,6
4458,2025-09-29,P008,266,0,100,166,11
4459,2025-09-30,P008,166,312,95,383,11
4460,2025-10-01,P008,383,0,129,254,14
4461,2025-10-02,P008,254,195,126,323,2
4462,2025-10-03,P008,323,0,138,185,10
4463,2025-10-04,P008,185,0,138,47,9
4464,2025-10-05,P008,47,0,111,0,0
4465,2025-10-06,P008,0,184,108,184,12
4466,2025-10-07,P008,184,322,93,413,10
4467,2025-10-08,P008,413,0,128,285,2
4468,2025-10-09,P008,285,321,143,463,2
4469,2025-10-10,P008,463,0,111,352,2
4470,2025-10-11,P008,352,0,111,241,12
4471,2025-10-12,P008,241,305,104,442,15
4472,2025-10-13,P008,442,0,138,304,6
4473,2025-10-14,P008,304,194,125,373,10
4474,2025-10-15,P008,373,0,127,246,3
4475,2025-10-16,P008,246,283,123,406,13
4476,2025-10-17,P008,406,0,117,289,14
4477,2025-10-18,P008,289,0,97,192,11
4478,2025-10-19,P008,192,205,110,287,12
4479,2025-10-20,P008,287,0,97,190,10
4480,2025-10-21,P008,190,215,126,279,6
4481,2025-10-22,P008,279,231,102,408,9
4482,2025-10-23,P008,408,0,122,286,5
4483,2025-10-24,P008,286,323,124,485,6
4484,2025-10-25,P008,485,0,113,372,12
4485,2025-10-26,P008,372,0,100,272,11
4486,2025-10-27,P008,272,0,92,180,14
4487,2025-10-28,P008,180,236,121,295,11
4488,2025-10-29,P008,295,0,109,186,14
4489,2025-10-30,P008,186,207,124,269,13
4490,2025-10-31,P008,269,254,112,411,11
4491,2025-11-01,P008,411,0,112,299,2
4492,2025-11-02,P008,299,0,90,209,4
4493,2025-11-03,P008,209,249,104,354,1
4494,2025-11-04,P008,354,0,107,247,5
4495,2025-11-05,P008,247,293,132,408,6
4496,2025-11-06,P008,408,0,144,264,1
4497,2025-11-07,P008,264,209,106,367,9
4498,2025-11-08,P008,367,0,119,248,14
4499,2025-11-09,P008,248,193,87,354,8
4500,2025-11-10,P008,354,0,94,260,0
4501,2025-11-11,P008,260,227,104,383,13
4502,2025-11-12,P008,383,0,91,292,4
4503,2025-11-13,P008,292,0,113,179,5
4504,2025-11-14,P008,179,271,114,336,6
4505,2025-11-15,P008,336,0,93,243,14
4506,2025-11-16,P008,243,210,104,349,0
4507,2025-11-17,P008,349,0,124,225,11
4508,2025-11-18,P008,225,293,120,398,4
4509,2025-11-19,P008,398,0,121,277,14
4510,2025-11-20,P008,277,190,114,353,13
4511,2025-11-21,P008,353,0,123,230,12
4512,2025-11-22,P008,230,250,109,371,0
4513,2025-11-23,P008,371,0,98,273,11
4514,2025-11-24,P008,273,0,104,169,15
4515,2025-11-25,P008,169,184,107,246,7
4516,2025-11-26,P008,246,241,97,390,15
4517,2025-11-27,P008,390,0,107,283,8
4518,2025-11-28,P008,283,195,123,355,6
4519,2025-11-29,P008,355,0,104,251,0
4520,2025-11-30,P008,251,323,92,482,4
4521,2025-12-01,P008,482,0,108,374,8
4522,2025-12-02,P008,374,0,128,246,3
4523,2025-12-03,P008,246,0,124,122,1
4524,2025-12-04,P008,122,287,137,287,15
4525,2025-12-05,P008,287,256,136,407,4
4526,2025-12-06,P008,407,0,118,289,14
4527,2025-12-07,P008,289,0,85,204,2
4528,2025-12-08,P008,204,0,133,71,2
4529,2025-12-09,P008,71,234,116,234,14
4530,2025-12-10,P008,234,313,102,445,0
4531,2025-12-11,P008,445,0,122,323,1
4532,2025-12-12,P008,323,0,122,201,8
4533,2025-12-13,P008,201,294,109,386,4
4534,2025-12-14,P008,386,0,95,291,0
4535,2025-12-15,P008,291,315,163,443,5
4536,2025-12-16,P008,443,0,100,343,6
4537,2025-12-17,P008,343,0,125,218,14
4538,2025-12-18,P008,218,304,111,411,0
4539,2025-12-19,P008,411,0,119,292,14
4540,2025-12-20,P008,292,197,143,346,10
4541,2025-12-21,P008,346,0,84,262,5
4542,2025-12-22,P008,262,0,150,112,9
4543,2025-12-23,P008,112,248,94,266,9
4544,2025-12-24,P008,266,191,102,355,4
4545,2025-12-25,P008,355,0,123,232,6
4546,2025-12-26,P008,232,204,122,314,0
4547,2025-12-27,P008,314,0,104,210,6
4548,2025-12-28,P008,210,0,102,108,15
4549,2025-12-29,P008,108,247,116,247,1
4550,2025-12-30,P008,247,227,120,354,10
4551,2025-12-31,P008,354,0,130,224,8
4552,2026-01-01,P008,224,186,107,303,6
4553,2026-01-02,P008,303,0,108,195,3
4554,2026-01-03,P008,195,311,73,433,3
4555,2026-01-04,P008,433,0,91,342,1
4556,2026-01-05,P008,342,0,95,247,7
4557,2026-01-06,P008,247,228,88,387,0
4558,2026-01-07,P008,387,0,104,283,14
4559,2026-01-08,P008,283,0,91,192,3
4560,2026-01-09,P008,192,318,115,395,6
4561,2026-01-10,P008,395,0,73,322,1
4562,2026-01-11,P008,322,0,110,212,10
4563,2026-01-12,P008,212,258,106,364,11
4564,2026-01-13,P008,364,0,115,249,0
4565,2026-01-14,P008,249,320,119,450,4
4566,2026-01-15,P008,450,0,100,350,15
4567,2026-01-16,P008,350,0,105,245,11
4568,2026-01-17,P008,245,319,101,463,12
4569,2026-01-18,P008,463,0,100,363,11
4570,2026-01-19,P008,363,0,102,261,3
4571,2026-01-20,P008,261,306,94,473,8
4572,2026-01-21,P008,473,0,102,371,9
4573,2026-01-22,P008,371,0,104,267,13
4574,2026-01-23,P008,267,246,100,413,4
4575,2026-01-24,P008,413,0,76,337,5
4576,2026-01-25,P008,337,0,84,253,6
4577,2026-01-26,P008,253,317,85,485,12
4578,2026-01-27,P008,485,0,130,355,8
4579,2026-01-28,P008,355,0,90,265,5
4580,2026-01-29,P008,265,182,104,343,9
4581,2026-01-30,P008,343,0,112,231,13
4582,2026-01-31,P008,231,298,83,446,2
4583,2026-02-01,P008,446,0,87,359,15
4584,2026-02-02,P008,359,0,104,255,9
4585,2026-02-03,P008,255,272,103,424,9
4586,2026-02-04,P008,424,0,115,309,1
4587,2026-02-05,P008,309,0,108,201,13
4588,2026-02-06,P008,201,201,107,295,4
4589,2026-02-07,P008,295,0,90,205,8
4590,2026-02-08,P008,205,201,74,332,2
4591,2026-02-09,P008,332,0,91,241,13
4592,2026-02-10,P008,241,205,111,335,5
4593,2026-02-11,P008,335,0,133,202,8
4594,2026-02-12,P008,202,209,78,333,3
4595,2026-02-13,P008,333,0,103,230,3
4596,2026-02-14,P008,230,193,97,326,14
4597,2026-02-15,P008,326,0,89,237,12
4598,2026-02-16,P008,237,205,123,319,0
4599,2026-02-17,P008,319,0,111,208,12
4600,2026-02-18,P008,208,221,125,304,13
4601,2026-02-19,P008,304,0,93,211,5
4602,2026-02-20,P008,211,323,110,424,8
4603,2026-02-21,P008,424,0,103,321,15
4604,2026-02-22,P008,321,0,97,224,5
4605,2026-02-23,P008,224,220,92,352,1
4606,2026-02-24,P008,352,0,98,254,12
4607,2026-02-25,P008,254,259,114,399,2
4608,2026-02-26,P008,399,0,115,284,1
4609,2026-02-27,P008,284,0,106,178,4
4610,2026-02-28,P008,178,234,81,331,5
4611,2026-03-01,P008,331,0,92,239,11
4612,2026-03-02,P008,239,256,75,420,0
4613,2026-03-03,P008,420,0,172,248,11
4614,2026-03-04,P008,248,315,96,467,12
4615,2026-03-05,P008,467,0,142,325,9
4616,2026-03-06,P008,325,0,96,229,4
4617,2026-03-07,P008,229,0,113,116,12
4618,2026-03-08,P008,116,305,59,362,5
4619,2026-03-09,P008,362,0,132,230,8
4620,2026-03-10,P008,230,297,115,412,4
4621,2026-03-11,P008,412,0,108,304,15
4622,2026-03-12,P008,304,0,122,182,6
4623,2026-03-13,P008,182,322,103,401,15
4624,2026-03-14,P008,401,0,111,290,1
4625,2026-03-15,P008,290,0,105,185,13
4626,2026-03-16,P008,185,0,127,58,9
4627,2026-03-17,P008,58,216,97,216,0
4628,2026-03-18,P008,216,252,92,376,9
4629,2026-03-19,P008,376,0,113,263,11
4630,2026-03-20,P008,263,199,120,342,13
4631,2026-03-21,P008,342,0,72,270,15
4632,2026-03-22,P008,270,217,96,391,2
4633,2026-03-23,P008,391,0,119,272,8
4634,2026-03-24,P008,272,203,115,360,3
4635,2026-03-25,P008,360,0,99,261,8
4636,2026-03-26,P008,261,0,73,188,0
4637,2026-03-27,P008,188,322,123,387,2
4638,2026-03-28,P008,387,0,75,312,7
4639,2026-03-29,P008,312,0,78,234,13
4640,2026-03-30,P008,234,259,69,424,4
4641,2026-03-31,P008,424,0,110,314,0
4642,2026-04-01,P008,314,0,118,196,15
4643,2026-04-02,P008,196,312,108,400,7
4644,2026-04-03,P008,400,0,123,277,9
4645,2026-04-04,P008,277,209,99,387,7
4646,2026-04-05,P008,387,0,109,278,8
4647,2026-04-06,P008,278,0,86,192,4
4648,2026-04-07,P008,192,194,103,283,13
4649,2026-04-08,P008,283,0,93,190,9
4650,2026-04-09,P008,190,214,119,285,4
4651,2026-04-10,P008,285,0,101,184,4
4652,2026-04-11,P008,184,293,162,315,3
4653,2026-04-12,P008,315,0,101,214,13
4654,2026-04-13,P008,214,254,124,344,1
4655,2026-04-14,P008,344,0,121,223,0
4656,2026-04-15,P008,223,308,147,384,11
4657,2026-04-16,P008,384,0,110,274,5
4658,2026-04-17,P008,274,248,95,427,7
4659,2026-04-18,P008,427,0,107,320,8
4660,2026-04-19,P008,320,0,87,233,11
4661,2026-04-20,P008,233,284,118,399,12
4662,2026-04-21,P008,399,0,106,293,6
4663,2026-04-22,P008,293,0,94,199,15
4664,2026-04-23,P008,199,308,96,411,1
4665,2026-04-24,P008,411,0,120,291,2
4666,2026-04-25,P008,291,0,99,192,4
4667,2026-04-26,P008,192,191,84,299,12
4668,2026-04-27,P008,299,270,128,441,15
4669,2026-04-28,P008,441,0,90,351,11
4670,2026-04-29,P008,351,0,105,246,15
4671,2026-04-30,P008,246,299,116,429,10
4672,2026-05-01,P008,429,0,78,351,12
4673,2026-05-02,P008,351,0,101,250,14
4674,2026-05-03,P008,250,251,86,415,12
4675,2026-05-04,P008,415,0,120,295,13
4676,2026-05-05,P008,295,0,86,209,15
4677,2026-05-06,P008,209,292,108,393,8
4678,2026-05-07,P008,393,0,127,266,2
4679,2026-05-08,P008,266,310,125,451,3
4680,2026-05-09,P008,451,0,91,360,12
4681,2026-05-10,P008,360,0,97,263,8
4682,2026-05-11,P008,263,0,100,163,6
4683,2026-05-12,P008,163,216,180,216,5
4684,2026-05-13,P008,216,245,87,374,11
4685,2026-05-14,P008,374,0,97,277,6
4686,2026-05-15,P008,277,252,114,415,9
4687,2026-05-16,P008,415,0,78,337,4
4688,2026-05-17,P008,337,0,88,249,3
4689,2026-05-18,P008,249,204,89,364,0
4690,2026-05-19,P008,364,0,98,266,0
4691,2026-05-20,P008,266,311,110,467,6
4692,2026-05-21,P008,467,0,104,363,10
4693,2026-05-22,P008,363,0,110,253,1
4694,2026-05-23,P008,253,0,104,149,10
4695,2026-05-24,P008,149,0,124,25,3
4696,2026-05-25,P008,25,323,108,323,6
4697,2026-05-26,P008,323,0,118,205,13
4698,2026-05-27,P008,205,254,111,348,12
4699,2026-05-28,P008,348,0,103,245,1
4700,2026-05-29,P008,245,201,102,344,7
4701,2026-05-30,P008,344,0,80,264,15
4702,2026-05-31,P008,264,0,83,181,13
4703,2026-06-01,P008,181,297,142,336,1
4704,2026-06-02,P008,336,0,113,223,1
4705,2026-06-03,P008,223,317,108,432,6
4706,2026-06-04,P008,432,0,128,304,8
4707,2026-06-05,P008,304,0,113,191,2
4708,2026-06-06,P008,191,192,84,299,15
4709,2026-06-07,P008,299,0,109,190,11
4710,2026-06-08,P008,190,264,109,345,1
4711,2026-06-09,P008,345,0,90,255,6
4712,2026-06-10,P008,255,0,118,137,8
4713,2026-06-11,P008,137,0,103,34,11
4714,2026-06-12,P008,34,290,105,290,8
4715,2026-06-13,P008,290,0,97,193,1
4716,2026-06-14,P008,193,256,125,324,5
4717,2026-06-15,P008,324,0,128,196,4
4718,2026-06-16,P008,196,191,129,258,10
4719,2026-06-17,P008,258,180,109,329,6
4720,2026-06-18,P008,329,0,105,224,3
4721,2026-06-19,P008,224,204,125,303,11
4722,2026-06-20,P008,303,0,106,197,10
4723,2026-06-21,P008,197,0,99,98,11
4724,2026-06-22,P008,98,274,100,274,5
4725,2026-06-23,P008,274,0,94,180,8
4726,2026-06-24,P008,180,292,68,404,3
4727,2026-06-25,P008,404,0,118,286,13
4728,2026-06-26,P008,286,0,106,180,12
4729,2026-06-27,P008,180,235,102,313,12
4730,2026-06-28,P008,313,0,101,212,1
4731,2026-06-29,P008,212,202,94,320,3
4732,2026-06-30,P008,320,0,108,212,15
4733,2026-07-01,P008,212,232,95,349,4
4734,2026-07-02,P008,349,0,121,228,1
4735,2026-07-03,P008,228,218,99,347,11
4736,2026-07-04,P008,347,0,111,236,6
4737,2026-07-05,P008,236,281,88,429,2
4738,2026-07-06,P008,429,0,103,326,9
4739,2026-07-07,P008,326,0,88,238,8
4740,2026-07-08,P008,238,0,113,125,3
4741,2026-07-09,P008,125,219,132,219,2
4742,2026-07-10,P008,219,266,111,374,2
4743,2026-07-11,P008,374,0,99,275,9
4744,2026-07-12,P008,275,0,103,172,3
4745,2026-07-13,P008,172,0,133,39,3
4746,2026-07-14,P008,39,0,93,0,0
4747,2026-07-15,P008,0,0,117,0,0
4748,2026-07-16,P008,0,225,96,225,12
4749,2026-07-17,P008,225,306,120,411,7
4750,2026-07-18,P008,411,0,90,321,15
4751,2026-07-19,P008,321,0,116,205,0
4752,2026-07-20,P008,205,275,93,387,6
4753,2026-07-21,P008,387,0,104,283,8
4754,2026-07-22,P008,283,0,91,192,11
4755,2026-07-23,P008,192,232,98,326,11
4756,2026-07-24,P008,326,0,119,207,10
4757,2026-07-25,P008,207,281,71,417,14
4758,2026-07-26,P008,417,0,117,300,7
4759,2026-07-27,P008,300,0,106,194,2
4760,2026-07-28,P008,194,207,126,275,4
4761,2026-07-29,P008,275,0,84,191,3
4762,2026-07-30,P008,191,199,118,272,5
4763,2026-07-31,P008,272,245,123,394,12
4764,2026-08-01,P008,394,0,128,266,12
4765,2026-08-02,P008,266,212,105,373,3
4766,2026-08-03,P008,373,0,167,206,6
4767,2026-08-04,P008,206,0,115,91,12
4768,2026-08-05,P008,91,0,132,0,0
4769,2026-08-06,P008,0,250,138,250,8
4770,2026-08-07,P008,250,278,126,402,0
4771,2026-08-08,P008,402,0,111,291,2
4772,2026-08-09,P008,291,0,106,185,9
4773,2026-08-10,P008,185,208,137,256,4
4774,2026-08-11,P008,256,321,138,439,8
4775,2026-08-12,P008,439,0,100,339,9
4776,2026-08-13,P008,339,0,136,203,8
4777,2026-08-14,P008,203,0,121,82,11
4778,2026-08-15,P008,82,231,134,231,13
4779,2026-08-16,P008,231,0,88,143,0
4780,2026-08-17,P008,143,312,85,370,3
4781,2026-08-18,P008,370,0,142,228,6
4782,2026-08-19,P008,228,0,124,104,6
4783,2026-08-20,P008,104,234,109,234,7
4784,2026-08-21,P008,234,0,119,115,8
4785,2025-01-01,P009,126,0,40,86,11
4786,2025-01-02,P009,86,113,29,170,0
4787,2025-01-03,P009,170,0,33,137,14
4788,2025-01-04,P009,137,0,24,113,11
4789,2025-01-05,P009,113,178,20,271,4
4790,2025-01-06,P009,271,0,29,242,10
4791,2025-01-07,P009,242,0,39,203,10
4792,2025-01-08,P009,203,0,28,175,8
4793,2025-01-09,P009,175,0,30,145,7
4794,2025-01-10,P009,145,0,31,114,13
4795,2025-01-11,P009,114,158,26,246,2
4796,2025-01-12,P009,246,0,22,224,4
4797,2025-01-13,P009,224,0,32,192,6
4798,2025-01-14,P009,192,0,28,164,10
4799,2025-01-15,P009,164,0,23,141,15
4800,2025-01-16,P009,141,153,33,261,0
4801,2025-01-17,P009,261,0,32,229,15
4802,2025-01-18,P009,229,0,26,203,6
4803,2025-01-19,P009,203,0,22,181,1
4804,2025-01-20,P009,181,0,28,153,1
4805,2025-01-21,P009,153,0,29,124,15
4806,2025-01-22,P009,124,0,24,100,8
4807,2025-01-23,P009,100,0,27,73,10
4808,2025-01-24,P009,73,141,33,181,12
4809,2025-01-25,P009,181,0,31,150,13
4810,2025-01-26,P009,150,0,25,125,12
4811,2025-01-27,P009,125,122,33,214,6
4812,2025-01-28,P009,214,0,23,191,12
4813,2025-01-29,P009,191,0,32,159,5
4814,2025-01-30,P009,159,0,27,132,12
4815,2025-01-31,P009,132,179,31,280,14
4816,2025-02-01,P009,280,0,26,254,10
4817,2025-02-02,P009,254,0,38,216,9
4818,2025-02-03,P009,216,0,35,181,15
4819,2025-02-04,P009,181,0,32,149,0
4820,2025-02-05,P009,149,0,34,115,3
4821,2025-02-06,P009,115,133,30,218,2
4822,2025-02-07,P009,218,0,29,189,9
4823,2025-02-08,P009,189,0,24,165,6
4824,2025-02-09,P009,165,0,27,138,11
4825,2025-02-10,P009,138,134,30,242,7
4826,2025-02-11,P009,242,0,31,211,8
4827,2025-02-12,P009,211,0,30,181,5
4828,2025-02-13,P009,181,0,33,148,14
4829,2025-02-14,P009,148,0,33,115,5
4830,2025-02-15,P009,115,129,23,221,3
4831,2025-02-16,P009,221,0,30,191,11
4832,2025-02-17,P009,191,0,26,165,13
4833,2025-02-18,P009,165,0,33,132,11
4834,2025-02-19,P009,132,158,33,257,0
4835,2025-02-20,P009,257,0,23,234,9
4836,2025-02-21,P009,234,0,50,184,1
4837,2025-02-22,P009,184,0,25,159,5
4838,2025-02-23,P009,159,0,24,135,14
4839,2025-02-24,P009,135,168,35,268,14
4840,2025-02-25,P009,268,0,32,236,0
4841,2025-02-26,P009,236,0,28,208,12
4842,2025-02-27,P009,208,0,30,178,8
4843,2025-02-28,P009,178,0,33,145,2
4844,2025-03-01,P009,145,0,32,113,6
4845,2025-03-02,P009,113,173,32,254,5
4846,2025-03-03,P009,254,0,40,214,4
4847,2025-03-04,P009,214,0,24,190,8
4848,2025-03-05,P009,190,0,30,160,9
4849,2025-03-06,P009,160,0,30,130,4
4850,2025-03-07,P009,130,151,34,247,1
4851,2025-03-08,P009,247,0,19,228,12
4852,2025-03-09,P009,228,0,37,191,9
4853,2025-03-10,P009,191,0,34,157,6
4854,2025-03-11,P009,157,0,32,125,7
4855,2025-03-12,P009,125,138,37,226,12
4856,2025-03-13,P009,226,0,47,179,0
4857,2025-03-14,P009,179,0,35,144,12
4858,2025-03-15,P009,144,0,31,113,4
4859,2025-03-16,P009,113,0,29,84,6
4860,2025-03-17,P009,84,128,31,181,7
4861,2025-03-18,P009,181,0,35,146,3
4862,2025-03-19,P009,146,0,29,117,4
4863,2025-03-20,P009,117,170,29,258,15
4864,2025-03-21,P009,258,0,27,231,8
4865,2025-03-22,P009,231,0,28,203,11
4866,2025-03-23,P009,203,0,26,177,8
4867,2025-03-24,P009,177,0,33,144,11
4868,2025-03-25,P009,144,0,32,112,13
4869,2025-03-26,P009,112,111,35,188,6
4870,2025-03-27,P009,188,0,30,158,3
4871,2025-03-28,P009,158,0,44,114,13
4872,2025-03-29,P009,114,159,33,240,11
4873,2025-03-30,P009,240,0,24,216,5
4874,2025-03-31,P009,216,0,33,183,15
4875,2025-04-01,P009,183,0,30,153,9
4876,2025-04-02,P009,153,0,28,125,3
4877,2025-04-03,P009,125,132,27,230,13
4878,2025-04-04,P009,230,0,34,196,9
4879,2025-04-05,P009,196,0,26,170,10
4880,2025-04-06,P009,170,0,31,139,9
4881,2025-04-07,P009,139,126,36,229,14
4882,2025-04-08,P009,229,0,38,191,15
4883,2025-04-09,P009,191,0,29,162,3
4884,2025-04-10,P009,162,0,35,127,11
4885,2025-04-11,P009,127,191,56,262,3
4886,2025-04-12,P009,262,0,27,235,8
4887,2025-04-13,P009,235,0,26,209,3
4888,2025-04-14,P009,209,0,38,171,7
4889,2025-04-15,P009,171,0,33,138,12
4890,2025-04-16,P009,138,196,34,300,14
4891,2025-04-17,P009,300,0,29,271,15
4892,2025-04-18,P009,271,0,27,244,5
4893,2025-04-19,P009,244,0,26,218,3
4894,2025-04-20,P009,218,0,28,190,3
4895,2025-04-21,P009,190,0,29,161,9
4896,2025-04-22,P009,161,0,33,128,9
4897,2025-04-23,P009,128,124,25,227,8
4898,2025-04-24,P009,227,0,29,198,14
4899,2025-04-25,P009,198,0,35,163,0
4900,2025-04-26,P009,163,0,30,133,5
4901,2025-04-27,P009,133,0,27,106,2
4902,2025-04-28,P009,106,158,28,236,3
4903,2025-04-29,P009,236,0,30,206,15
4904,2025-04-30,P009,206,0,31,175,4
4905,2025-05-01,P009,175,0,33,142,11
4906,2025-05-02,P009,142,179,35,286,4
4907,2025-05-03,P009,286,0,25,261,8
4908,2025-05-04,P009,261,0,23,238,8
4909,2025-05-05,P009,238,0,32,206,5
4910,2025-05-06,P009,206,0,27,179,14
4911,2025-05-07,P009,179,0,29,150,3
4912,2025-05-08,P009,150,0,35,115,0
4913,2025-05-09,P009,115,151,35,231,2
4914,2025-05-10,P009,231,0,28,203,5
4915,2025-05-11,P009,203,0,23,180,11
4916,2025-05-12,P009,180,0,32,148,3
4917,2025-05-13,P009,148,0,35,113,5
4918,2025-05-14,P009,113,196,30,279,15
4919,2025-05-15,P009,279,0,36,243,9
4920,2025-05-16,P009,243,0,46,197,9
4921,2025-05-17,P009,197,0,32,165,14
4922,2025-05-18,P009,165,0,28,137,11
4923,2025-05-19,P009,137,0,34,103,7
4924,2025-05-20,P009,103,125,36,192,6
4925,2025-05-21,P009,192,0,33,159,15
4926,2025-05-22,P009,159,0,30,129,0
4927,2025-05-23,P009,129,115,29,215,5
4928,2025-05-24,P009,215,0,28,187,6
4929,2025-05-25,P009,187,0,23,164,14
4930,2025-05-26,P009,164,0,31,133,3
4931,2025-05-27,P009,133,130,35,228,11
4932,2025-05-28,P009,228,0,23,205,0
4933,2025-05-29,P009,205,0,37,168,12
4934,2025-05-30,P009,168,0,34,134,5
4935,2025-05-31,P009,134,127,25,236,0
4936,2025-06-01,P009,236,0,29,207,7
4937,2025-06-02,P009,207,0,30,177,11
4938,2025-06-03,P009,177,0,35,142,3
4939,2025-06-04,P009,142,188,34,296,14
4940,2025-06-05,P009,296,0,27,269,10
4941,2025-06-06,P009,269,0,33,236,2
4942,2025-06-07,P009,236,0,27,209,13
4943,2025-06-08,P009,209,0,28,181,5
4944,2025-06-09,P009,181,0,29,152,8
4945,2025-06-10,P009,152,0,38,114,11
4946,2025-06-11,P009,114,114,35,193,11
4947,2025-06-12,P009,193,0,28,165,11
4948,2025-06-13,P009,165,0,26,139,14
4949,2025-06-14,P009,139,0,26,113,5
4950,2025-06-15,P009,113,156,29,240,2
4951,2025-06-16,P009,240,0,33,207,10
4952,2025-06-17,P009,207,0,36,171,11
4953,2025-06-18,P009,171,0,34,137,5
4954,2025-06-19,P009,137,0,35,102,4
4955,2025-06-20,P009,102,171,32,241,1
4956,2025-06-21,P009,241,0,23,218,5
4957,2025-06-22,P009,218,0,27,191,11
4958,2025-06-23,P009,191,0,36,155,9
4959,2025-06-24,P009,155,0,32,123,11
4960,2025-06-25,P009,123,150,32,241,10
4961,2025-06-26,P009,241,0,30,211,9
4962,2025-06-27,P009,211,0,28,183,4
4963,2025-06-28,P009,183,0,28,155,5
4964,2025-06-29,P009,155,0,29,126,1
4965,2025-06-30,P009,126,174,30,270,14
4966,2025-07-01,P009,270,0,36,234,5
4967,2025-07-02,P009,234,0,28,206,3
4968,2025-07-03,P009,206,0,36,170,5
4969,2025-07-04,P009,170,0,29,141,12
4970,2025-07-05,P009,141,141,32,250,11
4971,2025-07-06,P009,250,0,33,217,7
4972,2025-07-07,P009,217,0,32,185,14
4973,2025-07-08,P009,185,0,28,157,0
4974,2025-07-09,P009,157,0,23,134,13
4975,2025-07-10,P009,134,128,27,235,6
4976,2025-07-11,P009,235,0,26,209,1
4977,2025-07-12,P009,209,0,32,177,0
4978,2025-07-13,P009,177,0,28,149,2
4979,2025-07-14,P009,149,0,32,117,14
4980,2025-07-15,P009,117,155,23,249,11
4981,2025-07-16,P009,249,0,27,222,15
4982,2025-07-17,P009,222,0,35,187,13
4983,2025-07-18,P009,187,0,33,154,6
4984,2025-07-19,P009,154,0,26,128,4
4985,2025-07-20,P009,128,157,30,255,3
4986,2025-07-21,P009,255,0,38,217,12
4987,2025-07-22,P009,217,0,30,187,13
4988,2025-07-23,P009,187,0,32,155,4
4989,2025-07-24,P009,155,0,31,124,2
4990,2025-07-25,P009,124,0,42,82,13
4991,2025-07-26,P009,82,170,21,231,8
4992,2025-07-27,P009,231,0,31,200,12
4993,2025-07-28,P009,200,0,34,166,6
4994,2025-07-29,P009,166,0,34,132,15
4995,2025-07-30,P009,132,172,29,275,1
4996,2025-07-31,P009,275,0,30,245,7
4997,2025-08-01,P009,245,0,42,203,0
4998,2025-08-02,P009,203,0,45,158,6
4999,2025-08-03,P009,158,0,38,120,13
5000,2025-08-04,P009,120,176,35,261,13
5001,2025-08-05,P009,261,0,37,224,1
5002,2025-08-06,P009,224,0,36,188,4
5003,2025-08-07,P009,188,0,31,157,12
5004,2025-08-08,P009,157,0,43,114,14
5005,2025-08-09,P009,114,0,35,79,14
5006,2025-08-10,P009,79,174,29,224,8
5007,2025-08-11,P009,224,0,69,155,0
5008,2025-08-12,P009,155,0,40,115,10
5009,2025-08-13,P009,115,118,34,199,13
5010,2025-08-14,P009,199,0,39,160,10
5011,2025-08-15,P009,160,0,46,114,10
5012,2025-08-16,P009,114,174,37,251,15
5013,2025-08-17,P009,251,0,34,217,12
5014,2025-08-18,P009,217,0,38,179,3
5015,2025-08-19,P009,179,0,38,141,14
5016,2025-08-20,P009,141,144,35,250,13
5017,2025-08-21,P009,250,0,28,222,1
5018,2025-08-22,P009,222,0,50,172,0
5019,2025-08-23,P009,172,0,34,138,7
5020,2025-08-24,P009,138,0,35,103,2
5021,2025-08-25,P009,103,157,38,222,5
5022,2025-08-26,P009,222,0,36,186,14
5023,2025-08-27,P009,186,0,38,148,0
5024,2025-08-28,P009,148,0,41,107,11
5025,2025-08-29,P009,107,121,51,177,8
5026,2025-08-30,P009,177,0,28,149,14
5027,2025-08-31,P009,149,0,30,119,8
5028,2025-09-01,P009,119,112,37,194,15
5029,2025-09-02,P009,194,0,44,150,1
5030,2025-09-03,P009,150,0,38,112,13
5031,2025-09-04,P009,112,194,36,270,8
5032,2025-09-05,P009,270,0,42,228,1
5033,2025-09-06,P009,228,0,38,190,15
5034,2025-09-07,P009,190,0,35,155,2
5035,2025-09-08,P009,155,0,44,111,5
5036,2025-09-09,P009,111,139,52,198,9
5037,2025-09-10,P009,198,0,49,149,13
5038,2025-09-11,P009,149,0,36,113,3
5039,2025-09-12,P009,113,152,47,218,10
5040,2025-09-13,P009,218,0,34,184,5
5041,2025-09-14,P009,184,0,36,148,8
5042,2025-09-15,P009,148,0,31,117,0
5043,2025-09-16,P009,117,166,36,247,5
5044,2025-09-17,P009,247,0,36,211,1
5045,2025-09-18,P009,211,0,40,171,3
5046,2025-09-19,P009,171,0,44,127,11
5047,2025-09-20,P009,127,124,26,225,7
5048,2025-09-21,P009,225,0,33,192,0
5049,2025-09-22,P009,192,0,45,147,7
5050,2025-09-23,P009,147,134,39,242,3
5051,2025-09-24,P009,242,0,40,202,2
5052,2025-09-25,P009,202,0,40,162,13
5053,2025-09-26,P009,162,0,40,122,10
5054,2025-09-27,P009,122,125,34,213,11
5055,2025-09-28,P009,213,0,27,186,4
5056,2025-09-29,P009,186,0,32,154,4
5057,2025-09-30,P009,154,0,40,114,6
5058,2025-10-01,P009,114,117,35,196,13
5059,2025-10-02,P009,196,0,35,161,0
5060,2025-10-03,P009,161,0,33,128,15
5061,2025-10-04,P009,128,137,30,235,15
5062,2025-10-05,P009,235,0,43,192,12
5063,2025-10-06,P009,192,0,35,157,12
5064,2025-10-07,P009,157,0,32,125,14
5065,2025-10-08,P009,125,181,41,265,1
5066,2025-10-09,P009,265,0,37,228,12
5067,2025-10-10,P009,228,0,39,189,0
5068,2025-10-11,P009,189,0,38,151,13
5069,2025-10-12,P009,151,0,33,118,1
5070,2025-10-13,P009,118,0,46,72,1
5071,2025-10-14,P009,72,147,32,187,0
5072,2025-10-15,P009,187,0,41,146,11
5073,2025-10-16,P009,146,179,37,288,7
5074,2025-10-17,P009,288,0,31,257,5
5075,2025-10-18,P009,257,0,34,223,8
5076,2025-10-19,P009,223,0,34,189,0
5077,2025-10-20,P009,189,0,40,149,3
5078,2025-10-21,P009,149,145,43,251,1
5079,2025-10-22,P009,251,0,39,212,14
5080,2025-10-23,P009,212,0,46,166,0
5081,2025-10-24,P009,166,0,33,133,8
5082,2025-10-25,P009,133,176,32,277,6
5083,2025-10-26,P009,277,0,32,245,10
5084,2025-10-27,P009,245,0,31,214,7
5085,2025-10-28,P009,214,0,54,160,3
5086,2025-10-29,P009,160,0,47,113,14
5087,2025-10-30,P009,113,128,38,203,9
5088,2025-10-31,P009,203,0,40,163,13
5089,2025-11-01,P009,163,0,35,128,3
5090,2025-11-02,P009,128,195,39,284,11
5091,2025-11-03,P009,284,0,31,253,5
5092,2025-11-04,P009,253,0,33,220,4
5093,2025-11-05,P009,220,0,31,189,9
5094,2025-11-06,P009,189,0,47,142,2
5095,2025-11-07,P009,142,143,37,248,2
5096,2025-11-08,P009,248,0,30,218,9
5097,2025-11-09,P009,218,0,36,182,3
5098,2025-11-10,P009,182,0,31,151,4
5099,2025-11-11,P009,151,0,35,116,13
5100,2025-11-12,P009,116,182,36,262,4
5101,2025-11-13,P009,262,0,44,218,12
5102,2025-11-14,P009,218,0,40,178,11
5103,2025-11-15,P009,178,0,34,144,7
5104,2025-11-16,P009,144,191,43,292,5
5105,2025-11-17,P009,292,0,39,253,15
5106,2025-11-18,P009,253,0,40,213,7
5107,2025-11-19,P009,213,0,32,181,6
5108,2025-11-20,P009,181,0,39,142,13
5109,2025-11-21,P009,142,0,32,110,10
5110,2025-11-22,P009,110,162,33,239,8
5111,2025-11-23,P009,239,0,30,209,10
5112,2025-11-24,P009,209,0,63,146,12
5113,2025-11-25,P009,146,145,37,254,14
5114,2025-11-26,P009,254,0,32,222,1
5115,2025-11-27,P009,222,0,43,179,6
5116,2025-11-28,P009,179,0,49,130,2
5117,2025-11-29,P009,130,172,38,264,13
5118,2025-11-30,P009,264,0,32,232,10
5119,2025-12-01,P009,232,0,31,201,3
5120,2025-12-02,P009,201,0,39,162,5
5121,2025-12-03,P009,162,0,31,131,7
5122,2025-12-04,P009,131,142,37,236,8
5123,2025-12-05,P009,236,0,38,198,8
5124,2025-12-06,P009,198,0,32,166,6
5125,2025-12-07,P009,166,0,35,131,0
5126,2025-12-08,P009,131,198,32,297,9
5127,2025-12-09,P009,297,0,35,262,10
5128,2025-12-10,P009,262,0,39,223,14
5129,2025-12-11,P009,223,0,40,183,8
5130,2025-12-12,P009,183,0,38,145,8
5131,2025-12-13,P009,145,0,32,113,1
5132,2025-12-14,P009,113,131,38,206,7
5133,2025-12-15,P009,206,0,38,168,1
5134,2025-12-16,P009,168,0,48,120,15
5135,2025-12-17,P009,120,170,30,260,3
5136,2025-12-18,P009,260,0,45,215,9
5137,2025-12-19,P009,215,0,37,178,12
5138,2025-12-20,P009,178,0,35,143,10
5139,2025-12-21,P009,143,0,34,109,1
5140,2025-12-22,P009,109,196,46,259,4
5141,2025-12-23,P009,259,0,34,225,13
5142,2025-12-24,P009,225,0,43,182,0
5143,2025-12-25,P009,182,0,40,142,2
5144,2025-12-26,P009,142,0,36,106,7
5145,2025-12-27,P009,106,188,39,255,2
5146,2025-12-28,P009,255,0,33,222,1
5147,2025-12-29,P009,222,0,36,186,2
5148,2025-12-30,P009,186,0,49,137,3
5149,2025-12-31,P009,137,138,39,236,15
5150,2026-01-01,P009,236,0,34,202,1
5151,2026-01-02,P009,202,0,39,163,3
5152,2026-01-03,P009,163,0,26,137,3
5153,2026-01-04,P009,137,168,32,273,0
5154,2026-01-05,P009,273,0,32,241,8
5155,2026-01-06,P009,241,0,33,208,8
5156,2026-01-07,P009,208,0,34,174,8
5157,2026-01-08,P009,174,0,34,140,8
5158,2026-01-09,P009,140,139,44,235,4
5159,2026-01-10,P009,235,0,29,206,11
5160,2026-01-11,P009,206,0,24,182,12
5161,2026-01-12,P009,182,0,42,140,15
5162,2026-01-13,P009,140,0,25,115,4
5163,2026-01-14,P009,115,198,33,280,2
5164,2026-01-15,P009,280,0,31,249,10
5165,2026-01-16,P009,249,0,34,215,2
5166,2026-01-17,P009,215,0,32,183,2
5167,2026-01-18,P009,183,0,28,155,0
5168,2026-01-19,P009,155,0,40,115,8
5169,2026-01-20,P009,115,197,29,283,4
5170,2026-01-21,P009,283,0,29,254,12
5171,2026-01-22,P009,254,0,34,220,11
5172,2026-01-23,P009,220,0,29,191,4
5173,2026-01-24,P009,191,0,29,162,2
5174,2026-01-25,P009,162,0,24,138,13
5175,2026-01-26,P009,138,121,33,226,9
5176,2026-01-27,P009,226,0,39,187,13
5177,2026-01-28,P009,187,0,28,159,5
5178,2026-01-29,P009,159,0,27,132,0
5179,2026-01-30,P009,132,0,32,100,0
5180,2026-01-31,P009,100,175,29,246,15
5181,2026-02-01,P009,246,0,29,217,13
5182,2026-02-02,P009,217,0,31,186,9
5183,2026-02-03,P009,186,0,34,152,3
5184,2026-02-04,P009,152,0,33,119,9
5185,2026-02-05,P009,119,166,36,249,5
5186,2026-02-06,P009,249,0,25,224,5
5187,2026-02-07,P009,224,0,29,195,5
5188,2026-02-08,P009,195,0,31,164,11
5189,2026-02-09,P009,164,0,30,134,10
5190,2026-02-10,P009,134,0,39,95,13
5191,2026-02-11,P009,95,197,32,260,6
5192,2026-02-12,P009,260,0,33,227,2
5193,2026-02-13,P009,227,0,36,191,8
5194,2026-02-14,P009,191,0,28,163,7
5195,2026-02-15,P009,163,0,23,140,11
5196,2026-02-16,P009,140,0,30,110,9
5197,2026-02-17,P009,110,119,38,191,1
5198,2026-02-18,P009,191,0,34,157,15
5199,2026-02-19,P009,157,0,30,127,6
5200,2026-02-20,P009,127,163,36,254,2
5201,2026-02-21,P009,254,0,28,226,1
5202,2026-02-22,P009,226,0,29,197,7
5203,2026-02-23,P009,197,0,32,165,14
5204,2026-02-24,P009,165,0,34,131,15
5205,2026-02-25,P009,131,121,45,207,3
5206,2026-02-26,P009,207,0,38,169,0
5207,2026-02-27,P009,169,0,39,130,5
5208,2026-02-28,P009,130,150,33,247,6
5209,2026-03-01,P009,247,0,27,220,14
5210,2026-03-02,P009,220,0,60,160,10
5211,2026-03-03,P009,160,0,35,125,7
5212,2026-03-04,P009,125,179,31,273,10
5213,2026-03-05,P009,273,0,44,229,3
5214,2026-03-06,P009,229,0,38,191,11
5215,2026-03-07,P009,191,0,32,159,2
5216,2026-03-08,P009,159,0,34,125,9
5217,2026-03-09,P009,125,115,39,201,0
5218,2026-03-10,P009,201,0,30,171,15
5219,2026-03-11,P009,171,0,32,139,8
5220,2026-03-12,P009,139,0,29,110,13
5221,2026-03-13,P009,110,0,40,70,15
5222,2026-03-14,P009,70,185,32,223,14
5223,2026-03-15,P009,223,0,28,195,2
5224,2026-03-16,P009,195,0,33,162,3
5225,2026-03-17,P009,162,0,50,112,4
5226,2026-03-18,P009,112,116,33,195,14
5227,2026-03-19,P009,195,0,35,160,12
5228,2026-03-20,P009,160,0,36,124,1
5229,2026-03-21,P009,124,183,31,276,11
5230,2026-03-22,P009,276,0,35,241,10
5231,2026-03-23,P009,241,0,57,184,14
5232,2026-03-24,P009,184,0,37,147,1
5233,2026-03-25,P009,147,0,31,116,8
5234,2026-03-26,P009,116,138,32,222,14
5235,2026-03-27,P009,222,0,43,179,14
5236,2026-03-28,P009,179,0,38,141,13
5237,2026-03-29,P009,141,0,28,113,13
5238,2026-03-30,P009,113,141,41,213,4
5239,2026-03-31,P009,213,0,35,178,11
5240,2026-04-01,P009,178,0,40,138,8
5241,2026-04-02,P009,138,158,33,263,0
5242,2026-04-03,P009,263,0,30,233,15
5243,2026-04-04,P009,233,0,35,198,0
5244,2026-04-05,P009,198,0,31,167,5
5245,2026-04-06,P009,167,0,37,130,15
5246,2026-04-07,P009,130,173,35,268,4
5247,2026-04-08,P009,268,0,30,238,6
5248,2026-04-09,P009,238,0,27,211,0
5249,2026-04-10,P009,211,0,35,176,11
5250,2026-04-11,P009,176,0,32,144,14
5251,2026-04-12,P009,144,0,29,115,3
5252,2026-04-13,P009,115,0,34,81,3
5253,2026-04-14,P009,81,165,35,211,5
5254,2026-04-15,P009,211,0,30,181,12
5255,2026-04-16,P009,181,0,34,147,12
5256,2026-04-17,P009,147,0,32,115,5
5257,2026-04-18,P009,115,143,30,228,5
5258,2026-04-19,P009,228,0,31,197,1
5259,2026-04-20,P009,197,0,28,169,8
5260,2026-04-21,P009,169,0,43,126,5
5261,2026-04-22,P009,126,151,41,236,9
5262,2026-04-23,P009,236,0,30,206,9
5263,2026-04-24,P009,206,0,36,170,12
5264,2026-04-25,P009,170,0,35,135,0
5265,2026-04-26,P009,135,190,47,278,12
5266,2026-04-27,P009,278,0,34,244,10
5267,2026-04-28,P009,244,0,43,201,7
5268,2026-04-29,P009,201,0,32,169,4
5269,2026-04-30,P009,169,0,30,139,2
5270,2026-05-01,P009,139,195,39,295,7
5271,2026-05-02,P009,295,0,36,259,6
5272,2026-05-03,P009,259,0,39,220,1
5273,2026-05-04,P009,220,0,28,192,8
5274,2026-05-05,P009,192,0,36,156,9
5275,2026-05-06,P009,156,0,32,124,4
5276,2026-05-07,P009,124,187,45,266,10
5277,2026-05-08,P009,266,0,28,238,6
5278,2026-05-09,P009,238,0,26,212,9
5279,2026-05-10,P009,212,0,25,187,11
5280,2026-05-11,P009,187,0,34,153,13
5281,2026-05-12,P009,153,0,32,121,8
5282,2026-05-13,P009,121,0,38,83,0
5283,2026-05-14,P009,83,163,37,209,5
5284,2026-05-15,P009,209,0,34,175,8
5285,2026-05-16,P009,175,0,33,142,0
5286,2026-05-17,P009,142,0,30,112,9
5287,2026-05-18,P009,112,193,31,274,9
5288,2026-05-19,P009,274,0,36,238,3
5289,2026-05-20,P009,238,0,31,207,12
5290,2026-05-21,P009,207,0,40,167,6
5291,2026-05-22,P009,167,0,40,127,2
5292,2026-05-23,P009,127,194,33,288,12
5293,2026-05-24,P009,288,0,23,265,9
5294,2026-05-25,P009,265,0,32,233,3
5295,2026-05-26,P009,233,0,40,193,15
5296,2026-05-27,P009,193,0,35,158,1
5297,2026-05-28,P009,158,0,31,127,1
5298,2026-05-29,P009,127,138,40,225,14
5299,2026-05-30,P009,225,0,30,195,0
5300,2026-05-31,P009,195,0,29,166,8
5301,2026-06-01,P009,166,0,32,134,14
5302,2026-06-02,P009,134,126,32,228,3
5303,2026-06-03,P009,228,0,34,194,4
5304,2026-06-04,P009,194,0,41,153,1
5305,2026-06-05,P009,153,0,35,118,13
5306,2026-06-06,P009,118,196,32,282,12
5307,2026-06-07,P009,282,0,32,250,0
5308,2026-06-08,P009,250,0,33,217,11
5309,2026-06-09,P009,217,0,29,188,0
5310,2026-06-10,P009,188,0,30,158,10
5311,2026-06-11,P009,158,0,36,122,13
5312,2026-06-12,P009,122,110,42,190,4
5313,2026-06-13,P009,190,0,27,163,3
5314,2026-06-14,P009,163,0,28,135,15
5315,2026-06-15,P009,135,174,34,275,0
5316,2026-06-16,P009,275,0,31,244,14
5317,2026-06-17,P009,244,0,36,208,4
5318,2026-06-18,P009,208,0,31,177,8
5319,2026-06-19,P009,177,0,36,141,4
5320,2026-06-20,P009,141,0,33,108,15
5321,2026-06-21,P009,108,112,32,188,14
5322,2026-06-22,P009,188,0,30,158,14
5323,2026-06-23,P009,158,0,38,120,4
5324,2026-06-24,P009,120,186,41,265,13
5325,2026-06-25,P009,265,0,36,229,12
5326,2026-06-26,P009,229,0,36,193,14
5327,2026-06-27,P009,193,0,36,157,7
5328,2026-06-28,P009,157,0,31,126,8
5329,2026-06-29,P009,126,176,37,265,13
5330,2026-06-30,P009,265,0,28,237,1
5331,2026-07-01,P009,237,0,29,208,2
5332,2026-07-02,P009,208,0,36,172,10
5333,2026-07-03,P009,172,0,34,138,1
5334,2026-07-04,P009,138,157,34,261,10
5335,2026-07-05,P009,261,0,30,231,8
5336,2026-07-06,P009,231,0,35,196,2
5337,2026-07-07,P009,196,0,34,162,9
5338,2026-07-08,P009,162,0,29,133,12
5339,2026-07-09,P009,133,165,39,259,15
5340,2026-07-10,P009,259,0,38,221,5
5341,2026-07-11,P009,221,0,24,197,3
5342,2026-07-12,P009,197,0,29,168,4
5343,2026-07-13,P009,168,0,26,142,14
5344,2026-07-14,P009,142,0,31,111,2
5345,2026-07-15,P009,111,150,32,229,4
5346,2026-07-16,P009,229,0,37,192,12
5347,2026-07-17,P009,192,0,40,152,2
5348,2026-07-18,P009,152,0,24,128,15
5349,2026-07-19,P009,128,163,24,267,15
5350,2026-07-20,P009,267,0,33,234,1
5351,2026-07-21,P009,234,0,40,194,13
5352,2026-07-22,P009,194,0,32,162,7
5353,2026-07-23,P009,162,0,37,125,15
5354,2026-07-24,P009,125,113,37,201,2
5355,2026-07-25,P009,201,0,28,173,13
5356,2026-07-26,P009,173,0,34,139,8
5357,2026-07-27,P009,139,0,25,114,10
5358,2026-07-28,P009,114,0,32,82,14
5359,2026-07-29,P009,82,138,25,195,4
5360,2026-07-30,P009,195,0,34,161,10
5361,2026-07-31,P009,161,0,32,129,2
5362,2026-08-01,P009,129,162,37,254,6
5363,2026-08-02,P009,254,0,36,218,8
5364,2026-08-03,P009,218,0,38,180,2
5365,2026-08-04,P009,180,0,51,129,7
5366,2026-08-05,P009,129,114,37,206,9
5367,2026-08-06,P009,206,0,45,161,7
5368,2026-08-07,P009,161,0,40,121,12
5369,2026-08-08,P009,121,0,34,87,11
5370,2026-08-09,P009,87,160,46,201,3
5371,2026-08-10,P009,201,0,38,163,10
5372,2026-08-11,P009,163,0,33,130,7
5373,2026-08-12,P009,130,0,34,96,7
5374,2026-08-13,P009,96,181,37,240,2
5375,2026-08-14,P009,240,0,47,193,15
5376,2026-08-15,P009,193,0,41,152,12
5377,2026-08-16,P009,152,146,45,253,0
5378,2026-08-17,P009,253,0,30,223,8
5379,2026-08-18,P009,223,0,43,180,13
5380,2026-08-19,P009,180,0,42,138,12
5381,2026-08-20,P009,138,118,39,217,1
5382,2026-08-21,P009,217,0,34,183,13
5383,2025-01-01,P010,183,245,35,393,2
5384,2025-01-02,P010,393,0,47,346,12
5385,2025-01-03,P010,346,0,43,303,2
5386,2025-01-04,P010,303,0,35,268,6
5387,2025-01-05,P010,268,0,40,228,4
5388,2025-01-06,P010,228,0,32,196,13
5389,2025-01-07,P010,196,0,33,163,10
5390,2025-01-08,P010,163,204,29,338,12
5391,2025-01-09,P010,338,0,36,302,3
5392,2025-01-10,P010,302,0,40,262,9
5393,2025-01-11,P010,262,0,35,227,11
5394,2025-01-12,P010,227,0,35,192,0
5395,2025-01-13,P010,192,0,33,159,2
5396,2025-01-14,P010,159,221,43,337,15
5397,2025-01-15,P010,337,0,40,297,11
5398,2025-01-16,P010,297,0,43,254,1
5399,2025-01-17,P010,254,0,30,224,7
5400,2025-01-18,P010,224,0,36,188,14
5401,2025-01-19,P010,188,0,30,158,9
5402,2025-01-20,P010,158,175,37,296,12
5403,2025-01-21,P010,296,0,42,254,2
5404,2025-01-22,P010,254,0,40,214,5
5405,2025-01-23,P010,214,0,35,179,10
5406,2025-01-24,P010,179,171,39,311,12
5407,2025-01-25,P010,311,0,28,283,3
5408,2025-01-26,P010,283,0,39,244,2
5409,2025-01-27,P010,244,0,38,206,4
5410,2025-01-28,P010,206,0,45,161,9
5411,2025-01-29,P010,161,254,37,378,5
5412,2025-01-30,P010,378,0,37,341,2
5413,2025-01-31,P010,341,0,36,305,4
5414,2025-02-01,P010,305,0,38,267,2
5415,2025-02-02,P010,267,0,32,235,7
5416,2025-02-03,P010,235,0,43,192,6
5417,2025-02-04,P010,192,176,50,318,0
5418,2025-02-05,P010,318,0,30,288,1
5419,2025-02-06,P010,288,0,37,251,12
5420,2025-02-07,P010,251,0,34,217,1
5421,2025-02-08,P010,217,0,35,182,7
5422,2025-02-09,P010,182,0,30,152,5
5423,2025-02-10,P010,152,252,44,360,14
5424,2025-02-11,P010,360,0,39,321,11
5425,2025-02-12,P010,321,0,39,282,14
5426,2025-02-13,P010,282,0,43,239,7
5427,2025-02-14,P010,239,0,44,195,14
5428,2025-02-15,P010,195,0,35,160,14
5429,2025-02-16,P010,160,244,32,372,9
5430,2025-02-17,P010,372,0,31,341,3
5431,2025-02-18,P010,341,0,36,305,0
5432,2025-02-19,P010,305,0,37,268,9
5433,2025-02-20,P010,268,0,47,221,11
5434,2025-02-21,P010,221,0,38,183,4
5435,2025-02-22,P010,183,166,38,311,10
5436,2025-02-23,P010,311,0,32,279,8
5437,2025-02-24,P010,279,0,40,239,0
5438,2025-02-25,P010,239,0,45,194,6
5439,2025-02-26,P010,194,0,42,152,15
5440,2025-02-27,P010,152,224,39,337,9
5441,2025-02-28,P010,337,0,39,298,2
5442,2025-03-01,P010,298,0,41,257,6
5443,2025-03-02,P010,257,0,33,224,7
5444,2025-03-03,P010,224,0,42,182,0
5445,2025-03-04,P010,182,0,46,136,8
5446,2025-03-05,P010,136,196,41,291,4
5447,2025-03-06,P010,291,0,35,256,4
5448,2025-03-07,P010,256,0,51,205,11
5449,2025-03-08,P010,205,0,39,166,10
5450,2025-03-09,P010,166,260,31,395,8
5451,2025-03-10,P010,395,0,39,356,4
5452,2025-03-11,P010,356,0,42,314,5
5453,2025-03-12,P010,314,0,51,263,10
5454,2025-03-13,P010,263,0,36,227,2
5455,2025-03-14,P010,227,0,46,181,8
5456,2025-03-15,P010,181,180,43,318,12
5457,2025-03-16,P010,318,0,34,284,6
5458,2025-03-17,P010,284,0,40,244,4
5459,2025-03-18,P010,244,0,36,208,11
5460,2025-03-19,P010,208,0,41,167,10
5461,2025-03-20,P010,167,205,42,330,3
5462,2025-03-21,P010,330,0,45,285,7
5463,2025-03-22,P010,285,0,42,243,6
5464,2025-03-23,P010,243,0,33,210,6
5465,2025-03-24,P010,210,0,32,178,6
5466,2025-03-25,P010,178,204,42,340,3
5467,2025-03-26,P010,340,0,51,289,7
5468,2025-03-27,P010,289,0,43,246,3
5469,2025-03-28,P010,246,0,49,197,2
5470,2025-03-29,P010,197,0,38,159,3
5471,2025-03-30,P010,159,239,55,343,7
5472,2025-03-31,P010,343,0,43,300,15
5473,2025-04-01,P010,300,0,40,260,4
5474,2025-04-02,P010,260,0,39,221,6
5475,2025-04-03,P010,221,0,50,171,13
5476,2025-04-04,P010,171,238,51,358,1
5477,2025-04-05,P010,358,0,37,321,5
5478,2025-04-06,P010,321,0,37,284,3
5479,2025-04-07,P010,284,0,39,245,6
5480,2025-04-08,P010,245,0,47,198,11
5481,2025-04-09,P010,198,172,52,318,4
5482,2025-04-10,P010,318,0,45,273,2
5483,2025-04-11,P010,273,0,43,230,3
5484,2025-04-12,P010,230,0,48,182,2
5485,2025-04-13,P010,182,0,26,156,3
5486,2025-04-14,P010,156,153,57,252,6
5487,2025-04-15,P010,252,0,42,210,1
5488,2025-04-16,P010,210,0,44,166,15
5489,2025-04-17,P010,166,177,39,304,7
5490,2025-04-18,P010,304,0,40,264,6
5491,2025-04-19,P010,264,0,35,229,1
5492,2025-04-20,P010,229,0,42,187,2
5493,2025-04-21,P010,187,253,39,401,2
5494,2025-04-22,P010,401,0,52,349,13
5495,2025-04-23,P010,349,0,45,304,0
5496,2025-04-24,P010,304,0,36,268,5
5497,2025-04-25,P010,268,0,42,226,0
5498,2025-04-26,P010,226,0,46,180,4
5499,2025-04-27,P010,180,0,28,152,13
5500,2025-04-28,P010,152,234,51,335,3
5501,2025-04-29,P010,335,0,46,289,3
5502,2025-04-30,P010,289,0,45,244,8
5503,2025-05-01,P010,244,0,41,203,7
5504,2025-05-02,P010,203,0,34,169,6
5505,2025-05-03,P010,169,268,33,404,13
5506,2025-05-04,P010,404,0,40,364,5
5507,2025-05-05,P010,364,0,35,329,7
5508,2025-05-06,P010,329,0,28,301,11
5509,2025-05-07,P010,301,0,46,255,0
5510,2025-05-08,P010,255,0,39,216,11
5511,2025-05-09,P010,216,0,42,174,14
5512,2025-05-10,P010,174,254,38,390,13
5513,2025-05-11,P010,390,0,39,351,1
5514,2025-05-12,P010,351,0,42,309,14
5515,2025-05-13,P010,309,0,46,263,13
5516,2025-05-14,P010,263,0,34,229,15
5517,2025-05-15,P010,229,0,43,186,1
5518,2025-05-16,P010,186,186,47,325,13
5519,2025-05-17,P010,325,0,30,295,8
5520,2025-05-18,P010,295,0,38,257,8
5521,2025-05-19,P010,257,0,36,221,5
5522,2025-05-20,P010,221,0,37,184,6
5523,2025-05-21,P010,184,269,43,410,12
5524,2025-05-22,P010,410,0,38,372,8
5525,2025-05-23,P010,372,0,36,336,8
5526,2025-05-24,P010,336,0,33,303,0
5527,2025-05-25,P010,303,0,40,263,5
5528,2025-05-26,P010,263,0,41,222,15
5529,2025-05-27,P010,222,0,39,183,0
5530,2025-05-28,P010,183,0,41,142,1
5531,2025-05-29,P010,142,266,47,361,11
5532,2025-05-30,P010,361,0,36,325,8
5533,2025-05-31,P010,325,0,41,284,4
5534,2025-06-01,P010,284,0,36,248,4
5535,2025-06-02,P010,248,0,40,208,8
5536,2025-06-03,P010,208,0,52,156,1
5537,2025-06-04,P010,156,209,35,330,12
5538,2025-06-05,P010,330,0,39,291,6
5539,2025-06-06,P010,291,0,34,257,12
5540,2025-06-07,P010,257,0,40,217,6
5541,2025-06-08,P010,217,0,43,174,3
5542,2025-06-09,P010,174,229,49,354,12
5543,2025-06-10,P010,354,0,46,308,11
5544,2025-06-11,P010,308,0,41,267,12
5545,2025-06-12,P010,267,0,38,229,13
5546,2025-06-13,P010,229,0,33,196,3
5547,2025-06-14,P010,196,0,43,153,8
5548,2025-06-15,P010,153,181,37,297,8
5549,2025-06-16,P010,297,0,42,255,8
5550,2025-06-17,P010,255,0,48,207,10
5551,2025-06-18,P010,207,0,37,170,8
5552,2025-06-19,P010,170,203,43,330,14
5553,2025-06-20,P010,330,0,39,291,6
5554,2025-06-21,P010,291,0,40,251,5
5555,2025-06-22,P010,251,0,36,215,13
5556,2025-06-23,P010,215,0,35,180,6
5557,2025-06-24,P010,180,194,51,323,14
5558,2025-06-25,P010,323,0,45,278,1
5559,2025-06-26,P010,278,0,42,236,2
5560,2025-06-27,P010,236,0,57,179,2
5561,2025-06-28,P010,179,0,31,148,11
5562,2025-06-29,P010,148,0,36,112,12
5563,2025-06-30,P010,112,161,39,234,9
5564,2025-07-01,P010,234,0,44,190,9
5565,2025-07-02,P010,190,199,48,341,11
5566,2025-07-03,P010,341,0,44,297,8
5567,2025-07-04,P010,297,0,46,251,1
5568,2025-07-05,P010,251,0,38,213,11
5569,2025-07-06,P010,213,0,37,176,15
5570,2025-07-07,P010,176,211,36,351,1
5571,2025-07-08,P010,351,0,40,311,12
5572,2025-07-09,P010,311,0,39,272,3
5573,2025-07-10,P010,272,0,39,233,3
5574,2025-07-11,P010,233,0,40,193,8
5575,2025-07-12,P010,193,0,37,156,0
5576,2025-07-13,P010,156,0,28,128,5
5577,2025-07-14,P010,128,255,37,346,10
5578,2025-07-15,P010,346,0,41,305,13
5579,2025-07-16,P010,305,0,34,271,0
5580,2025-07-17,P010,271,0,40,231,12
5581,2025-07-18,P010,231,0,50,181,11
5582,2025-07-19,P010,181,259,40,400,11
5583,2025-07-20,P010,400,0,45,355,5
5584,2025-07-21,P010,355,0,44,311,5
5585,2025-07-22,P010,311,0,46,265,11
5586,2025-07-23,P010,265,0,39,226,0
5587,2025-07-24,P010,226,0,38,188,9
5588,2025-07-25,P010,188,0,27,161,9
5589,2025-07-26,P010,161,152,42,271,8
5590,2025-07-27,P010,271,0,58,213,9
5591,2025-07-28,P010,213,0,40,173,12
5592,2025-07-29,P010,173,158,41,290,3
5593,2025-07-30,P010,290,0,38,252,15
5594,2025-07-31,P010,252,0,42,210,9
5595,2025-08-01,P010,210,0,57,153,10
5596,2025-08-02,P010,153,190,34,309,14
5597,2025-08-03,P010,309,0,45,264,12
5598,2025-08-04,P010,264,0,46,218,4
5599,2025-08-05,P010,218,0,52,166,13
5600,2025-08-06,P010,166,251,53,364,13
5601,2025-08-07,P010,364,0,49,315,0
5602,2025-08-08,P010,315,0,49,266,1
5603,2025-08-09,P010,266,0,42,224,15
5604,2025-08-10,P010,224,0,49,175,7
5605,2025-08-11,P010,175,156,53,278,7
5606,2025-08-12,P010,278,0,52,226,13
5607,2025-08-13,P010,226,0,40,186,11
5608,2025-08-14,P010,186,0,47,139,1
5609,2025-08-15,P010,139,185,53,271,13
5610,2025-08-16,P010,271,0,43,228,14
5611,2025-08-17,P010,228,0,52,176,8
5612,2025-08-18,P010,176,188,60,304,0
5613,2025-08-19,P010,304,0,55,249,14
5614,2025-08-20,P010,249,0,51,198,1
5615,2025-08-21,P010,198,0,45,153,10
5616,2025-08-22,P010,153,251,35,369,0
5617,2025-08-23,P010,369,0,44,325,3
5618,2025-08-24,P010,325,0,41,284,6
5619,2025-08-25,P010,284,0,65,219,6
5620,2025-08-26,P010,219,0,58,161,6
5621,2025-08-27,P010,161,270,49,382,9
5622,2025-08-28,P010,382,0,38,344,7
5623,2025-08-29,P010,344,0,43,301,2
5624,2025-08-30,P010,301,0,48,253,15
5625,2025-08-31,P010,253,0,51,202,4
5626,2025-09-01,P010,202,0,49,153,15
5627,2025-09-02,P010,153,229,62,320,13
5628,2025-09-03,P010,320,0,55,265,7
5629,2025-09-04,P010,265,0,44,221,3
5630,2025-09-05,P010,221,0,51,170,11
5631,2025-09-06,P010,170,182,43,309,0
5632,2025-09-07,P010,309,0,51,258,4
5633,2025-09-08,P010,258,0,49,209,12
5634,2025-09-09,P010,209,0,50,159,3
5635,2025-09-10,P010,159,0,47,112,1
5636,2025-09-11,P010,112,245,55,302,10
5637,2025-09-12,P010,302,0,62,240,4
5638,2025-09-13,P010,240,0,41,199,12
5639,2025-09-14,P010,199,0,43,156,6
5640,2025-09-15,P010,156,0,53,103,6
5641,2025-09-16,P010,103,0,52,51,1
5642,2025-09-17,P010,51,251,46,256,10
5643,2025-09-18,P010,256,0,33,223,15
5644,2025-09-19,P010,223,0,58,165,15
5645,2025-09-20,P010,165,220,47,338,9
5646,2025-09-21,P010,338,0,35,303,13
5647,2025-09-22,P010,303,0,45,258,4
5648,2025-09-23,P010,258,0,57,201,1
5649,2025-09-24,P010,201,187,58,330,4
5650,2025-09-25,P010,330,0,95,235,0
5651,2025-09-26,P010,235,0,47,188,2
5652,2025-09-27,P010,188,203,44,347,12
5653,2025-09-28,P010,347,0,42,305,5
5654,2025-09-29,P010,305,0,56,249,15
5655,2025-09-30,P010,249,0,43,206,5
5656,2025-10-01,P010,206,0,42,164,12
5657,2025-10-02,P010,164,188,54,298,1
5658,2025-10-03,P010,298,0,49,249,2
5659,2025-10-04,P010,249,0,52,197,2
5660,2025-10-05,P010,197,0,41,156,9
5661,2025-10-06,P010,156,253,46,363,14
5662,2025-10-07,P010,363,0,45,318,8
5663,2025-10-08,P010,318,0,52,266,3
5664,2025-10-09,P010,266,0,41,225,2
5665,2025-10-10,P010,225,0,44,181,4
5666,2025-10-11,P010,181,232,35,378,11
5667,2025-10-12,P010,378,0,44,334,3
5668,2025-10-13,P010,334,0,52,282,6
5669,2025-10-14,P010,282,0,37,245,3
5670,2025-10-15,P010,245,0,55,190,8
5671,2025-10-16,P010,190,244,64,370,4
5672,2025-10-17,P010,370,0,47,323,14
5673,2025-10-18,P010,323,0,41,282,13
5674,2025-10-19,P010,282,0,56,226,7
5675,2025-10-20,P010,226,0,39,187,8
5676,2025-10-21,P010,187,226,46,367,8
5677,2025-10-22,P010,367,0,49,318,13
5678,2025-10-23,P010,318,0,56,262,7
5679,2025-10-24,P010,262,0,63,199,11
5680,2025-10-25,P010,199,0,38,161,14
5681,2025-10-26,P010,161,218,36,343,12
5682,2025-10-27,P010,343,0,47,296,6
5683,2025-10-28,P010,296,0,42,254,10
5684,2025-10-29,P010,254,0,47,207,8
5685,2025-10-30,P010,207,0,52,155,15
5686,2025-10-31,P010,155,0,40,115,14
5687,2025-11-01,P010,115,208,51,272,3
5688,2025-11-02,P010,272,0,42,230,9
5689,2025-11-03,P010,230,0,43,187,14
5690,2025-11-04,P010,187,183,46,324,14
5691,2025-11-05,P010,324,0,49,275,6
5692,2025-11-06,P010,275,0,40,235,3
5693,2025-11-07,P010,235,0,52,183,0
5694,2025-11-08,P010,183,166,50,299,7
5695,2025-11-09,P010,299,0,53,246,6
5696,2025-11-10,P010,246,0,52,194,13
5697,2025-11-11,P010,194,163,48,309,4
5698,2025-11-12,P010,309,0,46,263,3
5699,2025-11-13,P010,263,0,50,213,10
5700,2025-11-14,P010,213,0,54,159,11
5701,2025-11-15,P010,159,252,48,363,5
5702,2025-11-16,P010,363,0,42,321,7
5703,2025-11-17,P010,321,0,50,271,14
5704,2025-11-18,P010,271,0,48,223,7
5705,2025-11-19,P010,223,0,46,177,14
5706,2025-11-20,P010,177,239,39,377,0
5707,2025-11-21,P010,377,0,69,308,8
5708,2025-11-22,P010,308,0,58,250,3
5709,2025-11-23,P010,250,0,40,210,8
5710,2025-11-24,P010,210,0,57,153,10
5711,2025-11-25,P010,153,0,52,101,13
5712,2025-11-26,P010,101,200,44,257,8
5713,2025-11-27,P010,257,0,53,204,6
5714,2025-11-28,P010,204,197,67,334,1
5715,2025-11-29,P010,334,0,76,258,12
5716,2025-11-30,P010,258,0,43,215,7
5717,2025-12-01,P010,215,0,49,166,4
5718,2025-12-02,P010,166,0,45,121,14
5719,2025-12-03,P010,121,246,54,313,10
5720,2025-12-04,P010,313,0,37,276,8
5721,2025-12-05,P010,276,0,46,230,9
5722,2025-12-06,P010,230,0,52,178,1
5723,2025-12-07,P010,178,0,39,139,9
5724,2025-12-08,P010,139,253,43,349,0
5725,2025-12-09,P010,349,0,44,305,15
5726,2025-12-10,P010,305,0,41,264,10
5727,2025-12-11,P010,264,0,34,230,14
5728,2025-12-12,P010,230,0,45,185,13
5729,2025-12-13,P010,185,158,44,299,12
5730,2025-12-14,P010,299,0,56,243,13
5731,2025-12-15,P010,243,0,47,196,12
5732,2025-12-16,P010,196,223,49,370,6
5733,2025-12-17,P010,370,0,58,312,5
5734,2025-12-18,P010,312,0,51,261,15
5735,2025-12-19,P010,261,0,53,208,6
5736,2025-12-20,P010,208,0,44,164,12
5737,2025-12-21,P010,164,154,51,267,15
5738,2025-12-22,P010,267,0,56,211,1
5739,2025-12-23,P010,211,0,45,166,15
5740,2025-12-24,P010,166,269,61,374,5
5741,2025-12-25,P010,374,0,52,322,0
5742,2025-12-26,P010,322,0,43,279,15
5743,2025-12-27,P010,279,0,44,235,7
5744,2025-12-28,P010,235,0,37,198,7
5745,2025-12-29,P010,198,262,67,393,0
5746,2025-12-30,P010,393,0,52,341,3
5747,2025-12-31,P010,341,0,44,297,6
5748,2026-01-01,P010,297,0,42,255,12
5749,2026-01-02,P010,255,0,45,210,4
5750,2026-01-03,P010,210,0,31,179,8
5751,2026-01-04,P010,179,245,36,388,6
5752,2026-01-05,P010,388,0,38,350,2
5753,2026-01-06,P010,350,0,49,301,10
5754,2026-01-07,P010,301,0,38,263,4
5755,2026-01-08,P010,263,0,43,220,12
5756,2026-01-09,P010,220,0,40,180,8
5757,2026-01-10,P010,180,211,42,349,9
5758,2026-01-11,P010,349,0,38,311,8
5759,2026-01-12,P010,311,0,43,268,10
5760,2026-01-13,P010,268,0,47,221,13
5761,2026-01-14,P010,221,0,45,176,6
5762,2026-01-15,P010,176,257,47,386,5
5763,2026-01-16,P010,386,0,39,347,4
5764,2026-01-17,P010,347,0,32,315,10
5765,2026-01-18,P010,315,0,38,277,0
5766,2026-01-19,P010,277,0,40,237,11
5767,2026-01-20,P010,237,0,76,161,9
5768,2026-01-21,P010,161,209,41,329,9
5769,2026-01-22,P010,329,0,46,283,0
5770,2026-01-23,P010,283,0,34,249,11
5771,2026-01-24,P010,249,0,48,201,10
5772,2026-01-25,P010,201,0,38,163,8
5773,2026-01-26,P010,163,173,48,288,0
5774,2026-01-27,P010,288,0,37,251,0
5775,2026-01-28,P010,251,0,42,209,4
5776,2026-01-29,P010,209,0,34,175,4
5777,2026-01-30,P010,175,252,48,379,7
5778,2026-01-31,P010,379,0,38,341,14
5779,2026-02-01,P010,341,0,37,304,3
5780,2026-02-02,P010,304,0,47,257,9
5781,2026-02-03,P010,257,0,38,219,5
5782,2026-02-04,P010,219,0,41,178,9
5783,2026-02-05,P010,178,214,57,335,1
5784,2026-02-06,P010,335,0,56,279,3
5785,2026-02-07,P010,279,0,38,241,7
5786,2026-02-08,P010,241,0,42,199,14
5787,2026-02-09,P010,199,0,48,151,5
5788,2026-02-10,P010,151,227,53,325,5
5789,2026-02-11,P010,325,0,34,291,9
5790,2026-02-12,P010,291,0,41,250,1
5791,2026-02-13,P010,250,0,36,214,12
5792,2026-02-14,P010,214,0,26,188,13
5793,2026-02-15,P010,188,178,41,325,10
5794,2026-02-16,P010,325,0,41,284,7
5795,2026-02-17,P010,284,0,41,243,14
5796,2026-02-18,P010,243,0,40,203,10
5797,2026-02-19,P010,203,0,63,140,3
5798,2026-02-20,P010,140,169,41,268,0
5799,2026-02-21,P010,268,0,39,229,15
5800,2026-02-22,P010,229,0,37,192,4
5801,2026-02-23,P010,192,0,42,150,2
5802,2026-02-24,P010,150,0,40,110,10
5803,2026-02-25,P010,110,236,38,308,1
5804,2026-02-26,P010,308,0,49,259,10
5805,2026-02-27,P010,259,0,47,212,12
5806,2026-02-28,P010,212,0,40,172,0
5807,2026-03-01,P010,172,173,28,317,4
5808,2026-03-02,P010,317,0,46,271,8
5809,2026-03-03,P010,271,0,58,213,15
5810,2026-03-04,P010,213,0,42,171,1
5811,2026-03-05,P010,171,232,52,351,2
5812,2026-03-06,P010,351,0,57,294,7
5813,2026-03-07,P010,294,0,40,254,6
5814,2026-03-08,P010,254,0,38,216,14
5815,2026-03-09,P010,216,0,30,186,0
5816,2026-03-10,P010,186,218,49,355,9
5817,2026-03-11,P010,355,0,43,312,0
5818,2026-03-12,P010,312,0,45,267,13
5819,2026-03-13,P010,267,0,40,227,8
5820,2026-03-14,P010,227,0,45,182,4
5821,2026-03-15,P010,182,179,41,320,11
5822,2026-03-16,P010,320,0,51,269,10
5823,2026-03-17,P010,269,0,41,228,11
5824,2026-03-18,P010,228,0,56,172,1
5825,2026-03-19,P010,172,225,40,357,6
5826,2026-03-20,P010,357,0,45,312,5
5827,2026-03-21,P010,312,0,37,275,0
5828,2026-03-22,P010,275,0,38,237,1
5829,2026-03-23,P010,237,0,49,188,4
5830,2026-03-24,P010,188,252,53,387,9
5831,2026-03-25,P010,387,0,45,342,8
5832,2026-03-26,P010,342,0,43,299,3
5833,2026-03-27,P010,299,0,56,243,7
5834,2026-03-28,P010,243,0,45,198,1
5835,2026-03-29,P010,198,0,44,154,12
5836,2026-03-30,P010,154,0,42,112,0
5837,2026-03-31,P010,112,190,39,263,15
5838,2026-04-01,P010,263,0,51,212,1
5839,2026-04-02,P010,212,0,44,168,8
5840,2026-04-03,P010,168,174,49,293,13
5841,2026-04-04,P010,293,0,51,242,8
5842,2026-04-05,P010,242,0,34,208,0
5843,2026-04-06,P010,208,0,35,173,12
5844,2026-04-07,P010,173,162,38,297,11
5845,2026-04-08,P010,297,0,52,245,3
5846,2026-04-09,P010,245,0,70,175,3
5847,2026-04-10,P010,175,173,84,264,5
5848,2026-04-11,P010,264,0,36,228,9
5849,2026-04-12,P010,228,0,37,191,3
5850,2026-04-13,P010,191,241,45,387,5
5851,2026-04-14,P010,387,0,51,336,11
5852,2026-04-15,P010,336,0,42,294,1
5853,2026-04-16,P010,294,0,52,242,2
5854,2026-04-17,P010,242,0,44,198,0
5855,2026-04-18,P010,198,0,31,167,4
5856,2026-04-19,P010,167,174,34,307,5
5857,2026-04-20,P010,307,0,33,274,3
5858,2026-04-21,P010,274,0,56,218,6
5859,2026-04-22,P010,218,0,41,177,4
5860,2026-04-23,P010,177,0,40,137,10
5861,2026-04-24,P010,137,0,50,87,3
5862,2026-04-25,P010,87,173,46,214,15
5863,2026-04-26,P010,214,0,37,177,7
5864,2026-04-27,P010,177,172,36,313,4
5865,2026-04-28,P010,313,0,40,273,3
5866,2026-04-29,P010,273,0,41,232,8
5867,2026-04-30,P010,232,0,42,190,2
5868,2026-05-01,P010,190,0,38,152,12
5869,2026-05-02,P010,152,0,35,117,1
5870,2026-05-03,P010,117,160,38,239,10
5871,2026-05-04,P010,239,0,41,198,7
5872,2026-05-05,P010,198,161,49,310,0
5873,2026-05-06,P010,310,0,44,266,10
5874,2026-05-07,P010,266,0,42,224,15
5875,2026-05-08,P010,224,0,53,171,9
5876,2026-05-09,P010,171,0,34,137,5
5877,2026-05-10,P010,137,259,30,366,2
5878,2026-05-11,P010,366,0,43,323,9
5879,2026-05-12,P010,323,0,43,280,7
5880,2026-05-13,P010,280,0,42,238,10
5881,2026-05-14,P010,238,0,39,199,3
5882,2026-05-15,P010,199,229,51,377,9
5883,2026-05-16,P010,377,0,45,332,3
5884,2026-05-17,P010,332,0,35,297,14
5885,2026-05-18,P010,297,0,35,262,2
5886,2026-05-19,P010,262,0,55,207,15
5887,2026-05-20,P010,207,0,39,168,13
5888,2026-05-21,P010,168,235,37,366,3
5889,2026-05-22,P010,366,0,31,335,3
5890,2026-05-23,P010,335,0,36,299,3
5891,2026-05-24,P010,299,0,35,264,11
5892,2026-05-25,P010,264,0,48,216,8
5893,2026-05-26,P010,216,0,38,178,6
5894,2026-05-27,P010,178,254,34,398,13
5895,2026-05-28,P010,398,0,46,352,14
5896,2026-05-29,P010,352,0,52,300,1
5897,2026-05-30,P010,300,0,30,270,2
5898,2026-05-31,P010,270,0,47,223,9
5899,2026-06-01,P010,223,0,46,177,3
5900,2026-06-02,P010,177,0,54,123,0
5901,2026-06-03,P010,123,0,47,76,9
5902,2026-06-04,P010,76,265,29,312,4
5903,2026-06-05,P010,312,0,46,266,0
5904,2026-06-06,P010,266,0,58,208,13
5905,2026-06-07,P010,208,0,37,171,8
5906,2026-06-08,P010,171,198,42,327,4
5907,2026-06-09,P010,327,0,44,283,0
5908,2026-06-10,P010,283,0,31,252,0
5909,2026-06-11,P010,252,0,54,198,6
5910,2026-06-12,P010,198,0,38,160,5
5911,2026-06-13,P010,160,174,45,289,13
5912,2026-06-14,P010,289,0,47,242,11
5913,2026-06-15,P010,242,0,47,195,4
5914,2026-06-16,P010,195,0,44,151,6
5915,2026-06-17,P010,151,166,47,270,11
5916,2026-06-18,P010,270,0,51,219,4
5917,2026-06-19,P010,219,0,47,172,1
5918,2026-06-20,P010,172,231,29,374,10
5919,2026-06-21,P010,374,0,39,335,12
5920,2026-06-22,P010,335,0,39,296,11
5921,2026-06-23,P010,296,0,52,244,13
5922,2026-06-24,P010,244,0,44,200,14
5923,2026-06-25,P010,200,0,46,154,3
5924,2026-06-26,P010,154,0,46,108,13
5925,2026-06-27,P010,108,257,33,332,2
5926,2026-06-28,P010,332,0,32,300,4
5927,2026-06-29,P010,300,0,45,255,14
5928,2026-06-30,P010,255,0,41,214,9
5929,2026-07-01,P010,214,0,53,161,8
5930,2026-07-02,P010,161,162,43,280,7
5931,2026-07-03,P010,280,0,38,242,0
5932,2026-07-04,P010,242,0,37,205,11
5933,2026-07-05,P010,205,0,38,167,14
5934,2026-07-06,P010,167,252,29,390,6
5935,2026-07-07,P010,390,0,51,339,7
5936,2026-07-08,P010,339,0,50,289,5
5937,2026-07-09,P010,289,0,53,236,9
5938,2026-07-10,P010,236,0,38,198,14
5939,2026-07-11,P010,198,208,49,357,6
5940,2026-07-12,P010,357,0,46,311,0
5941,2026-07-13,P010,311,0,40,271,12
5942,2026-07-14,P010,271,0,50,221,13
5943,2026-07-15,P010,221,0,41,180,15
5944,2026-07-16,P010,180,0,35,145,13
5945,2026-07-17,P010,145,0,51,94,5
5946,2026-07-18,P010,94,0,53,41,1
5947,2026-07-19,P010,41,263,35,269,4
5948,2026-07-20,P010,269,0,53,216,4
5949,2026-07-21,P010,216,0,35,181,11
5950,2026-07-22,P010,181,184,39,326,0
5951,2026-07-23,P010,326,0,42,284,4
5952,2026-07-24,P010,284,0,45,239,12
5953,2026-07-25,P010,239,0,37,202,2
5954,2026-07-26,P010,202,0,45,157,13
5955,2026-07-27,P010,157,0,49,108,8
5956,2026-07-28,P010,108,157,46,219,3
5957,2026-07-29,P010,219,0,48,171,10
5958,2026-07-30,P010,171,245,53,363,4
5959,2026-07-31,P010,363,0,45,318,5
5960,2026-08-01,P010,318,0,57,261,10
5961,2026-08-02,P010,261,0,47,214,8
5962,2026-08-03,P010,214,229,67,376,0
5963,2026-08-04,P010,376,0,58,318,13
5964,2026-08-05,P010,318,0,49,269,0
5965,2026-08-06,P010,269,0,60,209,9
5966,2026-08-07,P010,209,0,49,160,10
5967,2026-08-08,P010,160,0,58,102,5
5968,2026-08-09,P010,102,220,58,264,2
5969,2026-08-10,P010,264,0,52,212,9
5970,2026-08-11,P010,212,0,51,161,15
5971,2026-08-12,P010,161,0,66,95,10
5972,2026-08-13,P010,95,205,57,243,9
5973,2026-08-14,P010,243,0,58,185,14
5974,2026-08-15,P010,185,0,35,150,3
5975,2026-08-16,P010,150,0,71,79,4
5976,2026-08-17,P010,79,171,47,203,12
5977,2026-08-18,P010,203,162,68,297,10
5978,2026-08-19,P010,297,0,61,236,7
5979,2026-08-20,P010,236,0,60,176,7
5980,2026-08-21,P010,176,195,55,316,7
5981,2025-01-01,P011,94,122,28,188,6
5982,2025-01-02,P011,188,0,37,151,0
5983,2025-01-03,P011,151,0,39,112,4
5984,2025-01-04,P011,112,0,29,83,13
5985,2025-01-05,P011,83,102,33,152,6
5986,2025-01-06,P011,152,0,29,123,6
5987,2025-01-07,P011,123,0,35,88,3
5988,2025-01-08,P011,88,115,31,172,5
5989,2025-01-09,P011,172,0,33,139,1
5990,2025-01-10,P011,139,0,30,109,10
5991,2025-01-11,P011,109,0,29,80,4
5992,2025-01-12,P011,80,93,29,144,12
5993,2025-01-13,P011,144,0,36,108,8
5994,2025-01-14,P011,108,0,33,75,10
5995,2025-01-15,P011,75,70,45,100,6
5996,2025-01-16,P011,100,73,32,141,10
5997,2025-01-17,P011,141,0,36,105,11
5998,2025-01-18,P011,105,0,24,81,13
5999,2025-01-19,P011,81,109,29,161,11
6000,2025-01-20,P011,161,0,27,134,2
6001,2025-01-21,P011,134,0,27,107,15
6002,2025-01-22,P011,107,0,34,73,8
6003,2025-01-23,P011,73,119,28,164,11
6004,2025-01-24,P011,164,0,29,135,1
6005,2025-01-25,P011,135,0,27,108,8
6006,2025-01-26,P011,108,0,30,78,9
6007,2025-01-27,P011,78,112,30,160,9
6008,2025-01-28,P011,160,0,25,135,4
6009,2025-01-29,P011,135,0,36,99,0
6010,2025-01-30,P011,99,0,28,71,11
6011,2025-01-31,P011,71,93,31,133,8
6012,2025-02-01,P011,133,0,29,104,2
6013,2025-02-02,P011,104,0,28,76,5
6014,2025-02-03,P011,76,83,36,123,2
6015,2025-02-04,P011,123,0,33,90,3
6016,2025-02-05,P011,90,126,28,188,9
6017,2025-02-06,P011,188,0,40,148,9
6018,2025-02-07,P011,148,0,32,116,8
6019,2025-02-08,P011,116,0,27,89,4
6020,2025-02-09,P011,89,102,38,153,7
6021,2025-02-10,P011,153,0,33,120,4
6022,2025-02-11,P011,120,0,33,87,10
6023,2025-02-12,P011,87,126,41,172,14
6024,2025-02-13,P011,172,0,30,142,9
6025,2025-02-14,P011,142,0,30,112,4
6026,2025-02-15,P011,112,0,28,84,14
6027,2025-02-16,P011,84,0,32,52,13
6028,2025-02-17,P011,52,70,26,96,8
6029,2025-02-18,P011,96,0,24,72,10
6030,2025-02-19,P011,72,0,34,38,10
6031,2025-02-20,P011,38,120,26,132,9
6032,2025-02-21,P011,132,0,30,102,14
6033,2025-02-22,P011,102,0,30,72,12
6034,2025-02-23,P011,72,74,25,121,13
6035,2025-02-24,P011,121,0,27,94,6
6036,2025-02-25,P011,94,123,32,185,5
6037,2025-02-26,P011,185,0,35,150,2
6038,2025-02-27,P011,150,0,25,125,0
6039,2025-02-28,P011,125,0,35,90,10
6040,2025-03-01,P011,90,106,32,164,5
6041,2025-03-02,P011,164,0,55,109,11
6042,2025-03-03,P011,109,0,38,71,3
6043,2025-03-04,P011,71,77,42,106,9
6044,2025-03-05,P011,106,0,32,74,12
6045,2025-03-06,P011,74,76,34,116,2
6046,2025-03-07,P011,116,0,34,82,13
6047,2025-03-08,P011,82,0,29,53,12
6048,2025-03-09,P011,53,123,35,141,11
6049,2025-03-10,P011,141,0,28,113,12
6050,2025-03-11,P011,113,0,30,83,7
6051,2025-03-12,P011,83,0,38,45,13
6052,2025-03-13,P011,45,0,38,7,0
6053,2025-03-14,P011,7,113,42,113,9
6054,2025-03-15,P011,113,0,33,80,6
6055,2025-03-16,P011,80,107,30,157,1
6056,2025-03-17,P011,157,0,39,118,2
6057,2025-03-18,P011,118,0,34,84,11
6058,2025-03-19,P011,84,88,37,135,0
6059,2025-03-20,P011,135,0,44,91,14
6060,2025-03-21,P011,91,110,36,165,11
6061,2025-03-22,P011,165,0,30,135,10
6062,2025-03-23,P011,135,0,32,103,12
6063,2025-03-24,P011,103,0,32,71,9
6064,2025-03-25,P011,71,0,43,28,8
6065,2025-03-26,P011,28,0,34,0,0
6066,2025-03-27,P011,0,0,33,0,0
6067,2025-03-28,P011,0,79,34,79,6
6068,2025-03-29,P011,79,123,33,169,12
6069,2025-03-30,P011,169,0,33,136,4
6070,2025-03-31,P011,136,0,32,104,11
6071,2025-04-01,P011,104,125,37,192,14
6072,2025-04-02,P011,192,0,33,159,8
6073,2025-04-03,P011,159,0,34,125,3
6074,2025-04-04,P011,125,0,43,82,12
6075,2025-04-05,P011,82,122,36,168,13
6076,2025-04-06,P011,168,0,35,133,11
6077,2025-04-07,P011,133,0,37,96,13
6078,2025-04-08,P011,96,118,30,184,10
6079,2025-04-09,P011,184,0,28,156,14
6080,2025-04-10,P011,156,0,40,116,12
6081,2025-04-11,P011,116,0,40,76,9
6082,2025-04-12,P011,76,83,31,128,7
6083,2025-04-13,P011,128,0,34,94,12
6084,2025-04-14,P011,94,102,34,162,12
6085,2025-04-15,P011,162,0,34,128,3
6086,2025-04-16,P011,128,0,33,95,14
6087,2025-04-17,P011,95,73,33,135,13
6088,2025-04-18,P011,135,0,27,108,13
6089,2025-04-19,P011,108,0,30,78,14
6090,2025-04-20,P011,78,108,30,156,7
6091,2025-04-21,P011,156,0,37,119,5
6092,2025-04-22,P011,119,0,34,85,8
6093,2025-04-23,P011,85,0,40,45,13
6094,2025-04-24,P011,45,0,31,14,3
6095,2025-04-25,P011,14,82,34,82,13
6096,2025-04-26,P011,82,81,33,130,10
6097,2025-04-27,P011,130,0,26,104,2
6098,2025-04-28,P011,104,0,34,70,11
6099,2025-04-29,P011,70,115,35,150,6
6100,2025-04-30,P011,150,0,30,120,15
6101,2025-05-01,P011,120,0,30,90,9
6102,2025-05-02,P011,90,110,33,167,9
6103,2025-05-03,P011,167,0,24,143,2
6104,2025-05-04,P011,143,0,30,113,15
6105,2025-05-05,P011,113,0,29,84,6
6106,2025-05-06,P011,84,85,37,132,13
6107,2025-05-07,P011,132,0,40,92,1
6108,2025-05-08,P011,92,100,29,163,13
6109,2025-05-09,P011,163,0,34,129,15
6110,2025-05-10,P011,129,0,26,103,12
6111,2025-05-11,P011,103,0,32,71,1
6112,2025-05-12,P011,71,88,27,132,10
6113,2025-05-13,P011,132,0,46,86,1
6114,2025-05-14,P011,86,105,29,162,3
6115,2025-05-15,P011,162,0,32,130,13
6116,2025-05-16,P011,130,0,35,95,11
6117,2025-05-17,P011,95,0,32,63,1
6118,2025-05-18,P011,63,95,26,132,3
6119,2025-05-19,P011,132,0,35,97,9
6120,2025-05-20,P011,97,105,32,170,15
6121,2025-05-21,P011,170,0,32,138,12
6122,2025-05-22,P011,138,0,32,106,0
6123,2025-05-23,P011,106,0,29,77,11
6124,2025-05-24,P011,77,0,29,48,12
6125,2025-05-25,P011,48,121,34,135,0
6126,2025-05-26,P011,135,0,49,86,6
6127,2025-05-27,P011,86,0,37,49,6
6128,2025-05-28,P011,49,126,39,136,9
6129,2025-05-29,P011,136,0,29,107,4
6130,2025-05-30,P011,107,0,27,80,13
6131,2025-05-31,P011,80,79,30,129,15
6132,2025-06-01,P011,129,0,26,103,3
6133,2025-06-02,P011,103,0,40,63,4
6134,2025-06-03,P011,63,84,32,115,13
6135,2025-06-04,P011,115,0,30,85,12
6136,2025-06-05,P011,85,91,28,148,13
6137,2025-06-06,P011,148,0,36,112,13
6138,2025-06-07,P011,112,0,26,86,14
6139,2025-06-08,P011,86,108,28,166,1
6140,2025-06-09,P011,166,0,37,129,12
6141,2025-06-10,P011,129,0,31,98,1
6142,2025-06-11,P011,98,0,31,67,5
6143,2025-06-12,P011,67,101,33,135,5
6144,2025-06-13,P011,135,0,34,101,6
6145,2025-06-14,P011,101,0,31,70,13
6146,2025-06-15,P011,70,98,28,140,13
6147,2025-06-16,P011,140,0,33,107,2
6148,2025-06-17,P011,107,0,31,76,8
6149,2025-06-18,P011,76,97,26,147,13
6150,2025-06-19,P011,147,0,33,114,11
6151,2025-06-20,P011,114,0,39,75,15
6152,2025-06-21,P011,75,96,26,145,8
6153,2025-06-22,P011,145,0,26,119,0
6154,2025-06-23,P011,119,0,30,89,5
6155,2025-06-24,P011,89,77,36,130,4
6156,2025-06-25,P011,130,0,36,94,6
6157,2025-06-26,P011,94,107,31,170,8
6158,2025-06-27,P011,170,0,29,141,10
6159,2025-06-28,P011,141,0,29,112,14
6160,2025-06-29,P011,112,0,23,89,5
6161,2025-06-30,P011,89,86,45,130,2
6162,2025-07-01,P011,130,0,37,93,14
6163,2025-07-02,P011,93,104,27,170,5
6164,2025-07-03,P011,170,0,27,143,13
6165,2025-07-04,P011,143,0,39,104,3
6166,2025-07-05,P011,104,0,27,77,9
6167,2025-07-06,P011,77,110,33,154,2
6168,2025-07-07,P011,154,0,33,121,0
6169,2025-07-08,P011,121,0,33,88,10
6170,2025-07-09,P011,88,0,33,55,15
6171,2025-07-10,P011,55,74,29,100,7
6172,2025-07-11,P011,100,110,33,177,0
6173,2025-07-12,P011,177,0,45,132,15
6174,2025-07-13,P011,132,0,25,107,0
6175,2025-07-14,P011,107,0,35,72,7
6176,2025-07-15,P011,72,117,32,157,3
6177,2025-07-16,P011,157,0,32,125,11
6178,2025-07-17,P011,125,0,28,97,12
6179,2025-07-18,P011,97,100,40,157,0
6180,2025-07-19,P011,157,0,33,124,10
6181,2025-07-20,P011,124,0,32,92,6
6182,2025-07-21,P011,92,0,31,61,1
6183,2025-07-22,P011,61,91,26,126,2
6184,2025-07-23,P011,126,0,41,85,6
6185,2025-07-24,P011,85,94,33,146,1
6186,2025-07-25,P011,146,0,30,116,12
6187,2025-07-26,P011,116,0,30,86,12
6188,2025-07-27,P011,86,89,34,141,11
6189,2025-07-28,P011,141,0,32,109,13
6190,2025-07-29,P011,109,0,39,70,2
6191,2025-07-30,P011,70,123,37,156,6
6192,2025-07-31,P011,156,0,28,128,0
6193,2025-08-01,P011,128,0,37,91,14
6194,2025-08-02,P011,91,0,39,52,12
6195,2025-08-03,P011,52,114,23,143,0
6196,2025-08-04,P011,143,0,38,105,8
6197,2025-08-05,P011,105,0,32,73,1
6198,2025-08-06,P011,73,119,37,155,8
6199,2025-08-07,P011,155,0,39,116,3
6200,2025-08-08,P011,116,0,38,78,12
6201,2025-08-09,P011,78,95,33,140,3
6202,2025-08-10,P011,140,0,31,109,6
6203,2025-08-11,P011,109,95,49,155,6
6204,2025-08-12,P011,155,0,50,105,10
6205,2025-08-13,P011,105,0,34,71,9
6206,2025-08-14,P011,71,82,49,104,13
6207,2025-08-15,P011,104,121,39,186,0
6208,2025-08-16,P011,186,0,37,149,9
6209,2025-08-17,P011,149,0,35,114,0
6210,2025-08-18,P011,114,0,36,78,0
6211,2025-08-19,P011,78,111,43,146,15
6212,2025-08-20,P011,146,0,48,98,8
6213,2025-08-21,P011,98,0,39,59,15
6214,2025-08-22,P011,59,115,33,141,8
6215,2025-08-23,P011,141,0,31,110,1
6216,2025-08-24,P011,110,0,28,82,5
6217,2025-08-25,P011,82,107,38,151,7
6218,2025-08-26,P011,151,0,35,116,14
6219,2025-08-27,P011,116,0,38,78,2
6220,2025-08-28,P011,78,0,46,32,4
6221,2025-08-29,P011,32,114,46,114,7
6222,2025-08-30,P011,114,0,34,80,10
6223,2025-08-31,P011,80,118,36,162,8
6224,2025-09-01,P011,162,0,58,104,8
6225,2025-09-02,P011,104,104,44,164,0
6226,2025-09-03,P011,164,0,39,125,10
6227,2025-09-04,P011,125,0,32,93,14
6228,2025-09-05,P011,93,0,43,50,6
6229,2025-09-06,P011,50,77,40,87,10
6230,2025-09-07,P011,87,74,33,128,8
6231,2025-09-08,P011,128,0,40,88,11
6232,2025-09-09,P011,88,98,38,148,5
6233,2025-09-10,P011,148,0,41,107,9
6234,2025-09-11,P011,107,0,27,80,11
6235,2025-09-12,P011,80,95,40,135,13
6236,2025-09-13,P011,135,0,40,95,7
6237,2025-09-14,P011,95,73,34,134,11
6238,2025-09-15,P011,134,0,39,95,3
6239,2025-09-16,P011,95,75,35,135,13
6240,2025-09-17,P011,135,0,43,92,6
6241,2025-09-18,P011,92,0,38,54,13
6242,2025-09-19,P011,54,75,36,93,14
6243,2025-09-20,P011,93,118,40,171,6
6244,2025-09-21,P011,171,0,40,131,11
6245,2025-09-22,P011,131,0,36,95,12
6246,2025-09-23,P011,95,85,44,136,12
6247,2025-09-24,P011,136,0,41,95,10
6248,2025-09-25,P011,95,116,42,169,1
6249,2025-09-26,P011,169,0,32,137,3
6250,2025-09-27,P011,137,0,39,98,10
6251,2025-09-28,P011,98,123,43,178,7
6252,2025-09-29,P011,178,0,40,138,8
6253,2025-09-30,P011,138,0,52,86,6
6254,2025-10-01,P011,86,124,40,170,13
6255,2025-10-02,P011,170,0,35,135,4
6256,2025-10-03,P011,135,0,28,107,5
6257,2025-10-04,P011,107,90,39,158,12
6258,2025-10-05,P011,158,0,28,130,5
6259,2025-10-06,P011,130,0,32,98,3
6260,2025-10-07,P011,98,0,38,60,8
6261,2025-10-08,P011,60,85,44,101,11
6262,2025-10-09,P011,101,0,43,58,2
6263,2025-10-10,P011,58,81,36,103,0
6264,2025-10-11,P011,103,0,34,69,10
6265,2025-10-12,P011,69,109,31,147,4
6266,2025-10-13,P011,147,0,38,109,2
6267,2025-10-14,P011,109,0,37,72,7
6268,2025-10-15,P011,72,97,41,128,0
6269,2025-10-16,P011,128,0,41,87,12
6270,2025-10-17,P011,87,103,39,151,14
6271,2025-10-18,P011,151,0,33,118,4
6272,2025-10-19,P011,118,0,36,82,14
6273,2025-10-20,P011,82,86,40,128,11
6274,2025-10-21,P011,128,0,41,87,12
6275,2025-10-22,P011,87,114,35,166,10
6276,2025-10-23,P011,166,0,37,129,7
6277,2025-10-24,P011,129,0,44,85,3
6278,2025-10-25,P011,85,73,37,121,15
6279,2025-10-26,P011,121,0,29,92,12
6280,2025-10-27,P011,92,114,41,165,1
6281,2025-10-28,P011,165,0,41,124,15
6282,2025-10-29,P011,124,0,42,82,0
6283,2025-10-30,P011,82,113,49,146,12
6284,2025-10-31,P011,146,0,46,100,1
6285,2025-11-01,P011,100,97,31,166,14
6286,2025-11-02,P011,166,0,32,134,9
6287,2025-11-03,P011,134,0,33,101,8
6288,2025-11-04,P011,101,90,58,133,7
6289,2025-11-05,P011,133,0,45,88,8
6290,2025-11-06,P011,88,111,36,163,15
6291,2025-11-07,P011,163,0,35,128,2
6292,2025-11-08,P011,128,0,39,89,13
6293,2025-11-09,P011,89,77,35,131,11
6294,2025-11-10,P011,131,0,41,90,13
6295,2025-11-11,P011,90,94,43,141,0
6296,2025-11-12,P011,141,0,44,97,13
6297,2025-11-13,P011,97,75,35,137,0
6298,2025-11-14,P011,137,0,32,105,2
6299,2025-11-15,P011,105,0,32,73,7
6300,2025-11-16,P011,73,83,33,123,2
6301,2025-11-17,P011,123,0,40,83,5
6302,2025-11-18,P011,83,84,30,137,12
6303,2025-11-19,P011,137,0,44,93,15
6304,2025-11-20,P011,93,102,43,152,9
6305,2025-11-21,P011,152,0,28,124,14
6306,2025-11-22,P011,124,0,38,86,7
6307,2025-11-23,P011,86,0,32,54,1
6308,2025-11-24,P011,54,96,45,105,1
6309,2025-11-25,P011,105,71,39,137,6
6310,2025-11-26,P011,137,0,40,97,8
6311,2025-11-27,P011,97,0,38,59,1
6312,2025-11-28,P011,59,102,43,118,10
6313,2025-11-29,P011,118,0,45,73,0
6314,2025-11-30,P011,73,88,38,123,10
6315,2025-12-01,P011,123,0,46,77,3
6316,2025-12-02,P011,77,112,45,144,13
6317,2025-12-03,P011,144,0,48,96,7
6318,2025-12-04,P011,96,74,34,136,2
6319,2025-12-05,P011,136,0,43,93,9
6320,2025-12-06,P011,93,110,33,170,12
6321,2025-12-07,P011,170,0,38,132,15
6322,2025-12-08,P011,132,0,40,92,11
6323,2025-12-09,P011,92,84,39,137,6
6324,2025-12-10,P011,137,0,46,91,8
6325,2025-12-11,P011,91,100,36,155,13
6326,2025-12-12,P011,155,0,31,124,12
6327,2025-12-13,P011,124,0,30,94,4
6328,2025-12-14,P011,94,73,36,131,0
6329,2025-12-15,P011,131,0,48,83,15
6330,2025-12-16,P011,83,70,42,111,7
6331,2025-12-17,P011,111,0,45,66,14
6332,2025-12-18,P011,66,88,33,121,13
6333,2025-12-19,P011,121,0,35,86,8
6334,2025-12-20,P011,86,112,31,167,10
6335,2025-12-21,P011,167,0,34,133,0
6336,2025-12-22,P011,133,0,41,92,5
6337,2025-12-23,P011,92,98,43,147,0
6338,2025-12-24,P011,147,0,35,112,9
6339,2025-12-25,P011,112,0,42,70,8
6340,2025-12-26,P011,70,0,42,28,10
6341,2025-12-27,P011,28,86,31,86,5
6342,2025-12-28,P011,86,93,35,144,15
6343,2025-12-29,P011,144,0,36,108,8
6344,2025-12-30,P011,108,73,49,132,8
6345,2025-12-31,P011,132,0,40,92,7
6346,2026-01-01,P011,92,0,34,58,1
6347,2026-01-02,P011,58,88,31,115,14
6348,2026-01-03,P011,115,0,33,82,8
6349,2026-01-04,P011,82,107,27,162,7
6350,2026-01-05,P011,162,0,31,131,0
6351,2026-01-06,P011,131,0,48,83,3
6352,2026-01-07,P011,83,123,28,178,13
6353,2026-01-08,P011,178,0,33,145,1
6354,2026-01-09,P011,145,0,37,108,0
6355,2026-01-10,P011,108,0,21,87,14
6356,2026-01-11,P011,87,115,27,175,7
6357,2026-01-12,P011,175,0,57,118,7
6358,2026-01-13,P011,118,0,29,89,11
6359,2026-01-14,P011,89,98,26,161,13
6360,2026-01-15,P011,161,0,26,135,0
6361,2026-01-16,P011,135,0,38,97,0
6362,2026-01-17,P011,97,0,36,61,8
6363,2026-01-18,P011,61,72,28,105,7
6364,2026-01-19,P011,105,96,36,165,10
6365,2026-01-20,P011,165,0,38,127,9
6366,2026-01-21,P011,127,0,46,81,9
6367,2026-01-22,P011,81,113,33,161,6
6368,2026-01-23,P011,161,0,25,136,0
6369,2026-01-24,P011,136,0,28,108,11
6370,2026-01-25,P011,108,0,27,81,6
6371,2026-01-26,P011,81,0,35,46,13
6372,2026-01-27,P011,46,98,33,111,2
6373,2026-01-28,P011,111,0,37,74,12
6374,2026-01-29,P011,74,72,41,105,8
6375,2026-01-30,P011,105,0,33,72,14
6376,2026-01-31,P011,72,121,33,160,1
6377,2026-02-01,P011,160,0,34,126,11
6378,2026-02-02,P011,126,0,33,93,9
6379,2026-02-03,P011,93,120,38,175,4
6380,2026-02-04,P011,175,0,36,139,5
6381,2026-02-05,P011,139,0,45,94,11
6382,2026-02-06,P011,94,86,28,152,3
6383,2026-02-07,P011,152,0,27,125,9
6384,2026-02-08,P011,125,0,30,95,0
6385,2026-02-09,P011,95,86,39,142,10
6386,2026-02-10,P011,142,0,38,104,5
6387,2026-02-11,P011,104,0,34,70,3
6388,2026-02-12,P011,70,106,28,148,6
6389,2026-02-13,P011,148,0,40,108,3
6390,2026-02-14,P011,108,0,33,75,1
6391,2026-02-15,P011,75,126,24,177,15
6392,2026-02-16,P011,177,0,35,142,12
6393,2026-02-17,P011,142,0,29,113,12
6394,2026-02-18,P011,113,0,33,80,8
6395,2026-02-19,P011,80,74,33,121,8
6396,2026-02-20,P011,121,0,43,78,2
6397,2026-02-21,P011,78,116,29,165,15
6398,2026-02-22,P011,165,0,28,137,2
6399,2026-02-23,P011,137,0,47,90,8
6400,2026-02-24,P011,90,101,36,155,14
6401,2026-02-25,P011,155,0,34,121,9
6402,2026-02-26,P011,121,0,29,92,3
6403,2026-02-27,P011,92,95,31,156,13
6404,2026-02-28,P011,156,0,34,122,6
6405,2026-03-01,P011,122,0,39,83,4
6406,2026-03-02,P011,83,81,40,124,8
6407,2026-03-03,P011,124,0,35,89,13
6408,2026-03-04,P011,89,72,39,122,5
6409,2026-03-05,P011,122,0,34,88,10
6410,2026-03-06,P011,88,0,39,49,15
6411,2026-03-07,P011,49,96,41,104,10
6412,2026-03-08,P011,104,0,30,74,7
6413,2026-03-09,P011,74,105,32,147,12
6414,2026-03-10,P011,147,0,38,109,13
6415,2026-03-11,P011,109,83,40,152,13
6416,2026-03-12,P011,152,0,32,120,0
6417,2026-03-13,P011,120,0,32,88,7
6418,2026-03-14,P011,88,0,40,48,3
6419,2026-03-15,P011,48,113,34,127,5
6420,2026-03-16,P011,127,0,35,92,8
6421,2026-03-17,P011,92,97,32,157,2
6422,2026-03-18,P011,157,0,33,124,11
6423,2026-03-19,P011,124,0,44,80,8
6424,2026-03-20,P011,80,106,38,148,9
6425,2026-03-21,P011,148,0,29,119,8
6426,2026-03-22,P011,119,0,32,87,3
6427,2026-03-23,P011,87,92,32,147,2
6428,2026-03-24,P011,147,0,40,107,13
6429,2026-03-25,P011,107,114,40,181,5
6430,2026-03-26,P011,181,0,35,146,15
6431,2026-03-27,P011,146,0,32,114,13
6432,2026-03-28,P011,114,0,24,90,4
6433,2026-03-29,P011,90,125,28,187,1
6434,2026-03-30,P011,187,0,30,157,4
6435,2026-03-31,P011,157,0,40,117,7
6436,2026-04-01,P011,117,0,33,84,15
6437,2026-04-02,P011,84,93,30,147,13
6438,2026-04-03,P011,147,0,35,112,0
6439,2026-04-04,P011,112,0,34,78,5
6440,2026-04-05,P011,78,114,32,160,0
6441,2026-04-06,P011,160,0,31,129,8
6442,2026-04-07,P011,129,0,34,95,14
6443,2026-04-08,P011,95,85,42,138,4
6444,2026-04-09,P011,138,0,43,95,15
6445,2026-04-10,P011,95,81,43,133,4
6446,2026-04-11,P011,133,0,30,103,8
6447,2026-04-12,P011,103,0,31,72,6
6448,2026-04-13,P011,72,118,37,153,15
6449,2026-04-14,P011,153,0,29,124,10
6450,2026-04-15,P011,124,0,53,71,3
6451,2026-04-16,P011,71,78,45,104,11
6452,2026-04-17,P011,104,117,42,179,14
6453,2026-04-18,P011,179,0,27,152,2
6454,2026-04-19,P011,152,0,35,117,11
6455,2026-04-20,P011,117,0,29,88,2
6456,2026-04-21,P011,88,112,34,166,14
6457,2026-04-22,P011,166,0,32,134,14
6458,2026-04-23,P011,134,0,43,91,14
6459,2026-04-24,P011,91,0,32,59,12
6460,2026-04-25,P011,59,114,34,139,10
6461,2026-04-26,P011,139,0,30,109,6
6462,2026-04-27,P011,109,0,32,77,1
6463,2026-04-28,P011,77,95,38,134,4
6464,2026-04-29,P011,134,0,46,88,14
6465,2026-04-30,P011,88,95,29,154,3
6466,2026-05-01,P011,154,0,42,112,2
6467,2026-05-02,P011,112,106,43,175,2
6468,2026-05-03,P011,175,0,30,145,5
6469,2026-05-04,P011,145,0,39,106,7
6470,2026-05-05,P011,106,0,33,73,8
6471,2026-05-06,P011,73,115,34,154,8
6472,2026-05-07,P011,154,0,44,110,1
6473,2026-05-08,P011,110,0,39,71,4
6474,2026-05-09,P011,71,115,22,164,1
6475,2026-05-10,P011,164,0,22,142,7
6476,2026-05-11,P011,142,0,39,103,10
6477,2026-05-12,P011,103,116,38,181,14
6478,2026-05-13,P011,181,0,32,149,9
6479,2026-05-14,P011,149,0,36,113,6
6480,2026-05-15,P011,113,0,36,77,11
6481,2026-05-16,P011,77,73,35,115,10
6482,2026-05-17,P011,115,0,22,93,9
6483,2026-05-18,P011,93,70,33,130,9
6484,2026-05-19,P011,130,0,34,96,11
6485,2026-05-20,P011,96,109,39,166,5
6486,2026-05-21,P011,166,0,48,118,15
6487,2026-05-22,P011,118,0,38,80,12
6488,2026-05-23,P011,80,0,26,54,10
6489,2026-05-24,P011,54,90,33,111,7
6490,2026-05-25,P011,111,0,38,73,13
6491,2026-05-26,P011,73,103,38,138,2
6492,2026-05-27,P011,138,0,35,103,9
6493,2026-05-28,P011,103,0,40,63,6
6494,2026-05-29,P011,63,122,40,145,4
6495,2026-05-30,P011,145,0,28,117,9
6496,2026-05-31,P011,117,0,34,83,2
6497,2026-06-01,P011,83,0,39,44,6
6498,2026-06-02,P011,44,82,39,87,15
6499,2026-06-03,P011,87,121,32,176,5
6500,2026-06-04,P011,176,0,48,128,12
6501,2026-06-05,P011,128,0,43,85,9
6502,2026-06-06,P011,85,0,26,59,3
6503,2026-06-07,P011,59,89,36,112,9
6504,2026-06-08,P011,112,0,34,78,9
6505,2026-06-09,P011,78,73,42,109,4
6506,2026-06-10,P011,109,0,32,77,0
6507,2026-06-11,P011,77,78,55,100,14
6508,2026-06-12,P011,100,109,36,173,3
6509,2026-06-13,P011,173,0,28,145,4
6510,2026-06-14,P011,145,0,33,112,2
6511,2026-06-15,P011,112,0,39,73,10
6512,2026-06-16,P011,73,112,36,149,13
6513,2026-06-17,P011,149,0,31,118,8
6514,2026-06-18,P011,118,0,32,86,8
6515,2026-06-19,P011,86,122,35,173,5
6516,2026-06-20,P011,173,0,27,146,13
6517,2026-06-21,P011,146,0,48,98,2
6518,2026-06-22,P011,98,70,39,129,10
6519,2026-06-23,P011,129,0,26,103,4
6520,2026-06-24,P011,103,102,40,165,14
6521,2026-06-25,P011,165,0,37,128,0
6522,2026-06-26,P011,128,0,37,91,1
6523,2026-06-27,P011,91,73,27,137,12
6524,2026-06-28,P011,137,0,32,105,5
6525,2026-06-29,P011,105,0,39,66,13
6526,2026-06-30,P011,66,0,38,28,11
6527,2026-07-01,P011,28,74,43,74,4
6528,2026-07-02,P011,74,0,35,39,11
6529,2026-07-03,P011,39,86,39,86,9
6530,2026-07-04,P011,86,96,28,154,4
6531,2026-07-05,P011,154,0,32,122,4
6532,2026-07-06,P011,122,0,36,86,1
6533,2026-07-07,P011,86,92,44,134,8
6534,2026-07-08,P011,134,0,50,84,11
6535,2026-07-09,P011,84,0,31,53,13
6536,2026-07-10,P011,53,73,46,80,6
6537,2026-07-11,P011,80,73,26,127,14
6538,2026-07-12,P011,127,0,32,95,1
6539,2026-07-13,P011,95,73,41,127,11
6540,2026-07-14,P011,127,0,30,97,11
6541,2026-07-15,P011,97,92,36,153,7
6542,2026-07-16,P011,153,0,34,119,4
6543,2026-07-17,P011,119,0,30,89,10
6544,2026-07-18,P011,89,98,41,146,8
6545,2026-07-19,P011,146,0,31,115,6
6546,2026-07-20,P011,115,0,35,80,14
6547,2026-07-21,P011,80,76,30,126,15
6548,2026-07-22,P011,126,0,37,89,2
6549,2026-07-23,P011,89,0,37,52,11
6550,2026-07-24,P011,52,0,40,12,11
6551,2026-07-25,P011,12,109,30,109,3
6552,2026-07-26,P011,109,0,32,77,2
6553,2026-07-27,P011,77,100,37,140,2
6554,2026-07-28,P011,140,0,36,104,15
6555,2026-07-29,P011,104,0,33,71,10
6556,2026-07-30,P011,71,0,29,42,2
6557,2026-07-31,P011,42,107,33,116,3
6558,2026-08-01,P011,116,0,42,74,13
6559,2026-08-02,P011,74,108,39,143,6
6560,2026-08-03,P011,143,0,54,89,14
6561,2026-08-04,P011,89,73,45,117,14
6562,2026-08-05,P011,117,93,51,159,15
6563,2026-08-06,P011,159,0,40,119,2
6564,2026-08-07,P011,119,95,51,163,5
6565,2026-08-08,P011,163,0,36,127,3
6566,2026-08-09,P011,127,0,45,82,0
6567,2026-08-10,P011,82,0,55,27,0
6568,2026-08-11,P011,27,101,41,101,2
6569,2026-08-12,P011,101,118,42,177,9
6570,2026-08-13,P011,177,0,49,128,1
6571,2026-08-14,P011,128,0,47,81,13
6572,2026-08-15,P011,81,97,29,149,10
6573,2026-08-16,P011,149,0,52,97,1
6574,2026-08-17,P011,97,82,37,142,14
6575,2026-08-18,P011,142,0,41,101,0
6576,2026-08-19,P011,101,0,44,57,13
6577,2026-08-20,P011,57,0,44,13,1
6578,2026-08-21,P011,13,0,36,0,0
6579,2025-01-01,P012,416,0,95,321,6
6580,2025-01-02,P012,321,0,84,237,2
6581,2025-01-03,P012,237,317,89,465,9
6582,2025-01-04,P012,465,0,84,381,5
6583,2025-01-05,P012,381,0,79,302,6
6584,2025-01-06,P012,302,0,87,215,15
6585,2025-01-07,P012,215,329,119,425,6
6586,2025-01-08,P012,425,0,94,331,14
6587,2025-01-09,P012,331,0,109,222,13
6588,2025-01-10,P012,222,260,90,392,3
6589,2025-01-11,P012,392,0,73,319,8
6590,2025-01-12,P012,319,0,84,235,15
6591,2025-01-13,P012,235,223,90,368,4
6592,2025-01-14,P012,368,0,80,288,12
6593,2025-01-15,P012,288,294,109,473,13
6594,2025-01-16,P012,473,0,86,387,5
6595,2025-01-17,P012,387,0,72,315,4
6596,2025-01-18,P012,315,0,95,220,12
6597,2025-01-19,P012,220,241,77,384,7
6598,2025-01-20,P012,384,0,86,298,12
6599,2025-01-21,P012,298,0,73,225,4
6600,2025-01-22,P012,225,224,112,337,7
6601,2025-01-23,P012,337,0,79,258,9
6602,2025-01-24,P012,258,226,93,391,8
6603,2025-01-25,P012,391,0,91,300,15
6604,2025-01-26,P012,300,207,113,394,4
6605,2025-01-27,P012,394,0,92,302,12
6606,2025-01-28,P012,302,0,74,228,4
6607,2025-01-29,P012,228,0,84,144,3
6608,2025-01-30,P012,144,204,95,253,6
6609,2025-01-31,P012,253,300,85,468,10
6610,2025-02-01,P012,468,0,84,384,6
6611,2025-02-02,P012,384,0,88,296,11
6612,2025-02-03,P012,296,249,104,441,11
6613,2025-02-04,P012,441,0,80,361,5
6614,2025-02-05,P012,361,0,118,243,13
6615,2025-02-06,P012,243,272,102,413,14
6616,2025-02-07,P012,413,0,94,319,4
6617,2025-02-08,P012,319,0,92,227,9
6618,2025-02-09,P012,227,358,106,479,3
6619,2025-02-10,P012,479,0,78,401,15
6620,2025-02-11,P012,401,0,91,310,3
6621,2025-02-12,P012,310,0,66,244,6
6622,2025-02-13,P012,244,230,95,379,15
6623,2025-02-14,P012,379,0,98,281,4
6624,2025-02-15,P012,281,233,82,432,5
6625,2025-02-16,P012,432,0,76,356,7
6626,2025-02-17,P012,356,0,71,285,5
6627,2025-02-18,P012,285,317,98,504,10
6628,2025-02-19,P012,504,0,111,393,9
6629,2025-02-20,P012,393,0,87,306,2
6630,2025-02-21,P012,306,335,113,528,15
6631,2025-02-22,P012,528,0,67,461,1
6632,2025-02-23,P012,461,0,87,374,11
6633,2025-02-24,P012,374,0,89,285,10
6634,2025-02-25,P012,285,0,85,200,9
6635,2025-02-26,P012,200,206,85,321,10
6636,2025-02-27,P012,321,0,90,231,9
6637,2025-02-28,P012,231,290,99,422,6
6638,2025-03-01,P012,422,0,74,348,5
6639,2025-03-02,P012,348,0,83,265,9
6640,2025-03-03,P012,265,0,98,167,6
6641,2025-03-04,P012,167,358,85,440,1
6642,2025-03-05,P012,440,0,118,322,15
6643,2025-03-06,P012,322,0,88,234,1
6644,2025-03-07,P012,234,240,91,383,9
6645,2025-03-08,P012,383,0,78,305,3
6646,2025-03-09,P012,305,226,106,425,0
6647,2025-03-10,P012,425,0,104,321,15
6648,2025-03-11,P012,321,0,87,234,3
6649,2025-03-12,P012,234,341,111,464,14
6650,2025-03-13,P012,464,0,100,364,13
6651,2025-03-14,P012,364,0,117,247,15
6652,2025-03-15,P012,247,252,84,415,12
6653,2025-03-16,P012,415,0,79,336,0
6654,2025-03-17,P012,336,0,104,232,0
6655,2025-03-18,P012,232,280,93,419,9
6656,2025-03-19,P012,419,0,120,299,10
6657,2025-03-20,P012,299,0,84,215,15
6658,2025-03-21,P012,215,235,119,331,15
6659,2025-03-22,P012,331,0,87,244,11
6660,2025-03-23,P012,244,254,111,387,14
6661,2025-03-24,P012,387,0,109,278,6
6662,2025-03-25,P012,278,301,91,488,11
6663,2025-03-26,P012,488,0,125,363,6
6664,2025-03-27,P012,363,0,66,297,14
6665,2025-03-28,P012,297,0,90,207,4
6666,2025-03-29,P012,207,270,78,399,15
6667,2025-03-30,P012,399,0,74,325,3
6668,2025-03-31,P012,325,0,97,228,5
6669,2025-04-01,P012,228,0,105,123,12
6670,2025-04-02,P012,123,0,107,16,10
6671,2025-04-03,P012,16,0,103,0,0
6672,2025-04-04,P012,0,261,93,261,13
6673,2025-04-05,P012,261,211,90,382,1
6674,2025-04-06,P012,382,0,88,294,3
6675,2025-04-07,P012,294,288,109,473,11
6676,2025-04-08,P012,473,0,108,365,7
6677,2025-04-09,P012,365,0,100,265,9
6678,2025-04-10,P012,265,213,88,390,4
6679,2025-04-11,P012,390,0,93,297,15
6680,2025-04-12,P012,297,0,80,217,0
6681,2025-04-13,P012,217,347,83,481,11
6682,2025-04-14,P012,481,0,104,377,7
6683,2025-04-15,P012,377,0,108,269,15
6684,2025-04-16,P012,269,311,99,481,8
6685,2025-04-17,P012,481,0,100,381,1
6686,2025-04-18,P012,381,0,101,280,2
6687,2025-04-19,P012,280,326,82,524,8
6688,2025-04-20,P012,524,0,79,445,12
6689,2025-04-21,P012,445,0,99,346,15
6690,2025-04-22,P012,346,0,101,245,4
6691,2025-04-23,P012,245,256,108,393,15
6692,2025-04-24,P012,393,0,92,301,12
6693,2025-04-25,P012,301,0,97,204,4
6694,2025-04-26,P012,204,217,91,330,0
6695,2025-04-27,P012,330,0,94,236,10
6696,2025-04-28,P012,236,346,86,496,7
6697,2025-04-29,P012,496,0,113,383,3
6698,2025-04-30,P012,383,0,116,267,0
6699,2025-05-01,P012,267,276,84,459,15
6700,2025-05-02,P012,459,0,87,372,9
6701,2025-05-03,P012,372,0,97,275,0
6702,2025-05-04,P012,275,283,81,477,3
6703,2025-05-05,P012,477,0,71,406,10
6704,2025-05-06,P012,406,0,81,325,8
6705,2025-05-07,P012,325,0,92,233,0
6706,2025-05-08,P012,233,215,93,355,7
6707,2025-05-09,P012,355,0,91,264,10
6708,2025-05-10,P012,264,241,86,419,14
6709,2025-05-11,P012,419,0,100,319,0
6710,2025-05-12,P012,319,0,123,196,2
6711,2025-05-13,P012,196,292,109,379,1
6712,2025-05-14,P012,379,0,111,268,1
6713,2025-05-15,P012,268,0,115,153,3
6714,2025-05-16,P012,153,226,100,279,11
6715,2025-05-17,P012,279,0,63,216,7
6716,2025-05-18,P012,216,342,90,468,3
6717,2025-05-19,P012,468,0,109,359,14
6718,2025-05-20,P012,359,0,94,265,15
6719,2025-05-21,P012,265,0,115,150,8
6720,2025-05-22,P012,150,357,106,401,9
6721,2025-05-23,P012,401,0,103,298,15
6722,2025-05-24,P012,298,0,98,200,14
6723,2025-05-25,P012,200,254,88,366,2
6724,2025-05-26,P012,366,0,68,298,3
6725,2025-05-27,P012,298,0,88,210,11
6726,2025-05-28,P012,210,274,108,376,10
6727,2025-05-29,P012,376,0,84,292,2
6728,2025-05-30,P012,292,254,93,453,7
6729,2025-05-31,P012,453,0,75,378,4
6730,2025-06-01,P012,378,0,105,273,7
6731,2025-06-02,P012,273,318,115,476,0
6732,2025-06-03,P012,476,0,84,392,1
6733,2025-06-04,P012,392,0,95,297,14
6734,2025-06-05,P012,297,0,88,209,8
6735,2025-06-06,P012,209,0,100,109,13
6736,2025-06-07,P012,109,235,91,253,15
6737,2025-06-08,P012,253,325,90,488,3
6738,2025-06-09,P012,488,0,100,388,14
6739,2025-06-10,P012,388,0,131,257,5
6740,2025-06-11,P012,257,249,83,423,1
6741,2025-06-12,P012,423,0,75,348,14
6742,2025-06-13,P012,348,0,94,254,10
6743,2025-06-14,P012,254,288,68,474,15
6744,2025-06-15,P012,474,0,72,402,13
6745,2025-06-16,P012,402,0,84,318,3
6746,2025-06-17,P012,318,0,104,214,12
6747,2025-06-18,P012,214,341,88,467,8
6748,2025-06-19,P012,467,0,136,331,3
6749,2025-06-20,P012,331,0,91,240,6
6750,2025-06-21,P012,240,0,82,158,1
6751,2025-06-22,P012,158,358,95,421,6
6752,2025-06-23,P012,421,0,85,336,5
6753,2025-06-24,P012,336,0,93,243,5
6754,2025-06-25,P012,243,274,98,419,12
6755,2025-06-26,P012,419,0,73,346,5
6756,2025-06-27,P012,346,0,68,278,0
6757,2025-06-28,P012,278,309,118,469,15
6758,2025-06-29,P012,469,0,93,376,5
6759,2025-06-30,P012,376,0,122,254,7
6760,2025-07-01,P012,254,221,98,377,9
6761,2025-07-02,P012,377,0,120,257,2
6762,2025-07-03,P012,257,207,97,367,5
6763,2025-07-04,P012,367,0,102,265,5
6764,2025-07-05,P012,265,251,103,413,0
6765,2025-07-06,P012,413,0,63,350,5
6766,2025-07-07,P012,350,0,98,252,13
6767,2025-07-08,P012,252,352,123,481,4
6768,2025-07-09,P012,481,0,97,384,1
6769,2025-07-10,P012,384,0,117,267,7
6770,2025-07-11,P012,267,227,107,387,5
6771,2025-07-12,P012,387,0,85,302,5
6772,2025-07-13,P012,302,0,89,213,13
6773,2025-07-14,P012,213,334,74,473,2
6774,2025-07-15,P012,473,0,84,389,14
6775,2025-07-16,P012,389,0,81,308,14
6776,2025-07-17,P012,308,0,108,200,5
6777,2025-07-18,P012,200,247,109,338,11
6778,2025-07-19,P012,338,0,88,250,14
6779,2025-07-20,P012,250,308,94,464,7
6780,2025-07-21,P012,464,0,92,372,13
6781,2025-07-22,P012,372,0,111,261,3
6782,2025-07-23,P012,261,204,94,371,10
6783,2025-07-24,P012,371,0,102,269,7
6784,2025-07-25,P012,269,283,91,461,4
6785,2025-07-26,P012,461,0,96,365,13
6786,2025-07-27,P012,365,0,81,284,1
6787,2025-07-28,P012,284,222,147,359,3
6788,2025-07-29,P012,359,0,86,273,5
6789,2025-07-30,P012,273,0,87,186,7
6790,2025-07-31,P012,186,0,110,76,15
6791,2025-08-01,P012,76,334,116,334,1
6792,2025-08-02,P012,334,0,100,234,2
6793,2025-08-03,P012,234,242,112,364,2
6794,2025-08-04,P012,364,0,116,248,4
6795,2025-08-05,P012,248,250,147,351,13
6796,2025-08-06,P012,351,0,139,212,11
6797,2025-08-07,P012,212,0,144,68,3
6798,2025-08-08,P012,68,208,135,208,14
6799,2025-08-09,P012,208,269,98,379,10
6800,2025-08-10,P012,379,0,121,258,5
6801,2025-08-11,P012,258,0,108,150,1
6802,2025-08-12,P012,150,213,108,255,1
6803,2025-08-13,P012,255,347,87,515,2
6804,2025-08-14,P012,515,0,137,378,2
6805,2025-08-15,P012,378,0,106,272,14
6806,2025-08-16,P012,272,329,104,497,0
6807,2025-08-17,P012,497,0,94,403,11
6808,2025-08-18,P012,403,0,129,274,3
6809,2025-08-19,P012,274,216,114,376,10
6810,2025-08-20,P012,376,0,103,273,0
6811,2025-08-21,P012,273,277,123,427,3
6812,2025-08-22,P012,427,0,94,333,5
6813,2025-08-23,P012,333,0,91,242,5
6814,2025-08-24,P012,242,287,76,453,1
6815,2025-08-25,P012,453,0,93,360,2
6816,2025-08-26,P012,360,0,125,235,3
6817,2025-08-27,P012,235,0,94,141,14
6818,2025-08-28,P012,141,284,100,325,1
6819,2025-08-29,P012,325,0,119,206,5
6820,2025-08-30,P012,206,210,96,320,6
6821,2025-08-31,P012,320,350,168,502,15
6822,2025-09-01,P012,502,0,148,354,7
6823,2025-09-02,P012,354,0,106,248,0
6824,2025-09-03,P012,248,350,121,477,3
6825,2025-09-04,P012,477,0,125,352,9
6826,2025-09-05,P012,352,0,140,212,7
6827,2025-09-06,P012,212,227,88,351,2
6828,2025-09-07,P012,351,0,100,251,1
6829,2025-09-08,P012,251,228,120,359,9
6830,2025-09-09,P012,359,0,117,242,3
6831,2025-09-10,P012,242,337,126,453,3
6832,2025-09-11,P012,453,0,137,316,15
6833,2025-09-12,P012,316,0,102,214,10
6834,2025-09-13,P012,214,216,108,322,1
6835,2025-09-14,P012,322,0,104,218,11
6836,2025-09-15,P012,218,275,105,388,7
6837,2025-09-16,P012,388,0,132,256,10
6838,2025-09-17,P012,256,0,96,160,2
6839,2025-09-18,P012,160,319,110,369,10
6840,2025-09-19,P012,369,0,136,233,7
6841,2025-09-20,P012,233,0,97,136,5
6842,2025-09-21,P012,136,321,95,362,1
6843,2025-09-22,P012,362,0,145,217,11
6844,2025-09-23,P012,217,258,110,365,6
6845,2025-09-24,P012,365,0,148,217,9
6846,2025-09-25,P012,217,203,129,291,2
6847,2025-09-26,P012,291,0,125,166,6
6848,2025-09-27,P012,166,307,112,361,6
6849,2025-09-28,P012,361,0,143,218,12
6850,2025-09-29,P012,218,0,109,109,8
6851,2025-09-30,P012,109,0,97,12,10
6852,2025-10-01,P012,12,0,108,0,0
6853,2025-10-02,P012,0,284,147,284,2
6854,2025-10-03,P012,284,295,92,487,11
6855,2025-10-04,P012,487,0,101,386,14
6856,2025-10-05,P012,386,0,115,271,15
6857,2025-10-06,P012,271,205,113,363,14
6858,2025-10-07,P012,363,0,114,249,14
6859,2025-10-08,P012,249,309,111,447,13
6860,2025-10-09,P012,447,0,121,326,4
6861,2025-10-10,P012,326,0,108,218,14
6862,2025-10-11,P012,218,299,147,370,3
6863,2025-10-12,P012,370,0,117,253,1
6864,2025-10-13,P012,253,208,150,311,7
6865,2025-10-14,P012,311,252,119,444,11
6866,2025-10-15,P012,444,0,129,315,7
6867,2025-10-16,P012,315,335,135,515,4
6868,2025-10-17,P012,515,0,107,408,2
6869,2025-10-18,P012,408,0,89,319,10
6870,2025-10-19,P012,319,0,85,234,14
6871,2025-10-20,P012,234,202,118,318,14
6872,2025-10-21,P012,318,0,121,197,12
6873,2025-10-22,P012,197,0,98,99,13
6874,2025-10-23,P012,99,215,110,215,10
6875,2025-10-24,P012,215,319,91,443,10
6876,2025-10-25,P012,443,0,89,354,10
6877,2025-10-26,P012,354,0,113,241,1
6878,2025-10-27,P012,241,276,105,412,3
6879,2025-10-28,P012,412,0,117,295,8
6880,2025-10-29,P012,295,0,87,208,9
6881,2025-10-30,P012,208,0,122,86,7
6882,2025-10-31,P012,86,267,120,267,8
6883,2025-11-01,P012,267,354,120,501,5
6884,2025-11-02,P012,501,0,99,402,12
6885,2025-11-03,P012,402,0,122,280,12
6886,2025-11-04,P012,280,255,104,431,11
6887,2025-11-05,P012,431,0,95,336,3
6888,2025-11-06,P012,336,0,134,202,3
6889,2025-11-07,P012,202,258,103,357,7
6890,2025-11-08,P012,357,0,94,263,6
6891,2025-11-09,P012,263,357,110,510,9
6892,2025-11-10,P012,510,0,173,337,2
6893,2025-11-11,P012,337,0,102,235,10
6894,2025-11-12,P012,235,0,126,109,5
6895,2025-11-13,P012,109,358,99,368,5
6896,2025-11-14,P012,368,0,110,258,14
6897,2025-11-15,P012,258,316,92,482,2
6898,2025-11-16,P012,482,0,88,394,6
6899,2025-11-17,P012,394,0,108,286,11
6900,2025-11-18,P012,286,354,98,542,13
6901,2025-11-19,P012,542,0,127,415,3
6902,2025-11-20,P012,415,0,123,292,12
6903,2025-11-21,P012,292,220,123,389,6
6904,2025-11-22,P012,389,0,97,292,3
6905,2025-11-23,P012,292,360,96,556,15
6906,2025-11-24,P012,556,0,119,437,14
6907,2025-11-25,P012,437,0,97,340,2
6908,2025-11-26,P012,340,0,111,229,15
6909,2025-11-27,P012,229,318,104,443,5
6910,2025-11-28,P012,443,0,108,335,7
6911,2025-11-29,P012,335,0,74,261,1
6912,2025-11-30,P012,261,315,111,465,15
6913,2025-12-01,P012,465,0,108,357,4
6914,2025-12-02,P012,357,0,138,219,10
6915,2025-12-03,P012,219,212,129,302,1
6916,2025-12-04,P012,302,0,93,209,0
6917,2025-12-05,P012,209,0,97,112,5
6918,2025-12-06,P012,112,206,141,206,8
6919,2025-12-07,P012,206,298,124,380,12
6920,2025-12-08,P012,380,0,113,267,0
6921,2025-12-09,P012,267,200,129,338,13
6922,2025-12-10,P012,338,0,106,232,0
6923,2025-12-11,P012,232,0,114,118,5
6924,2025-12-12,P012,118,294,135,294,5
6925,2025-12-13,P012,294,0,76,218,14
6926,2025-12-14,P012,218,343,88,473,8
6927,2025-12-15,P012,473,0,114,359,0
6928,2025-12-16,P012,359,0,98,261,14
6929,2025-12-17,P012,261,267,109,419,3
6930,2025-12-18,P012,419,0,101,318,0
6931,2025-12-19,P012,318,0,99,219,5
6932,2025-12-20,P012,219,0,110,109,3
6933,2025-12-21,P012,109,226,144,226,15
6934,2025-12-22,P012,226,234,118,342,6
6935,2025-12-23,P012,342,0,131,211,15
6936,2025-12-24,P012,211,312,118,405,7
6937,2025-12-25,P012,405,0,140,265,1
6938,2025-12-26,P012,265,203,114,354,10
6939,2025-12-27,P012,354,0,99,255,7
6940,2025-12-28,P012,255,249,90,414,1
6941,2025-12-29,P012,414,0,114,300,3
6942,2025-12-30,P012,300,241,123,418,10
6943,2025-12-31,P012,418,0,131,287,3
6944,2026-01-01,P012,287,0,117,170,13
6945,2026-01-02,P012,170,205,74,301,8
6946,2026-01-03,P012,301,281,105,477,1
6947,2026-01-04,P012,477,0,66,411,5
6948,2026-01-05,P012,411,0,116,295,6
6949,2026-01-06,P012,295,0,94,201,2
6950,2026-01-07,P012,201,315,173,343,9
6951,2026-01-08,P012,343,0,80,263,8
6952,2026-01-09,P012,263,0,120,143,3
6953,2026-01-10,P012,143,0,76,67,12
6954,2026-01-11,P012,67,255,84,255,15
6955,2026-01-12,P012,255,207,118,344,0
6956,2026-01-13,P012,344,0,76,268,15
6957,2026-01-14,P012,268,331,97,502,7
6958,2026-01-15,P012,502,0,119,383,4
6959,2026-01-16,P012,383,0,125,258,13
6960,2026-01-17,P012,258,214,91,381,2
6961,2026-01-18,P012,381,0,100,281,4
6962,2026-01-19,P012,281,227,106,402,10
6963,2026-01-20,P012,402,0,102,300,4
6964,2026-01-21,P012,300,0,98,202,12
6965,2026-01-22,P012,202,0,99,103,5
6966,2026-01-23,P012,103,308,108,308,15
6967,2026-01-24,P012,308,326,112,522,10
6968,2026-01-25,P012,522,0,85,437,14
6969,2026-01-26,P012,437,0,107,330,3
6970,2026-01-27,P012,330,329,135,524,13
6971,2026-01-28,P012,524,0,83,441,14
6972,2026-01-29,P012,441,0,98,343,4
6973,2026-01-30,P012,343,0,121,222,11
6974,2026-01-31,P012,222,206,107,321,13
6975,2026-02-01,P012,321,0,102,219,14
6976,2026-02-02,P012,219,287,107,399,14
6977,2026-02-03,P012,399,0,111,288,8
6978,2026-02-04,P012,288,237,107,418,6
6979,2026-02-05,P012,418,0,126,292,3
6980,2026-02-06,P012,292,0,84,208,11
6981,2026-02-07,P012,208,202,77,333,2
6982,2026-02-08,P012,333,331,169,495,6
6983,2026-02-09,P012,495,0,97,398,2
6984,2026-02-10,P012,398,0,97,301,7
6985,2026-02-11,P012,301,0,83,218,10
6986,2026-02-12,P012,218,0,99,119,2
6987,2026-02-13,P012,119,0,86,33,1
6988,2026-02-14,P012,33,250,114,250,13
6989,2026-02-15,P012,250,228,95,383,15
6990,2026-02-16,P012,383,0,106,277,13
6991,2026-02-17,P012,277,329,110,496,2
6992,2026-02-18,P012,496,0,188,308,7
6993,2026-02-19,P012,308,0,108,200,14
6994,2026-02-20,P012,200,0,119,81,0
6995,2026-02-21,P012,81,315,80,316,2
6996,2026-02-22,P012,316,0,91,225,4
6997,2026-02-23,P012,225,0,120,105,10
6998,2026-02-24,P012,105,315,100,320,11
6999,2026-02-25,P012,320,0,103,217,8
7000,2026-02-26,P012,217,356,110,463,3
7001,2026-02-27,P012,463,0,108,355,15
7002,2026-02-28,P012,355,0,69,286,5
7003,2026-03-01,P012,286,0,107,179,13
7004,2026-03-02,P012,179,214,113,280,6
7005,2026-03-03,P012,280,269,114,435,9
7006,2026-03-04,P012,435,0,109,326,6
7007,2026-03-05,P012,326,0,120,206,8
7008,2026-03-06,P012,206,332,123,415,10
7009,2026-03-07,P012,415,0,105,310,10
7010,2026-03-08,P012,310,0,109,201,2
7011,2026-03-09,P012,201,316,106,411,14
7012,2026-03-10,P012,411,0,107,304,3
7013,2026-03-11,P012,304,311,123,492,12
7014,2026-03-12,P012,492,0,111,381,7
7015,2026-03-13,P012,381,0,108,273,10
7016,2026-03-14,P012,273,200,108,365,6
7017,2026-03-15,P012,365,0,87,278,2
7018,2026-03-16,P012,278,333,100,511,6
7019,2026-03-17,P012,511,0,129,382,5
7020,2026-03-18,P012,382,0,131,251,1
7021,2026-03-19,P012,251,252,135,368,12
7022,2026-03-20,P012,368,0,91,277,10
7023,2026-03-21,P012,277,0,83,194,7
7024,2026-03-22,P012,194,227,102,319,3
7025,2026-03-23,P012,319,300,120,499,5
7026,2026-03-24,P012,499,0,120,379,14
7027,2026-03-25,P012,379,0,115,264,4
7028,2026-03-26,P012,264,346,92,518,14
7029,2026-03-27,P012,518,0,96,422,13
7030,2026-03-28,P012,422,0,91,331,2
7031,2026-03-29,P012,331,0,77,254,7
7032,2026-03-30,P012,254,336,94,496,15
7033,2026-03-31,P012,496,0,116,380,15
7034,2026-04-01,P012,380,0,90,290,12
7035,2026-04-02,P012,290,256,125,421,3
7036,2026-04-03,P012,421,0,153,268,0
7037,2026-04-04,P012,268,336,76,528,13
7038,2026-04-05,P012,528,0,102,426,4
7039,2026-04-06,P012,426,0,86,340,8
7040,2026-04-07,P012,340,0,98,242,11
7041,2026-04-08,P012,242,231,114,359,10
7042,2026-04-09,P012,359,0,106,253,15
7043,2026-04-10,P012,253,235,121,367,12
7044,2026-04-11,P012,367,0,78,289,10
7045,2026-04-12,P012,289,316,97,508,3
7046,2026-04-13,P012,508,0,95,413,0
7047,2026-04-14,P012,413,0,106,307,12
7048,2026-04-15,P012,307,0,99,208,8
7049,2026-04-16,P012,208,311,93,426,11
7050,2026-04-17,P012,426,0,90,336,13
7051,2026-04-18,P012,336,0,113,223,11
7052,2026-04-19,P012,223,208,109,322,9
7053,2026-04-20,P012,322,0,122,200,5
7054,2026-04-21,P012,200,348,121,427,2
7055,2026-04-22,P012,427,0,132,295,1
7056,2026-04-23,P012,295,0,83,212,6
7057,2026-04-24,P012,212,0,98,114,8
7058,2026-04-25,P012,114,315,104,325,6
7059,2026-04-26,P012,325,292,128,489,13
7060,2026-04-27,P012,489,0,180,309,15
7061,2026-04-28,P012,309,0,141,168,5
7062,2026-04-29,P012,168,0,112,56,5
7063,2026-04-30,P012,56,341,101,341,14
7064,2026-05-01,P012,341,0,103,238,13
7065,2026-05-02,P012,238,277,101,414,2
7066,2026-05-03,P012,414,0,82,332,10
7067,2026-05-04,P012,332,0,103,229,11
7068,2026-05-05,P012,229,234,110,353,3
7069,2026-05-06,P012,353,0,133,220,7
7070,2026-05-07,P012,220,0,74,146,2
7071,2026-05-08,P012,146,359,124,381,2
7072,2026-05-09,P012,381,0,85,296,7
7073,2026-05-10,P012,296,0,78,218,12
7074,2026-05-11,P012,218,261,120,359,1
7075,2026-05-12,P012,359,0,124,235,5
7076,2026-05-13,P012,235,328,110,453,5
7077,2026-05-14,P012,453,0,107,346,14
7078,2026-05-15,P012,346,0,123,223,13
7079,2026-05-16,P012,223,245,103,365,5
7080,2026-05-17,P012,365,0,86,279,0
7081,2026-05-18,P012,279,221,114,386,2
7082,2026-05-19,P012,386,0,126,260,6
7083,2026-05-20,P012,260,0,100,160,0
7084,2026-05-21,P012,160,258,103,315,6
7085,2026-05-22,P012,315,0,94,221,13
7086,2026-05-23,P012,221,351,69,503,9
7087,2026-05-24,P012,503,0,121,382,9
7088,2026-05-25,P012,382,0,77,305,4
7089,2026-05-26,P012,305,0,105,200,15
7090,2026-05-27,P012,200,309,116,393,15
7091,2026-05-28,P012,393,0,99,294,15
7092,2026-05-29,P012,294,325,122,497,6
7093,2026-05-30,P012,497,0,83,414,5
7094,2026-05-31,P012,414,0,100,314,9
7095,2026-06-01,P012,314,0,108,206,10
7096,2026-06-02,P012,206,346,85,467,10
7097,2026-06-03,P012,467,0,146,321,11
7098,2026-06-04,P012,321,311,122,510,8
7099,2026-06-05,P012,510,0,93,417,15
7100,2026-06-06,P012,417,0,80,337,5
7101,2026-06-07,P012,337,0,121,216,14
7102,2026-06-08,P012,216,210,101,325,8
7103,2026-06-09,P012,325,0,100,225,2
7104,2026-06-10,P012,225,0,94,131,5
7105,2026-06-11,P012,131,0,119,12,1
7106,2026-06-12,P012,12,228,106,228,15
7107,2026-06-13,P012,228,349,67,510,9
7108,2026-06-14,P012,510,0,96,414,8
7109,2026-06-15,P012,414,0,97,317,9
7110,2026-06-16,P012,317,343,156,504,6
7111,2026-06-17,P012,504,0,100,404,12
7112,2026-06-18,P012,404,0,115,289,6
7113,2026-06-19,P012,289,0,125,164,5
7114,2026-06-20,P012,164,210,119,255,0
7115,2026-06-21,P012,255,349,96,508,11
7116,2026-06-22,P012,508,0,105,403,10
7117,2026-06-23,P012,403,0,175,228,8
7118,2026-06-24,P012,228,0,108,120,15
7119,2026-06-25,P012,120,0,88,32,5
7120,2026-06-26,P012,32,312,108,312,7
7121,2026-06-27,P012,312,0,85,227,2
7122,2026-06-28,P012,227,210,86,351,1
7123,2026-06-29,P012,351,0,97,254,12
7124,2026-06-30,P012,254,246,115,385,8
7125,2026-07-01,P012,385,0,125,260,4
7126,2026-07-02,P012,260,353,84,529,15
7127,2026-07-03,P012,529,0,127,402,14
7128,2026-07-04,P012,402,0,105,297,12
7129,2026-07-05,P012,297,281,100,478,6
7130,2026-07-06,P012,478,0,121,357,4
7131,2026-07-07,P012,357,0,108,249,7
7132,2026-07-08,P012,249,341,114,476,15
7133,2026-07-09,P012,476,0,121,355,10
7134,2026-07-10,P012,355,0,108,247,1
7135,2026-07-11,P012,247,335,80,502,9
7136,2026-07-12,P012,502,0,98,404,3
7137,2026-07-13,P012,404,0,103,301,9
7138,2026-07-14,P012,301,0,100,201,5
7139,2026-07-15,P012,201,275,102,374,3
7140,2026-07-16,P012,374,0,125,249,2
7141,2026-07-17,P012,249,0,64,185,0
7142,2026-07-18,P012,185,0,89,96,8
7143,2026-07-19,P012,96,211,116,211,0
7144,2026-07-20,P012,211,308,92,427,6
7145,2026-07-21,P012,427,0,121,306,8
7146,2026-07-22,P012,306,0,105,201,15
7147,2026-07-23,P012,201,218,107,312,0
7148,2026-07-24,P012,312,0,97,215,12
7149,2026-07-25,P012,215,201,129,287,14
7150,2026-07-26,P012,287,0,77,210,5
7151,2026-07-27,P012,210,295,113,392,1
7152,2026-07-28,P012,392,0,117,275,4
7153,2026-07-29,P012,275,216,95,396,12
7154,2026-07-30,P012,396,0,114,282,7
7155,2026-07-31,P012,282,287,105,464,9
7156,2026-08-01,P012,464,0,81,383,12
7157,2026-08-02,P012,383,0,132,251,9
7158,2026-08-03,P012,251,283,123,411,0
7159,2026-08-04,P012,411,0,123,288,3
7160,2026-08-05,P012,288,243,133,398,9
7161,2026-08-06,P012,398,0,120,278,1
7162,2026-08-07,P012,278,202,117,363,2
7163,2026-08-08,P012,363,0,118,245,14
7164,2026-08-09,P012,245,206,95,356,9
7165,2026-08-10,P012,356,0,119,237,7
7166,2026-08-11,P012,237,340,125,452,3
7167,2026-08-12,P012,452,0,168,284,9
7168,2026-08-13,P012,284,320,123,481,15
7169,2026-08-14,P012,481,0,145,336,0
7170,2026-08-15,P012,336,0,108,228,2
7171,2026-08-16,P012,228,0,116,112,11
7172,2026-08-17,P012,112,333,125,333,15
7173,2026-08-18,P012,333,234,134,433,7
7174,2026-08-19,P012,433,0,148,285,5
7175,2026-08-20,P012,285,239,147,377,7
7176,2026-08-21,P012,377,231,178,430,2
7177,2025-01-01,P013,267,0,26,241,15
7178,2025-01-02,P013,241,0,20,221,8
7179,2025-01-03,P013,221,0,22,199,1
7180,2025-01-04,P013,199,0,18,181,1
7181,2025-01-05,P013,181,0,21,160,15
7182,2025-01-06,P013,160,0,22,138,8
7183,2025-01-07,P013,138,0,25,113,7
7184,2025-01-08,P013,113,149,20,242,5
7185,2025-01-09,P013,242,0,23,219,8
7186,2025-01-10,P013,219,0,25,194,6
7187,2025-01-11,P013,194,0,15,179,5
7188,2025-01-12,P013,179,0,29,150,7
7189,2025-01-13,P013,150,0,22,128,15
7190,2025-01-14,P013,128,0,17,111,12
7191,2025-01-15,P013,111,180,23,268,6
7192,2025-01-16,P013,268,0,23,245,10
7193,2025-01-17,P013,245,0,23,222,12
7194,2025-01-18,P013,222,0,23,199,15
7195,2025-01-19,P013,199,0,22,177,4
7196,2025-01-20,P013,177,0,24,153,8
7197,2025-01-21,P013,153,0,24,129,8
7198,2025-01-22,P013,129,0,23,106,4
7199,2025-01-23,P013,106,161,28,239,5
7200,2025-01-24,P013,239,0,19,220,4
7201,2025-01-25,P013,220,0,20,200,5
7202,2025-01-26,P013,200,0,20,180,13
7203,2025-01-27,P013,180,0,25,155,9
7204,2025-01-28,P013,155,0,21,134,15
7205,2025-01-29,P013,134,0,18,116,4
7206,2025-01-30,P013,116,131,31,216,7
7207,2025-01-31,P013,216,0,24,192,7
7208,2025-02-01,P013,192,0,24,168,9
7209,2025-02-02,P013,168,0,17,151,7
7210,2025-02-03,P013,151,0,26,125,5
7211,2025-02-04,P013,125,105,32,198,6
7212,2025-02-05,P013,198,0,22,176,5
7213,2025-02-06,P013,176,0,19,157,4
7214,2025-02-07,P013,157,0,22,135,4
7215,2025-02-08,P013,135,0,20,115,14
7216,2025-02-09,P013,115,112,22,205,15
7217,2025-02-10,P013,205,0,21,184,11
7218,2025-02-11,P013,184,0,27,157,6
7219,2025-02-12,P013,157,0,20,137,9
7220,2025-02-13,P013,137,0,18,119,8
7221,2025-02-14,P013,119,109,30,198,14
7222,2025-02-15,P013,198,0,16,182,7
7223,2025-02-16,P013,182,0,20,162,0
7224,2025-02-17,P013,162,0,32,130,2
7225,2025-02-18,P013,130,0,30,100,2
7226,2025-02-19,P013,100,173,20,253,4
7227,2025-02-20,P013,253,0,23,230,9
7228,2025-02-21,P013,230,0,23,207,4
7229,2025-02-22,P013,207,0,21,186,8
7230,2025-02-23,P013,186,0,22,164,3
7231,2025-02-24,P013,164,0,20,144,5
7232,2025-02-25,P013,144,0,28,116,13
7233,2025-02-26,P013,116,0,28,88,11
7234,2025-02-27,P013,88,163,25,226,11
7235,2025-02-28,P013,226,0,21,205,5
7236,2025-03-01,P013,205,0,25,180,4
7237,2025-03-02,P013,180,0,21,159,7
7238,2025-03-03,P013,159,0,25,134,4
7239,2025-03-04,P013,134,0,22,112,0
7240,2025-03-05,P013,112,128,22,218,15
7241,2025-03-06,P013,218,0,26,192,8
7242,2025-03-07,P013,192,0,23,169,1
7243,2025-03-08,P013,169,0,19,150,0
7244,2025-03-09,P013,150,0,20,130,5
7245,2025-03-10,P013,130,0,27,103,7
7246,2025-03-11,P013,103,156,23,236,11
7247,2025-03-12,P013,236,0,24,212,2
7248,2025-03-13,P013,212,0,25,187,8
7249,2025-03-14,P013,187,0,19,168,11
7250,2025-03-15,P013,168,0,18,150,10
7251,2025-03-16,P013,150,0,22,128,8
7252,2025-03-17,P013,128,0,22,106,9
7253,2025-03-18,P013,106,139,27,218,4
7254,2025-03-19,P013,218,0,27,191,14
7255,2025-03-20,P013,191,0,27,164,7
7256,2025-03-21,P013,164,0,30,134,15
7257,2025-03-22,P013,134,0,25,109,4
7258,2025-03-23,P013,109,124,23,210,5
7259,2025-03-24,P013,210,0,22,188,7
7260,2025-03-25,P013,188,0,31,157,6
7261,2025-03-26,P013,157,0,30,127,8
7262,2025-03-27,P013,127,0,24,103,6
7263,2025-03-28,P013,103,145,25,223,11
7264,2025-03-29,P013,223,0,25,198,14
7265,2025-03-30,P013,198,0,21,177,7
7266,2025-03-31,P013,177,0,22,155,15
7267,2025-04-01,P013,155,0,27,128,10
7268,2025-04-02,P013,128,0,25,103,2
7269,2025-04-03,P013,103,176,25,254,6
7270,2025-04-04,P013,254,0,22,232,2
7271,2025-04-05,P013,232,0,17,215,3
7272,2025-04-06,P013,215,0,22,193,12
7273,2025-04-07,P013,193,0,28,165,10
7274,2025-04-08,P013,165,0,24,141,6
7275,2025-04-09,P013,141,0,29,112,3
7276,2025-04-10,P013,112,153,22,243,8
7277,2025-04-11,P013,243,0,28,215,11
7278,2025-04-12,P013,215,0,22,193,12
7279,2025-04-13,P013,193,0,21,172,12
7280,2025-04-14,P013,172,0,27,145,14
7281,2025-04-15,P013,145,0,22,123,11
7282,2025-04-16,P013,123,0,28,95,1
7283,2025-04-17,P013,95,113,31,177,15
7284,2025-04-18,P013,177,0,24,153,2
7285,2025-04-19,P013,153,0,25,128,11
7286,2025-04-20,P013,128,0,19,109,2
7287,2025-04-21,P013,109,128,27,210,7
7288,2025-04-22,P013,210,0,28,182,7
7289,2025-04-23,P013,182,0,27,155,7
7290,2025-04-24,P013,155,0,24,131,11
7291,2025-04-25,P013,131,0,16,115,12
7292,2025-04-26,P013,115,180,20,275,11
7293,2025-04-27,P013,275,0,20,255,10
7294,2025-04-28,P013,255,0,22,233,0
7295,2025-04-29,P013,233,0,25,208,3
7296,2025-04-30,P013,208,0,23,185,6
7297,2025-05-01,P013,185,0,21,164,10
7298,2025-05-02,P013,164,0,21,143,9
7299,2025-05-03,P013,143,0,19,124,3
7300,2025-05-04,P013,124,0,23,101,1
7301,2025-05-05,P013,101,131,22,210,8
7302,2025-05-06,P013,210,0,22,188,2
7303,2025-05-07,P013,188,0,22,166,2
7304,2025-05-08,P013,166,0,25,141,7
7305,2025-05-09,P013,141,0,24,117,14
7306,2025-05-10,P013,117,0,13,104,6
7307,2025-05-11,P013,104,0,23,81,4
7308,2025-05-12,P013,81,116,28,169,4
7309,2025-05-13,P013,169,0,20,149,1
7310,2025-05-14,P013,149,0,22,127,2
7311,2025-05-15,P013,127,0,23,104,14
7312,2025-05-16,P013,104,169,22,251,5
7313,2025-05-17,P013,251,0,22,229,4
7314,2025-05-18,P013,229,0,16,213,13
7315,2025-05-19,P013,213,0,21,192,1
7316,2025-05-20,P013,192,0,29,163,12
7317,2025-05-21,P013,163,0,21,142,12
7318,2025-05-22,P013,142,0,27,115,13
7319,2025-05-23,P013,115,100,24,191,15
7320,2025-05-24,P013,191,0,22,169,0
7321,2025-05-25,P013,169,0,22,147,13
7322,2025-05-26,P013,147,0,23,124,9
7323,2025-05-27,P013,124,0,22,102,13
7324,2025-05-28,P013,102,176,24,254,14
7325,2025-05-29,P013,254,0,26,228,10
7326,2025-05-30,P013,228,0,33,195,13
7327,2025-05-31,P013,195,0,24,171,3
7328,2025-06-01,P013,171,0,22,149,5
7329,2025-06-02,P013,149,0,20,129,10
7330,2025-06-03,P013,129,0,22,107,2
7331,2025-06-04,P013,107,102,33,176,4
7332,2025-06-05,P013,176,0,25,151,9
7333,2025-06-06,P013,151,0,30,121,6
7334,2025-06-07,P013,121,124,24,221,10
7335,2025-06-08,P013,221,0,21,200,0
7336,2025-06-09,P013,200,0,24,176,7
7337,2025-06-10,P013,176,0,23,153,4
7338,2025-06-11,P013,153,0,19,134,14
7339,2025-06-12,P013,134,0,24,110,11
7340,2025-06-13,P013,110,179,27,262,12
7341,2025-06-14,P013,262,0,20,242,9
7342,2025-06-15,P013,242,0,21,221,12
7343,2025-06-16,P013,221,0,26,195,6
7344,2025-06-17,P013,195,0,21,174,4
7345,2025-06-18,P013,174,0,22,152,1
7346,2025-06-19,P013,152,0,21,131,2
7347,2025-06-20,P013,131,0,21,110,7
7348,2025-06-21,P013,110,101,19,192,12
7349,2025-06-22,P013,192,0,18,174,10
7350,2025-06-23,P013,174,0,29,145,6
7351,2025-06-24,P013,145,0,27,118,6
7352,2025-06-25,P013,118,176,25,269,12
7353,2025-06-26,P013,269,0,22,247,2
7354,2025-06-27,P013,247,0,27,220,3
7355,2025-06-28,P013,220,0,25,195,12
7356,2025-06-29,P013,195,0,23,172,12
7357,2025-06-30,P013,172,0,25,147,9
7358,2025-07-01,P013,147,0,23,124,3
7359,2025-07-02,P013,124,0,20,104,2
7360,2025-07-03,P013,104,149,29,224,9
7361,2025-07-04,P013,224,0,22,202,8
7362,2025-07-05,P013,202,0,23,179,13
7363,2025-07-06,P013,179,0,23,156,10
7364,2025-07-07,P013,156,0,22,134,4
7365,2025-07-08,P013,134,0,28,106,6
7366,2025-07-09,P013,106,147,26,227,15
7367,2025-07-10,P013,227,0,28,199,4
7368,2025-07-11,P013,199,0,23,176,13
7369,2025-07-12,P013,176,0,18,158,0
7370,2025-07-13,P013,158,0,20,138,1
7371,2025-07-14,P013,138,0,25,113,0
7372,2025-07-15,P013,113,158,24,247,0
7373,2025-07-16,P013,247,0,23,224,6
7374,2025-07-17,P013,224,0,19,205,5
7375,2025-07-18,P013,205,0,25,180,5
7376,2025-07-19,P013,180,0,26,154,13
7377,2025-07-20,P013,154,0,23,131,1
7378,2025-07-21,P013,131,0,25,106,0
7379,2025-07-22,P013,106,0,27,79,9
7380,2025-07-23,P013,79,0,25,54,6
7381,2025-07-24,P013,54,0,26,28,2
7382,2025-07-25,P013,28,134,25,137,14
7383,2025-07-26,P013,137,0,21,116,7
7384,2025-07-27,P013,116,102,23,195,11
7385,2025-07-28,P013,195,0,24,171,6
7386,2025-07-29,P013,171,0,26,145,7
7387,2025-07-30,P013,145,0,22,123,3
7388,2025-07-31,P013,123,179,25,277,0
7389,2025-08-01,P013,277,0,30,247,9
7390,2025-08-02,P013,247,0,29,218,8
7391,2025-08-03,P013,218,0,28,190,5
7392,2025-08-04,P013,190,0,29,161,4
7393,2025-08-05,P013,161,0,24,137,7
7394,2025-08-06,P013,137,0,28,109,13
7395,2025-08-07,P013,109,104,28,185,2
7396,2025-08-08,P013,185,0,23,162,0
7397,2025-08-09,P013,162,0,29,133,15
7398,2025-08-10,P013,133,0,26,107,4
7399,2025-08-11,P013,107,171,30,248,6
7400,2025-08-12,P013,248,0,33,215,5
7401,2025-08-13,P013,215,0,27,188,2
7402,2025-08-14,P013,188,0,30,158,4
7403,2025-08-15,P013,158,0,29,129,3
7404,2025-08-16,P013,129,0,24,105,1
7405,2025-08-17,P013,105,146,26,225,3
7406,2025-08-18,P013,225,0,35,190,0
7407,2025-08-19,P013,190,0,27,163,13
7408,2025-08-20,P013,163,0,32,131,1
7409,2025-08-21,P013,131,0,23,108,15
7410,2025-08-22,P013,108,138,32,214,15
7411,2025-08-23,P013,214,0,29,185,0
7412,2025-08-24,P013,185,0,43,142,9
7413,2025-08-25,P013,142,0,27,115,4
7414,2025-08-26,P013,115,174,38,251,14
7415,2025-08-27,P013,251,0,39,212,14
7416,2025-08-28,P013,212,0,22,190,12
7417,2025-08-29,P013,190,0,33,157,13
7418,2025-08-30,P013,157,0,23,134,7
7419,2025-08-31,P013,134,0,32,102,3
7420,2025-09-01,P013,102,0,28,74,1
7421,2025-09-02,P013,74,139,29,184,10
7422,2025-09-03,P013,184,0,30,154,6
7423,2025-09-04,P013,154,0,26,128,2
7424,2025-09-05,P013,128,180,33,275,8
7425,2025-09-06,P013,275,0,21,254,4
7426,2025-09-07,P013,254,0,29,225,4
7427,2025-09-08,P013,225,0,36,189,6
7428,2025-09-09,P013,189,0,26,163,12
7429,2025-09-10,P013,163,0,29,134,10
7430,2025-09-11,P013,134,0,23,111,7
7431,2025-09-12,P013,111,110,29,192,8
7432,2025-09-13,P013,192,0,22,170,15
7433,2025-09-14,P013,170,0,27,143,5
7434,2025-09-15,P013,143,0,26,117,11
7435,2025-09-16,P013,117,148,33,232,4
7436,2025-09-17,P013,232,0,29,203,6
7437,2025-09-18,P013,203,0,26,177,7
7438,2025-09-19,P013,177,0,28,149,4
7439,2025-09-20,P013,149,0,27,122,14
7440,2025-09-21,P013,122,0,29,93,11
7441,2025-09-22,P013,93,134,34,193,9
7442,2025-09-23,P013,193,0,38,155,8
7443,2025-09-24,P013,155,0,30,125,7
7444,2025-09-25,P013,125,136,33,228,6
7445,2025-09-26,P013,228,0,22,206,13
7446,2025-09-27,P013,206,0,30,176,0
7447,2025-09-28,P013,176,0,28,148,2
7448,2025-09-29,P013,148,0,27,121,12
7449,2025-09-30,P013,121,165,35,251,15
7450,2025-10-01,P013,251,0,27,224,12
7451,2025-10-02,P013,224,0,27,197,7
7452,2025-10-03,P013,197,0,30,167,0
7453,2025-10-04,P013,167,0,22,145,15
7454,2025-10-05,P013,145,0,28,117,6
7455,2025-10-06,P013,117,119,25,211,10
7456,2025-10-07,P013,211,0,25,186,15
7457,2025-10-08,P013,186,0,25,161,11
7458,2025-10-09,P013,161,0,30,131,8
7459,2025-10-10,P013,131,0,27,104,7
7460,2025-10-11,P013,104,176,21,259,3
7461,2025-10-12,P013,259,0,23,236,14
7462,2025-10-13,P013,236,0,29,207,1
7463,2025-10-14,P013,207,0,24,183,3
7464,2025-10-15,P013,183,0,24,159,6
7465,2025-10-16,P013,159,0,37,122,3
7466,2025-10-17,P013,122,172,26,268,10
7467,2025-10-18,P013,268,0,24,244,14
7468,2025-10-19,P013,244,0,25,219,4
7469,2025-10-20,P013,219,0,28,191,5
7470,2025-10-21,P013,191,0,30,161,6
7471,2025-10-22,P013,161,0,30,131,7
7472,2025-10-23,P013,131,0,28,103,10
7473,2025-10-24,P013,103,117,27,193,6
7474,2025-10-25,P013,193,0,28,165,8
7475,2025-10-26,P013,165,0,25,140,4
7476,2025-10-27,P013,140,0,35,105,4
7477,2025-10-28,P013,105,137,20,222,4
7478,2025-10-29,P013,222,0,28,194,4
7479,2025-10-30,P013,194,0,33,161,13
7480,2025-10-31,P013,161,0,28,133,9
7481,2025-11-01,P013,133,0,25,108,2
7482,2025-11-02,P013,108,133,26,215,8
7483,2025-11-03,P013,215,0,26,189,4
7484,2025-11-04,P013,189,0,28,161,6
7485,2025-11-05,P013,161,0,46,115,0
7486,2025-11-06,P013,115,149,26,238,10
7487,2025-11-07,P013,238,0,32,206,14
7488,2025-11-08,P013,206,0,26,180,14
7489,2025-11-09,P013,180,0,26,154,13
7490,2025-11-10,P013,154,0,32,122,0
7491,2025-11-11,P013,122,151,28,245,3
7492,2025-11-12,P013,245,0,27,218,4
7493,2025-11-13,P013,218,0,31,187,11
7494,2025-11-14,P013,187,0,29,158,3
7495,2025-11-15,P013,158,0,21,137,15
7496,2025-11-16,P013,137,0,23,114,8
7497,2025-11-17,P013,114,122,27,209,3
7498,2025-11-18,P013,209,0,33,176,0
7499,2025-11-19,P013,176,0,19,157,9
7500,2025-11-20,P013,157,0,28,129,7
7501,2025-11-21,P013,129,0,36,93,6
7502,2025-11-22,P013,93,172,25,240,0
7503,2025-11-23,P013,240,0,28,212,7
7504,2025-11-24,P013,212,0,30,182,3
7505,2025-11-25,P013,182,0,26,156,13
7506,2025-11-26,P013,156,0,20,136,13
7507,2025-11-27,P013,136,0,28,108,8
7508,2025-11-28,P013,108,166,27,247,0
7509,2025-11-29,P013,247,0,22,225,4
7510,2025-11-30,P013,225,0,25,200,12
7511,2025-12-01,P013,200,0,34,166,15
7512,2025-12-02,P013,166,0,36,130,9
7513,2025-12-03,P013,130,0,30,100,11
7514,2025-12-04,P013,100,180,28,252,3
7515,2025-12-05,P013,252,0,24,228,14
7516,2025-12-06,P013,228,0,35,193,13
7517,2025-12-07,P013,193,0,30,163,13
7518,2025-12-08,P013,163,0,29,134,3
7519,2025-12-09,P013,134,0,19,115,4
7520,2025-12-10,P013,115,148,31,232,10
7521,2025-12-11,P013,232,0,32,200,14
7522,2025-12-12,P013,200,0,22,178,12
7523,2025-12-13,P013,178,0,27,151,13
7524,2025-12-14,P013,151,0,26,125,9
7525,2025-12-15,P013,125,172,28,269,5
7526,2025-12-16,P013,269,0,25,244,13
7527,2025-12-17,P013,244,0,31,213,11
7528,2025-12-18,P013,213,0,28,185,1
7529,2025-12-19,P013,185,0,24,161,5
7530,2025-12-20,P013,161,0,20,141,5
7531,2025-12-21,P013,141,0,30,111,15
7532,2025-12-22,P013,111,0,30,81,14
7533,2025-12-23,P013,81,152,28,205,8
7534,2025-12-24,P013,205,0,29,176,5
7535,2025-12-25,P013,176,0,26,150,10
7536,2025-12-26,P013,150,0,25,125,9
7537,2025-12-27,P013,125,0,23,102,10
7538,2025-12-28,P013,102,131,18,215,9
7539,2025-12-29,P013,215,0,26,189,9
7540,2025-12-30,P013,189,0,30,159,14
7541,2025-12-31,P013,159,0,33,126,5
7542,2026-01-01,P013,126,0,26,100,1
7543,2026-01-02,P013,100,124,26,198,15
7544,2026-01-03,P013,198,0,27,171,12
7545,2026-01-04,P013,171,0,24,147,7
7546,2026-01-05,P013,147,0,28,119,11
7547,2026-01-06,P013,119,0,24,95,5
7548,2026-01-07,P013,95,0,23,72,2
7549,2026-01-08,P013,72,116,28,160,8
7550,2026-01-09,P013,160,0,32,128,5
7551,2026-01-10,P013,128,0,23,105,1
7552,2026-01-11,P013,105,0,26,79,13
7553,2026-01-12,P013,79,129,28,180,10
7554,2026-01-13,P013,180,0,22,158,5
7555,2026-01-14,P013,158,0,28,130,2
7556,2026-01-15,P013,130,0,25,105,15
7557,2026-01-16,P013,105,143,28,220,15
7558,2026-01-17,P013,220,0,23,197,4
7559,2026-01-18,P013,197,0,19,178,12
7560,2026-01-19,P013,178,0,24,154,15
7561,2026-01-20,P013,154,0,26,128,14
7562,2026-01-21,P013,128,0,20,108,6
7563,2026-01-22,P013,108,0,27,81,1
7564,2026-01-23,P013,81,106,28,159,6
7565,2026-01-24,P013,159,0,22,137,1
7566,2026-01-25,P013,137,0,19,118,8
7567,2026-01-26,P013,118,106,26,198,15
7568,2026-01-27,P013,198,0,21,177,14
7569,2026-01-28,P013,177,0,27,150,0
7570,2026-01-29,P013,150,0,24,126,0
7571,2026-01-30,P013,126,0,23,103,2
7572,2026-01-31,P013,103,111,29,185,11
7573,2026-02-01,P013,185,0,21,164,6
7574,2026-02-02,P013,164,0,29,135,5
7575,2026-02-03,P013,135,0,22,113,7
7576,2026-02-04,P013,113,139,20,232,1
7577,2026-02-05,P013,232,0,19,213,10
7578,2026-02-06,P013,213,0,25,188,11
7579,2026-02-07,P013,188,0,26,162,10
7580,2026-02-08,P013,162,0,21,141,0
7581,2026-02-09,P013,141,0,28,113,13
7582,2026-02-10,P013,113,0,26,87,15
7583,2026-02-11,P013,87,115,24,178,1
7584,2026-02-12,P013,178,0,31,147,12
7585,2026-02-13,P013,147,0,26,121,6
7586,2026-02-14,P013,121,0,19,102,2
7587,2026-02-15,P013,102,146,18,230,9
7588,2026-02-16,P013,230,0,26,204,8
7589,2026-02-17,P013,204,0,25,179,1
7590,2026-02-18,P013,179,0,24,155,13
7591,2026-02-19,P013,155,0,23,132,12
7592,2026-02-20,P013,132,0,26,106,14
7593,2026-02-21,P013,106,0,21,85,12
7594,2026-02-22,P013,85,155,24,216,4
7595,2026-02-23,P013,216,0,30,186,1
7596,2026-02-24,P013,186,0,22,164,13
7597,2026-02-25,P013,164,0,22,142,10
7598,2026-02-26,P013,142,0,23,119,2
7599,2026-02-27,P013,119,110,29,200,4
7600,2026-02-28,P013,200,0,22,178,12
7601,2026-03-01,P013,178,0,25,153,10
7602,2026-03-02,P013,153,0,27,126,8
7603,2026-03-03,P013,126,0,28,98,6
7604,2026-03-04,P013,98,134,23,209,5
7605,2026-03-05,P013,209,0,26,183,2
7606,2026-03-06,P013,183,0,23,160,9
7607,2026-03-07,P013,160,0,22,138,3
7608,2026-03-08,P013,138,0,25,113,11
7609,2026-03-09,P013,113,171,27,257,14
7610,2026-03-10,P013,257,0,25,232,14
7611,2026-03-11,P013,232,0,25,207,15
7612,2026-03-12,P013,207,0,14,193,1
7613,2026-03-13,P013,193,0,23,170,0
7614,2026-03-14,P013,170,0,22,148,0
7615,2026-03-15,P013,148,0,26,122,10
7616,2026-03-16,P013,122,144,23,243,1
7617,2026-03-17,P013,243,0,27,216,13
7618,2026-03-18,P013,216,0,40,176,6
7619,2026-03-19,P013,176,0,24,152,10
7620,2026-03-20,P013,152,0,26,126,15
7621,2026-03-21,P013,126,0,23,103,12
7622,2026-03-22,P013,103,126,22,207,3
7623,2026-03-23,P013,207,0,25,182,5
7624,2026-03-24,P013,182,0,25,157,6
7625,2026-03-25,P013,157,0,33,124,10
7626,2026-03-26,P013,124,0,30,94,6
7627,2026-03-27,P013,94,0,31,63,6
7628,2026-03-28,P013,63,150,25,188,4
7629,2026-03-29,P013,188,0,18,170,0
7630,2026-03-30,P013,170,0,29,141,6
7631,2026-03-31,P013,141,0,29,112,15
7632,2026-04-01,P013,112,0,22,90,1
7633,2026-04-02,P013,90,104,40,154,15
7634,2026-04-03,P013,154,0,29,125,1
7635,2026-04-04,P013,125,160,27,258,7
7636,2026-04-05,P013,258,0,22,236,12
7637,2026-04-06,P013,236,0,24,212,13
7638,2026-04-07,P013,212,0,25,187,1
7639,2026-04-08,P013,187,0,31,156,7
7640,2026-04-09,P013,156,0,21,135,2
7641,2026-04-10,P013,135,0,21,114,13
7642,2026-04-11,P013,114,0,22,92,14
7643,2026-04-12,P013,92,157,23,226,0
7644,2026-04-13,P013,226,0,27,199,8
7645,2026-04-14,P013,199,0,28,171,12
7646,2026-04-15,P013,171,0,27,144,13
7647,2026-04-16,P013,144,0,22,122,0
7648,2026-04-17,P013,122,142,34,230,7
7649,2026-04-18,P013,230,0,21,209,2
7650,2026-04-19,P013,209,0,23,186,8
7651,2026-04-20,P013,186,0,31,155,6
7652,2026-04-21,P013,155,0,24,131,8
7653,2026-04-22,P013,131,0,27,104,8
7654,2026-04-23,P013,104,177,32,249,2
7655,2026-04-24,P013,249,0,30,219,12
7656,2026-04-25,P013,219,0,23,196,2
7657,2026-04-26,P013,196,0,27,169,11
7658,2026-04-27,P013,169,0,33,136,1
7659,2026-04-28,P013,136,0,28,108,5
7660,2026-04-29,P013,108,156,28,236,4
7661,2026-04-30,P013,236,0,33,203,13
7662,2026-05-01,P013,203,0,25,178,5
7663,2026-05-02,P013,178,0,19,159,4
7664,2026-05-03,P013,159,0,25,134,10
7665,2026-05-04,P013,134,0,26,108,10
7666,2026-05-05,P013,108,0,28,80,14
7667,2026-05-06,P013,80,0,23,57,3
7668,2026-05-07,P013,57,133,22,168,11
7669,2026-05-08,P013,168,0,25,143,1
7670,2026-05-09,P013,143,0,24,119,1
7671,2026-05-10,P013,119,103,24,198,7
7672,2026-05-11,P013,198,0,19,179,13
7673,2026-05-12,P013,179,0,28,151,7
7674,2026-05-13,P013,151,0,26,125,8
7675,2026-05-14,P013,125,0,21,104,0
7676,2026-05-15,P013,104,111,24,191,12
7677,2026-05-16,P013,191,0,24,167,2
7678,2026-05-17,P013,167,0,12,155,13
7679,2026-05-18,P013,155,0,22,133,6
7680,2026-05-19,P013,133,0,31,102,3
7681,2026-05-20,P013,102,125,26,201,7
7682,2026-05-21,P013,201,0,22,179,12
7683,2026-05-22,P013,179,0,25,154,6
7684,2026-05-23,P013,154,0,27,127,9
7685,2026-05-24,P013,127,0,27,100,10
7686,2026-05-25,P013,100,122,30,192,0
7687,2026-05-26,P013,192,0,23,169,8
7688,2026-05-27,P013,169,0,25,144,7
7689,2026-05-28,P013,144,0,25,119,6
7690,2026-05-29,P013,119,149,26,242,8
7691,2026-05-30,P013,242,0,22,220,8
7692,2026-05-31,P013,220,0,22,198,8
7693,2026-06-01,P013,198,0,29,169,11
7694,2026-06-02,P013,169,0,23,146,3
7695,2026-06-03,P013,146,0,28,118,12
7696,2026-06-04,P013,118,134,31,221,13
7697,2026-06-05,P013,221,0,30,191,3
7698,2026-06-06,P013,191,0,17,174,10
7699,2026-06-07,P013,174,0,25,149,5
7700,2026-06-08,P013,149,0,29,120,13
7701,2026-06-09,P013,120,141,28,233,3
7702,2026-06-10,P013,233,0,22,211,11
7703,2026-06-11,P013,211,0,23,188,13
7704,2026-06-12,P013,188,0,27,161,14
7705,2026-06-13,P013,161,0,21,140,9
7706,2026-06-14,P013,140,0,20,120,0
7707,2026-06-15,P013,120,175,35,260,8
7708,2026-06-16,P013,260,0,25,235,3
7709,2026-06-17,P013,235,0,26,209,14
7710,2026-06-18,P013,209,0,25,184,0
7711,2026-06-19,P013,184,0,28,156,13
7712,2026-06-20,P013,156,0,20,136,0
7713,2026-06-21,P013,136,0,24,112,3
7714,2026-06-22,P013,112,156,29,239,1
7715,2026-06-23,P013,239,0,27,212,12
7716,2026-06-24,P013,212,0,26,186,0
7717,2026-06-25,P013,186,0,26,160,4
7718,2026-06-26,P013,160,0,31,129,5
7719,2026-06-27,P013,129,0,21,108,4
7720,2026-06-28,P013,108,170,19,259,14
7721,2026-06-29,P013,259,0,25,234,2
7722,2026-06-30,P013,234,0,29,205,9
7723,2026-07-01,P013,205,0,37,168,15
7724,2026-07-02,P013,168,0,28,140,1
7725,2026-07-03,P013,140,0,31,109,13
7726,2026-07-04,P013,109,177,20,266,12
7727,2026-07-05,P013,266,0,19,247,10
7728,2026-07-06,P013,247,0,22,225,1
7729,2026-07-07,P013,225,0,26,199,0
7730,2026-07-08,P013,199,0,29,170,0
7731,2026-07-09,P013,170,0,34,136,5
7732,2026-07-10,P013,136,0,28,108,3
7733,2026-07-11,P013,108,157,24,241,14
7734,2026-07-12,P013,241,0,25,216,13
7735,2026-07-13,P013,216,0,27,189,9
7736,2026-07-14,P013,189,0,22,167,14
7737,2026-07-15,P013,167,0,36,131,0
7738,2026-07-16,P013,131,171,33,269,13
7739,2026-07-17,P013,269,0,40,229,0
7740,2026-07-18,P013,229,0,26,203,2
7741,2026-07-19,P013,203,0,26,177,12
7742,2026-07-20,P013,177,0,25,152,10
7743,2026-07-21,P013,152,0,22,130,12
7744,2026-07-22,P013,130,0,27,103,2
7745,2026-07-23,P013,103,155,29,229,13
7746,2026-07-24,P013,229,0,24,205,4
7747,2026-07-25,P013,205,0,31,174,10
7748,2026-07-26,P013,174,0,22,152,13
7749,2026-07-27,P013,152,0,31,121,11
7750,2026-07-28,P013,121,147,30,238,2
7751,2026-07-29,P013,238,0,28,210,13
7752,2026-07-30,P013,210,0,35,175,4
7753,2026-07-31,P013,175,0,29,146,0
7754,2026-08-01,P013,146,0,24,122,5
7755,2026-08-02,P013,122,113,28,207,8
7756,2026-08-03,P013,207,0,35,172,5
7757,2026-08-04,P013,172,0,26,146,4
7758,2026-08-05,P013,146,0,40,106,9
7759,2026-08-06,P013,106,149,27,228,15
7760,2026-08-07,P013,228,0,26,202,11
7761,2026-08-08,P013,202,0,35,167,3
7762,2026-08-09,P013,167,0,30,137,6
7763,2026-08-10,P013,137,0,30,107,13
7764,2026-08-11,P013,107,0,35,72,2
7765,2026-08-12,P013,72,169,40,201,0
7766,2026-08-13,P013,201,0,30,171,8
7767,2026-08-14,P013,171,0,46,125,8
7768,2026-08-15,P013,125,0,21,104,12
7769,2026-08-16,P013,104,143,28,219,1
7770,2026-08-17,P013,219,0,35,184,1
7771,2026-08-18,P013,184,0,33,151,4
7772,2026-08-19,P013,151,0,28,123,14
7773,2026-08-20,P013,123,0,31,92,4
7774,2026-08-21,P013,92,157,31,218,3
7775,2025-01-01,P014,198,0,68,130,3
7776,2025-01-02,P014,130,143,66,207,5
7777,2025-01-03,P014,207,0,70,137,1
7778,2025-01-04,P014,137,0,48,89,11
7779,2025-01-05,P014,89,223,65,247,9
7780,2025-01-06,P014,247,0,55,192,2
7781,2025-01-07,P014,192,0,59,133,6
7782,2025-01-08,P014,133,0,69,64,5
7783,2025-01-09,P014,64,228,63,229,6
7784,2025-01-10,P014,229,0,81,148,2
7785,2025-01-11,P014,148,218,56,310,9
7786,2025-01-12,P014,310,0,55,255,8
7787,2025-01-13,P014,255,0,63,192,13
7788,2025-01-14,P014,192,0,57,135,0
7789,2025-01-15,P014,135,138,62,211,5
7790,2025-01-16,P014,211,0,70,141,10
7791,2025-01-17,P014,141,0,63,78,4
7792,2025-01-18,P014,78,205,49,234,7
7793,2025-01-19,P014,234,0,49,185,10
7794,2025-01-20,P014,185,151,59,277,6
7795,2025-01-21,P014,277,0,63,214,3
7796,2025-01-22,P014,214,0,71,143,2
7797,2025-01-23,P014,143,153,52,244,7
7798,2025-01-24,P014,244,0,60,184,2
7799,2025-01-25,P014,184,169,56,297,15
7800,2025-01-26,P014,297,0,42,255,14
7801,2025-01-27,P014,255,0,56,199,0
7802,2025-01-28,P014,199,209,75,333,7
7803,2025-01-29,P014,333,0,56,277,2
7804,2025-01-30,P014,277,0,64,213,5
7805,2025-01-31,P014,213,0,61,152,0
7806,2025-02-01,P014,152,134,51,235,10
7807,2025-02-02,P014,235,0,58,177,7
7808,2025-02-03,P014,177,231,75,333,9
7809,2025-02-04,P014,333,0,74,259,7
7810,2025-02-05,P014,259,0,48,211,5
7811,2025-02-06,P014,211,0,67,144,8
7812,2025-02-07,P014,144,212,66,290,2
7813,2025-02-08,P014,290,0,56,234,4
7814,2025-02-09,P014,234,0,52,182,6
7815,2025-02-10,P014,182,219,63,338,8
7816,2025-02-11,P014,338,0,64,274,6
7817,2025-02-12,P014,274,0,72,202,2
7818,2025-02-13,P014,202,0,55,147,0
7819,2025-02-14,P014,147,203,59,291,2
7820,2025-02-15,P014,291,0,57,234,8
7821,2025-02-16,P014,234,0,58,176,14
7822,2025-02-17,P014,176,165,80,261,5
7823,2025-02-18,P014,261,0,58,203,14
7824,2025-02-19,P014,203,0,64,139,6
7825,2025-02-20,P014,139,130,70,199,5
7826,2025-02-21,P014,199,226,72,353,3
7827,2025-02-22,P014,353,0,55,298,15
7828,2025-02-23,P014,298,0,53,245,1
7829,2025-02-24,P014,245,0,64,181,13
7830,2025-02-25,P014,181,206,54,333,6
7831,2025-02-26,P014,333,0,61,272,4
7832,2025-02-27,P014,272,0,68,204,4
7833,2025-02-28,P014,204,0,67,137,8
7834,2025-03-01,P014,137,144,56,225,12
7835,2025-03-02,P014,225,0,59,166,5
7836,2025-03-03,P014,166,0,59,107,0
7837,2025-03-04,P014,107,183,71,219,1
7838,2025-03-05,P014,219,0,66,153,14
7839,2025-03-06,P014,153,151,65,239,3
7840,2025-03-07,P014,239,0,62,177,14
7841,2025-03-08,P014,177,0,58,119,1
7842,2025-03-09,P014,119,149,55,213,2
7843,2025-03-10,P014,213,0,70,143,0
7844,2025-03-11,P014,143,174,62,255,1
7845,2025-03-12,P014,255,0,78,177,10
7846,2025-03-13,P014,177,177,77,277,7
7847,2025-03-14,P014,277,0,59,218,8
7848,2025-03-15,P014,218,0,58,160,0
7849,2025-03-16,P014,160,149,53,256,13
7850,2025-03-17,P014,256,0,64,192,15
7851,2025-03-18,P014,192,138,83,247,14
7852,2025-03-19,P014,247,0,63,184,4
7853,2025-03-20,P014,184,186,70,300,10
7854,2025-03-21,P014,300,0,70,230,7
7855,2025-03-22,P014,230,0,52,178,10
7856,2025-03-23,P014,178,156,52,282,2
7857,2025-03-24,P014,282,0,57,225,13
7858,2025-03-25,P014,225,0,60,165,3
7859,2025-03-26,P014,165,0,44,121,13
7860,2025-03-27,P014,121,144,69,196,8
7861,2025-03-28,P014,196,152,83,265,3
7862,2025-03-29,P014,265,0,59,206,11
7863,2025-03-30,P014,206,0,48,158,5
7864,2025-03-31,P014,158,160,61,257,1
7865,2025-04-01,P014,257,0,62,195,0
7866,2025-04-02,P014,195,0,63,132,9
7867,2025-04-03,P014,132,165,73,224,4
7868,2025-04-04,P014,224,0,74,150,5
7869,2025-04-05,P014,150,0,50,100,8
7870,2025-04-06,P014,100,200,65,235,14
7871,2025-04-07,P014,235,0,86,149,12
7872,2025-04-08,P014,149,182,96,235,13
7873,2025-04-09,P014,235,0,91,144,3
7874,2025-04-10,P014,144,177,69,252,14
7875,2025-04-11,P014,252,0,102,150,1
7876,2025-04-12,P014,150,141,56,235,0
7877,2025-04-13,P014,235,0,54,181,5
7878,2025-04-14,P014,181,232,69,344,15
7879,2025-04-15,P014,344,0,62,282,7
7880,2025-04-16,P014,282,0,70,212,14
7881,2025-04-17,P014,212,0,56,156,13
7882,2025-04-18,P014,156,175,65,266,15
7883,2025-04-19,P014,266,0,68,198,3
7884,2025-04-20,P014,198,0,59,139,10
7885,2025-04-21,P014,139,0,69,70,10
7886,2025-04-22,P014,70,202,71,202,1
7887,2025-04-23,P014,202,138,77,263,7
7888,2025-04-24,P014,263,0,53,210,13
7889,2025-04-25,P014,210,139,82,267,14
7890,2025-04-26,P014,267,0,58,209,12
7891,2025-04-27,P014,209,0,60,149,15
7892,2025-04-28,P014,149,0,98,51,7
7893,2025-04-29,P014,51,149,56,149,15
7894,2025-04-30,P014,149,205,62,292,0
7895,2025-05-01,P014,292,0,50,242,12
7896,2025-05-02,P014,242,0,60,182,6
7897,2025-05-03,P014,182,218,64,336,7
7898,2025-05-04,P014,336,0,54,282,3
7899,2025-05-05,P014,282,0,54,228,5
7900,2025-05-06,P014,228,0,59,169,3
7901,2025-05-07,P014,169,139,53,255,1
7902,2025-05-08,P014,255,0,55,200,0
7903,2025-05-09,P014,200,0,66,134,3
7904,2025-05-10,P014,134,205,62,277,5
7905,2025-05-11,P014,277,0,63,214,8
7906,2025-05-12,P014,214,0,63,151,13
7907,2025-05-13,P014,151,217,66,302,2
7908,2025-05-14,P014,302,0,60,242,3
7909,2025-05-15,P014,242,0,68,174,0
7910,2025-05-16,P014,174,171,68,277,0
7911,2025-05-17,P014,277,0,69,208,14
7912,2025-05-18,P014,208,0,61,147,14
7913,2025-05-19,P014,147,0,62,85,2
7914,2025-05-20,P014,85,205,69,221,2
7915,2025-05-21,P014,221,0,60,161,5
7916,2025-05-22,P014,161,217,64,314,8
7917,2025-05-23,P014,314,0,62,252,10
7918,2025-05-24,P014,252,0,52,200,7
7919,2025-05-25,P014,200,0,51,149,15
7920,2025-05-26,P014,149,207,70,286,12
7921,2025-05-27,P014,286,0,75,211,7
7922,2025-05-28,P014,211,0,72,139,9
7923,2025-05-29,P014,139,171,56,254,8
7924,2025-05-30,P014,254,0,74,180,12
7925,2025-05-31,P014,180,144,53,271,13
7926,2025-06-01,P014,271,0,62,209,12
7927,2025-06-02,P014,209,0,56,153,5
7928,2025-06-03,P014,153,0,64,89,1
7929,2025-06-04,P014,89,186,67,208,7
7930,2025-06-05,P014,208,0,53,155,12
7931,2025-06-06,P014,155,229,87,297,11
7932,2025-06-07,P014,297,0,65,232,15
7933,2025-06-08,P014,232,0,57,175,1
7934,2025-06-09,P014,175,172,73,274,2
7935,2025-06-10,P014,274,0,63,211,0
7936,2025-06-11,P014,211,0,70,141,14
7937,2025-06-12,P014,141,199,48,292,7
7938,2025-06-13,P014,292,0,82,210,6
7939,2025-06-14,P014,210,0,66,144,13
7940,2025-06-15,P014,144,182,56,270,2
7941,2025-06-16,P014,270,0,51,219,9
7942,2025-06-17,P014,219,0,69,150,9
7943,2025-06-18,P014,150,229,55,324,11
7944,2025-06-19,P014,324,0,70,254,11
7945,2025-06-20,P014,254,0,67,187,14
7946,2025-06-21,P014,187,0,50,137,11
7947,2025-06-22,P014,137,0,67,70,2
7948,2025-06-23,P014,70,135,69,136,4
7949,2025-06-24,P014,136,0,71,65,13
7950,2025-06-25,P014,65,0,65,0,0
7951,2025-06-26,P014,0,153,53,153,15
7952,2025-06-27,P014,153,139,74,218,8
7953,2025-06-28,P014,218,0,53,165,2
7954,2025-06-29,P014,165,177,48,294,11
7955,2025-06-30,P014,294,0,75,219,4
7956,2025-07-01,P014,219,0,83,136,3
7957,2025-07-02,P014,136,174,67,243,6
7958,2025-07-03,P014,243,0,84,159,15
7959,2025-07-04,P014,159,165,67,257,14
7960,2025-07-05,P014,257,0,56,201,8
7961,2025-07-06,P014,201,0,51,150,0
7962,2025-07-07,P014,150,222,78,294,10
7963,2025-07-08,P014,294,0,60,234,13
7964,2025-07-09,P014,234,0,68,166,13
7965,2025-07-10,P014,166,166,62,270,5
7966,2025-07-11,P014,270,0,72,198,14
7967,2025-07-12,P014,198,0,63,135,5
7968,2025-07-13,P014,135,172,54,253,5
7969,2025-07-14,P014,253,0,61,192,6
7970,2025-07-15,P014,192,0,74,118,4
7971,2025-07-16,P014,118,234,104,248,4
7972,2025-07-17,P014,248,0,67,181,6
7973,2025-07-18,P014,181,196,61,316,2
7974,2025-07-19,P014,316,0,55,261,4
7975,2025-07-20,P014,261,0,58,203,5
7976,2025-07-21,P014,203,0,89,114,9
7977,2025-07-22,P014,114,186,57,243,3
7978,2025-07-23,P014,243,0,71,172,10
7979,2025-07-24,P014,172,0,65,107,3
7980,2025-07-25,P014,107,215,50,272,7
7981,2025-07-26,P014,272,0,50,222,9
7982,2025-07-27,P014,222,0,57,165,3
7983,2025-07-28,P014,165,146,65,246,1
7984,2025-07-29,P014,246,0,93,153,1
7985,2025-07-30,P014,153,0,67,86,9
7986,2025-07-31,P014,86,186,60,212,15
7987,2025-08-01,P014,212,0,77,135,8
7988,2025-08-02,P014,135,142,64,213,5
7989,2025-08-03,P014,213,0,72,141,6
7990,2025-08-04,P014,141,202,106,237,11
7991,2025-08-05,P014,237,0,91,146,3
7992,2025-08-06,P014,146,205,79,272,13
7993,2025-08-07,P014,272,0,95,177,14
7994,2025-08-08,P014,177,232,87,322,5
7995,2025-08-09,P014,322,0,65,257,9
7996,2025-08-10,P014,257,0,86,171,2
7997,2025-08-11,P014,171,183,82,272,7
7998,2025-08-12,P014,272,0,70,202,9
7999,2025-08-13,P014,202,212,97,317,14
8000,2025-08-14,P014,317,0,96,221,14
8001,2025-08-15,P014,221,0,79,142,13
8002,2025-08-16,P014,142,190,64,268,8
8003,2025-08-17,P014,268,0,69,199,12
8004,2025-08-18,P014,199,156,86,269,0
8005,2025-08-19,P014,269,0,88,181,14
8006,2025-08-20,P014,181,228,81,328,15
8007,2025-08-21,P014,328,0,83,245,5
8008,2025-08-22,P014,245,0,96,149,2
8009,2025-08-23,P014,149,219,68,300,4
8010,2025-08-24,P014,300,0,80,220,15
8011,2025-08-25,P014,220,0,79,141,0
8012,2025-08-26,P014,141,137,83,195,12
8013,2025-08-27,P014,195,213,75,333,8
8014,2025-08-28,P014,333,0,77,256,12
8015,2025-08-29,P014,256,0,73,183,9
8016,2025-08-30,P014,183,193,77,299,7
8017,2025-08-31,P014,299,0,64,235,9
8018,2025-09-01,P014,235,0,71,164,11
8019,2025-09-02,P014,164,179,98,245,6
8020,2025-09-03,P014,245,0,91,154,11
8021,2025-09-04,P014,154,223,58,319,14
8022,2025-09-05,P014,319,0,74,245,6
8023,2025-09-06,P014,245,0,52,193,3
8024,2025-09-07,P014,193,0,59,134,2
8025,2025-09-08,P014,134,157,51,240,11
8026,2025-09-09,P014,240,0,79,161,9
8027,2025-09-10,P014,161,153,69,245,10
8028,2025-09-11,P014,245,0,78,167,12
8029,2025-09-12,P014,167,170,63,274,13
8030,2025-09-13,P014,274,0,91,183,9
8031,2025-09-14,P014,183,158,82,259,3
8032,2025-09-15,P014,259,0,97,162,6
8033,2025-09-16,P014,162,198,92,268,3
8034,2025-09-17,P014,268,0,89,179,11
8035,2025-09-18,P014,179,0,79,100,2
8036,2025-09-19,P014,100,194,101,194,5
8037,2025-09-20,P014,194,0,54,140,7
8038,2025-09-21,P014,140,0,60,80,4
8039,2025-09-22,P014,80,134,79,135,9
8040,2025-09-23,P014,135,0,99,36,0
8041,2025-09-24,P014,36,0,75,0,0
8042,2025-09-25,P014,0,215,78,215,14
8043,2025-09-26,P014,215,0,84,131,9
8044,2025-09-27,P014,131,147,100,178,9
8045,2025-09-28,P014,178,197,80,295,1
8046,2025-09-29,P014,295,0,87,208,3
8047,2025-09-30,P014,208,0,74,134,15
8048,2025-10-01,P014,134,207,68,273,15
8049,2025-10-02,P014,273,0,61,212,3
8050,2025-10-03,P014,212,0,78,134,15
8051,2025-10-04,P014,134,0,60,74,0
8052,2025-10-05,P014,74,162,57,179,2
8053,2025-10-06,P014,179,219,69,329,5
8054,2025-10-07,P014,329,0,70,259,15
8055,2025-10-08,P014,259,0,69,190,14
8056,2025-10-09,P014,190,139,82,247,11
8057,2025-10-10,P014,247,0,80,167,5
8058,2025-10-11,P014,167,219,67,319,0
8059,2025-10-12,P014,319,0,66,253,14
8060,2025-10-13,P014,253,0,75,178,6
8061,2025-10-14,P014,178,0,78,100,13
8062,2025-10-15,P014,100,160,81,179,5
8063,2025-10-16,P014,179,137,65,251,12
8064,2025-10-17,P014,251,0,113,138,7
8065,2025-10-18,P014,138,151,57,232,6
8066,2025-10-19,P014,232,0,69,163,12
8067,2025-10-20,P014,163,194,91,266,3
8068,2025-10-21,P014,266,0,84,182,14
8069,2025-10-22,P014,182,140,80,242,3
8070,2025-10-23,P014,242,0,91,151,2
8071,2025-10-24,P014,151,190,83,258,7
8072,2025-10-25,P014,258,0,75,183,13
8073,2025-10-26,P014,183,232,63,352,12
8074,2025-10-27,P014,352,0,78,274,14
8075,2025-10-28,P014,274,0,60,214,3
8076,2025-10-29,P014,214,0,76,138,14
8077,2025-10-30,P014,138,185,79,244,14
8078,2025-10-31,P014,244,0,100,144,2
8079,2025-11-01,P014,144,181,73,252,12
8080,2025-11-02,P014,252,0,76,176,15
8081,2025-11-03,P014,176,164,70,270,2
8082,2025-11-04,P014,270,0,85,185,13
8083,2025-11-05,P014,185,152,72,265,13
8084,2025-11-06,P014,265,0,82,183,11
8085,2025-11-07,P014,183,135,65,253,1
8086,2025-11-08,P014,253,0,72,181,14
8087,2025-11-09,P014,181,150,66,265,3
8088,2025-11-10,P014,265,0,73,192,4
8089,2025-11-11,P014,192,215,106,301,4
8090,2025-11-12,P014,301,0,76,225,2
8091,2025-11-13,P014,225,0,70,155,11
8092,2025-11-14,P014,155,209,97,267,14
8093,2025-11-15,P014,267,0,65,202,0
8094,2025-11-16,P014,202,0,64,138,12
8095,2025-11-17,P014,138,188,74,252,7
8096,2025-11-18,P014,252,0,99,153,3
8097,2025-11-19,P014,153,190,90,253,6
8098,2025-11-20,P014,253,0,87,166,8
8099,2025-11-21,P014,166,0,104,62,4
8100,2025-11-22,P014,62,163,72,163,4
8101,2025-11-23,P014,163,196,45,314,13
8102,2025-11-24,P014,314,0,69,245,2
8103,2025-11-25,P014,245,0,74,171,14
8104,2025-11-26,P014,171,165,61,275,0
8105,2025-11-27,P014,275,0,88,187,10
8106,2025-11-28,P014,187,174,61,300,3
8107,2025-11-29,P014,300,0,68,232,4
8108,2025-11-30,P014,232,0,75,157,0
8109,2025-12-01,P014,157,146,93,210,12
8110,2025-12-02,P014,210,190,86,314,7
8111,2025-12-03,P014,314,0,112,202,15
8112,2025-12-04,P014,202,0,57,145,0
8113,2025-12-05,P014,145,164,60,249,14
8114,2025-12-06,P014,249,0,55,194,15
8115,2025-12-07,P014,194,0,63,131,3
8116,2025-12-08,P014,131,0,73,58,11
8117,2025-12-09,P014,58,207,71,207,4
8118,2025-12-10,P014,207,193,84,316,3
8119,2025-12-11,P014,316,0,77,239,4
8120,2025-12-12,P014,239,0,77,162,11
8121,2025-12-13,P014,162,159,79,242,6
8122,2025-12-14,P014,242,0,55,187,2
8123,2025-12-15,P014,187,222,84,325,6
8124,2025-12-16,P014,325,0,81,244,13
8125,2025-12-17,P014,244,0,77,167,13
8126,2025-12-18,P014,167,0,91,76,8
8127,2025-12-19,P014,76,170,87,170,2
8128,2025-12-20,P014,170,223,62,331,4
8129,2025-12-21,P014,331,0,65,266,12
8130,2025-12-22,P014,266,0,98,168,2
8131,2025-12-23,P014,168,0,80,88,2
8132,2025-12-24,P014,88,197,84,201,4
8133,2025-12-25,P014,201,170,77,294,12
8134,2025-12-26,P014,294,0,97,197,11
8135,2025-12-27,P014,197,0,57,140,6
8136,2025-12-28,P014,140,232,70,302,6
8137,2025-12-29,P014,302,0,96,206,15
8138,2025-12-30,P014,206,210,94,322,14
8139,2025-12-31,P014,322,0,69,253,7
8140,2026-01-01,P014,253,0,72,181,5
8141,2026-01-02,P014,181,234,58,357,9
8142,2026-01-03,P014,357,0,52,305,5
8143,2026-01-04,P014,305,0,47,258,13
8144,2026-01-05,P014,258,0,60,198,13
8145,2026-01-06,P014,198,186,76,308,6
8146,2026-01-07,P014,308,0,75,233,0
8147,2026-01-08,P014,233,0,74,159,2
8148,2026-01-09,P014,159,147,86,220,6
8149,2026-01-10,P014,220,0,59,161,10
8150,2026-01-11,P014,161,192,60,293,8
8151,2026-01-12,P014,293,0,68,225,7
8152,2026-01-13,P014,225,0,62,163,9
8153,2026-01-14,P014,163,188,60,291,2
8154,2026-01-15,P014,291,0,55,236,12
8155,2026-01-16,P014,236,0,84,152,4
8156,2026-01-17,P014,152,192,57,287,12
8157,2026-01-18,P014,287,0,59,228,13
8158,2026-01-19,P014,228,0,57,171,8
8159,2026-01-20,P014,171,221,70,322,9
8160,2026-01-21,P014,322,0,63,259,13
8161,2026-01-22,P014,259,0,65,194,0
8162,2026-01-23,P014,194,179,89,284,8
8163,2026-01-24,P014,284,0,65,219,3
8164,2026-01-25,P014,219,0,64,155,7
8165,2026-01-26,P014,155,132,55,232,12
8166,2026-01-27,P014,232,0,93,139,12
8167,2026-01-28,P014,139,229,86,282,1
8168,2026-01-29,P014,282,0,75,207,4
8169,2026-01-30,P014,207,0,61,146,15
8170,2026-01-31,P014,146,168,62,252,10
8171,2026-02-01,P014,252,0,53,199,3
8172,2026-02-02,P014,199,223,86,336,11
8173,2026-02-03,P014,336,0,71,265,13
8174,2026-02-04,P014,265,0,57,208,0
8175,2026-02-05,P014,208,0,64,144,1
8176,2026-02-06,P014,144,163,77,230,0
8177,2026-02-07,P014,230,0,71,159,12
8178,2026-02-08,P014,159,137,73,223,13
8179,2026-02-09,P014,223,0,76,147,10
8180,2026-02-10,P014,147,0,87,60,11
8181,2026-02-11,P014,60,156,41,175,12
8182,2026-02-12,P014,175,0,75,100,4
8183,2026-02-13,P014,100,159,72,187,15
8184,2026-02-14,P014,187,0,57,130,10
8185,2026-02-15,P014,130,224,56,298,9
8186,2026-02-16,P014,298,0,54,244,6
8187,2026-02-17,P014,244,0,71,173,4
8188,2026-02-18,P014,173,0,75,98,13
8189,2026-02-19,P014,98,150,74,174,15
8190,2026-02-20,P014,174,179,74,279,5
8191,2026-02-21,P014,279,0,65,214,9
8192,2026-02-22,P014,214,0,54,160,1
8193,2026-02-23,P014,160,218,67,311,6
8194,2026-02-24,P014,311,0,80,231,14
8195,2026-02-25,P014,231,0,70,161,10
8196,2026-02-26,P014,161,163,81,243,11
8197,2026-02-27,P014,243,0,77,166,15
8198,2026-02-28,P014,166,0,76,90,1
8199,2026-03-01,P014,90,157,74,173,0
8200,2026-03-02,P014,173,231,72,332,2
8201,2026-03-03,P014,332,0,42,290,1
8202,2026-03-04,P014,290,0,78,212,10
8203,2026-03-05,P014,212,0,65,147,12
8204,2026-03-06,P014,147,224,61,310,0
8205,2026-03-07,P014,310,0,64,246,13
8206,2026-03-08,P014,246,0,58,188,14
8207,2026-03-09,P014,188,0,80,108,3
8208,2026-03-10,P014,108,179,60,227,15
8209,2026-03-11,P014,227,0,61,166,10
8210,2026-03-12,P014,166,166,78,254,0
8211,2026-03-13,P014,254,0,79,175,15
8212,2026-03-14,P014,175,142,72,245,10
8213,2026-03-15,P014,245,0,55,190,11
8214,2026-03-16,P014,190,0,62,128,0
8215,2026-03-17,P014,128,192,70,250,13
8216,2026-03-18,P014,250,0,76,174,8
8217,2026-03-19,P014,174,178,82,270,7
8218,2026-03-20,P014,270,0,58,212,5
8219,2026-03-21,P014,212,0,57,155,3
8220,2026-03-22,P014,155,232,56,331,3
8221,2026-03-23,P014,331,0,57,274,12
8222,2026-03-24,P014,274,0,79,195,9
8223,2026-03-25,P014,195,165,81,279,1
8224,2026-03-26,P014,279,0,72,207,9
8225,2026-03-27,P014,207,181,79,309,11
8226,2026-03-28,P014,309,0,65,244,9
8227,2026-03-29,P014,244,0,56,188,10
8228,2026-03-30,P014,188,139,88,239,13
8229,2026-03-31,P014,239,0,66,173,1
8230,2026-04-01,P014,173,152,76,249,4
8231,2026-04-02,P014,249,0,73,176,4
8232,2026-04-03,P014,176,172,53,295,13
8233,2026-04-04,P014,295,0,49,246,15
8234,2026-04-05,P014,246,0,60,186,5
8235,2026-04-06,P014,186,147,81,252,9
8236,2026-04-07,P014,252,0,81,171,7
8237,2026-04-08,P014,171,0,85,86,3
8238,2026-04-09,P014,86,0,62,24,2
8239,2026-04-10,P014,24,0,80,0,0
8240,2026-04-11,P014,0,220,57,220,12
8241,2026-04-12,P014,220,0,71,149,11
8242,2026-04-13,P014,149,0,76,73,12
8243,2026-04-14,P014,73,182,67,188,4
8244,2026-04-15,P014,188,144,88,244,2
8245,2026-04-16,P014,244,0,72,172,7
8246,2026-04-17,P014,172,178,62,288,14
8247,2026-04-18,P014,288,0,63,225,11
8248,2026-04-19,P014,225,0,60,165,15
8249,2026-04-20,P014,165,141,101,205,5
8250,2026-04-21,P014,205,0,83,122,15
8251,2026-04-22,P014,122,131,75,178,8
8252,2026-04-23,P014,178,190,59,309,2
8253,2026-04-24,P014,309,0,52,257,12
8254,2026-04-25,P014,257,0,59,198,9
8255,2026-04-26,P014,198,159,81,276,1
8256,2026-04-27,P014,276,0,87,189,8
8257,2026-04-28,P014,189,136,90,235,13
8258,2026-04-29,P014,235,0,76,159,4
8259,2026-04-30,P014,159,196,71,284,7
8260,2026-05-01,P014,284,0,70,214,10
8261,2026-05-02,P014,214,0,62,152,10
8262,2026-05-03,P014,152,142,73,221,9
8263,2026-05-04,P014,221,0,85,136,5
8264,2026-05-05,P014,136,205,66,275,6
8265,2026-05-06,P014,275,0,56,219,2
8266,2026-05-07,P014,219,0,72,147,2
8267,2026-05-08,P014,147,220,76,291,2
8268,2026-05-09,P014,291,0,57,234,4
8269,2026-05-10,P014,234,0,52,182,10
8270,2026-05-11,P014,182,204,77,309,10
8271,2026-05-12,P014,309,0,61,248,7
8272,2026-05-13,P014,248,0,82,166,10
8273,2026-05-14,P014,166,147,63,250,9
8274,2026-05-15,P014,250,0,64,186,3
8275,2026-05-16,P014,186,0,52,134,5
8276,2026-05-17,P014,134,0,65,69,13
8277,2026-05-18,P014,69,152,162,152,1
8278,2026-05-19,P014,152,171,74,249,12
8279,2026-05-20,P014,249,0,67,182,13
8280,2026-05-21,P014,182,227,73,336,1
8281,2026-05-22,P014,336,0,63,273,0
8282,2026-05-23,P014,273,0,72,201,4
8283,2026-05-24,P014,201,172,84,289,9
8284,2026-05-25,P014,289,0,43,246,2
8285,2026-05-26,P014,246,0,59,187,2
8286,2026-05-27,P014,187,0,84,103,3
8287,2026-05-28,P014,103,133,70,166,2
8288,2026-05-29,P014,166,149,61,254,12
8289,2026-05-30,P014,254,0,60,194,2
8290,2026-05-31,P014,194,0,51,143,10
8291,2026-06-01,P014,143,231,72,302,8
8292,2026-06-02,P014,302,0,124,178,4
8293,2026-06-03,P014,178,218,82,314,14
8294,2026-06-04,P014,314,0,83,231,2
8295,2026-06-05,P014,231,0,76,155,8
8296,2026-06-06,P014,155,136,69,222,9
8297,2026-06-07,P014,222,0,78,144,11
8298,2026-06-08,P014,144,196,77,263,15
8299,2026-06-09,P014,263,0,63,200,13
8300,2026-06-10,P014,200,185,73,312,0
8301,2026-06-11,P014,312,0,78,234,0
8302,2026-06-12,P014,234,0,62,172,8
8303,2026-06-13,P014,172,0,54,118,10
8304,2026-06-14,P014,118,133,58,193,10
8305,2026-06-15,P014,193,143,77,259,11
8306,2026-06-16,P014,259,0,73,186,9
8307,2026-06-17,P014,186,179,59,306,8
8308,2026-06-18,P014,306,0,84,222,3
8309,2026-06-19,P014,222,0,67,155,6
8310,2026-06-20,P014,155,234,70,319,3
8311,2026-06-21,P014,319,0,50,269,3
8312,2026-06-22,P014,269,0,119,150,4
8313,2026-06-23,P014,150,139,75,214,9
8314,2026-06-24,P014,214,198,95,317,12
8315,2026-06-25,P014,317,0,71,246,7
8316,2026-06-26,P014,246,0,72,174,13
8317,2026-06-27,P014,174,134,60,248,5
8318,2026-06-28,P014,248,0,74,174,10
8319,2026-06-29,P014,174,199,61,312,10
8320,2026-06-30,P014,312,0,64,248,14
8321,2026-07-01,P014,248,0,58,190,10
8322,2026-07-02,P014,190,0,56,134,5
8323,2026-07-03,P014,134,0,93,41,11
8324,2026-07-04,P014,41,0,72,0,0
8325,2026-07-05,P014,0,137,66,137,11
8326,2026-07-06,P014,137,197,91,243,9
8327,2026-07-07,P014,243,0,67,176,9
8328,2026-07-08,P014,176,0,81,95,6
8329,2026-07-09,P014,95,0,75,20,4
8330,2026-07-10,P014,20,134,64,134,2
8331,2026-07-11,P014,134,184,58,260,1
8332,2026-07-12,P014,260,0,77,183,13
8333,2026-07-13,P014,183,217,68,332,7
8334,2026-07-14,P014,332,0,83,249,10
8335,2026-07-15,P014,249,0,100,149,13
8336,2026-07-16,P014,149,178,72,255,2
8337,2026-07-17,P014,255,0,66,189,10
8338,2026-07-18,P014,189,0,55,134,3
8339,2026-07-19,P014,134,228,64,298,0
8340,2026-07-20,P014,298,0,72,226,6
8341,2026-07-21,P014,226,0,76,150,15
8342,2026-07-22,P014,150,211,68,293,4
8343,2026-07-23,P014,293,0,89,204,3
8344,2026-07-24,P014,204,0,66,138,4
8345,2026-07-25,P014,138,0,62,76,13
8346,2026-07-26,P014,76,0,62,14,14
8347,2026-07-27,P014,14,179,68,179,1
8348,2026-07-28,P014,179,221,80,320,15
8349,2026-07-29,P014,320,0,76,244,14
8350,2026-07-30,P014,244,0,85,159,10
8351,2026-07-31,P014,159,141,60,240,11
8352,2026-08-01,P014,240,0,72,168,11
8353,2026-08-02,P014,168,172,97,243,12
8354,2026-08-03,P014,243,218,132,329,6
8355,2026-08-04,P014,329,0,106,223,9
8356,2026-08-05,P014,223,169,129,263,13
8357,2026-08-06,P014,263,0,108,155,2
8358,2026-08-07,P014,155,173,71,257,14
8359,2026-08-08,P014,257,0,73,184,11
8360,2026-08-09,P014,184,219,71,332,0
8361,2026-08-10,P014,332,0,100,232,10
8362,2026-08-11,P014,232,0,95,137,3
8363,2026-08-12,P014,137,200,76,261,0
8364,2026-08-13,P014,261,0,110,151,10
8365,2026-08-14,P014,151,228,102,277,1
8366,2026-08-15,P014,277,0,83,194,11
8367,2026-08-16,P014,194,157,82,269,4
8368,2026-08-17,P014,269,0,111,158,12
8369,2026-08-18,P014,158,0,95,63,12
8370,2026-08-19,P014,63,147,88,147,10
8371,2026-08-20,P014,147,137,75,209,7
8372,2026-08-21,P014,209,0,77,132,3
8373,2025-01-01,P015,203,0,46,157,7
8374,2025-01-02,P015,157,0,32,125,0
8375,2025-01-03,P015,125,114,44,195,7
8376,2025-01-04,P015,195,0,39,156,7
8377,2025-01-05,P015,156,0,33,123,0
8378,2025-01-06,P015,123,0,40,83,5
8379,2025-01-07,P015,83,171,49,205,15
8380,2025-01-08,P015,205,0,46,159,13
8381,2025-01-09,P015,159,0,46,113,13
8382,2025-01-10,P015,113,181,47,247,14
8383,2025-01-11,P015,247,0,50,197,0
8384,2025-01-12,P015,197,0,46,151,13
8385,2025-01-13,P015,151,0,46,105,2
8386,2025-01-14,P015,105,116,37,184,2
8387,2025-01-15,P015,184,0,54,130,0
8388,2025-01-16,P015,130,129,47,212,13
8389,2025-01-17,P015,212,0,42,170,15
8390,2025-01-18,P015,170,0,34,136,5
8391,2025-01-19,P015,136,177,42,271,10
8392,2025-01-20,P015,271,0,45,226,11
8393,2025-01-21,P015,226,0,54,172,3
8394,2025-01-22,P015,172,0,43,129,10
8395,2025-01-23,P015,129,0,41,88,14
8396,2025-01-24,P015,88,135,50,173,8
8397,2025-01-25,P015,173,0,44,129,6
8398,2025-01-26,P015,129,0,41,88,2
8399,2025-01-27,P015,88,119,64,143,1
8400,2025-01-28,P015,143,193,45,291,10
8401,2025-01-29,P015,291,0,47,244,15
8402,2025-01-30,P015,244,0,52,192,1
8403,2025-01-31,P015,192,0,49,143,10
8404,2025-02-01,P015,143,0,39,104,7
8405,2025-02-02,P015,104,192,47,249,9
8406,2025-02-03,P015,249,0,33,216,8
8407,2025-02-04,P015,216,0,57,159,7
8408,2025-02-05,P015,159,0,36,123,15
8409,2025-02-06,P015,123,157,42,238,1
8410,2025-02-07,P015,238,0,45,193,13
8411,2025-02-08,P015,193,0,39,154,6
8412,2025-02-09,P015,154,181,45,290,10
8413,2025-02-10,P015,290,0,40,250,6
8414,2025-02-11,P015,250,0,47,203,5
8415,2025-02-12,P015,203,0,42,161,12
8416,2025-02-13,P015,161,0,47,114,6
8417,2025-02-14,P015,114,184,45,253,7
8418,2025-02-15,P015,253,0,40,213,8
8419,2025-02-16,P015,213,0,37,176,2
8420,2025-02-17,P015,176,0,43,133,2
8421,2025-02-18,P015,133,127,47,213,11
8422,2025-02-19,P015,213,0,50,163,13
8423,2025-02-20,P015,163,0,43,120,8
8424,2025-02-21,P015,120,193,41,272,12
8425,2025-02-22,P015,272,0,43,229,11
8426,2025-02-23,P015,229,0,40,189,1
8427,2025-02-24,P015,189,0,54,135,13
8428,2025-02-25,P015,135,0,40,95,9
8429,2025-02-26,P015,95,139,36,198,0
8430,2025-02-27,P015,198,0,43,155,11
8431,2025-02-28,P015,155,0,42,113,9
8432,2025-03-01,P015,113,161,41,233,13
8433,2025-03-02,P015,233,0,39,194,11
8434,2025-03-03,P015,194,0,68,126,3
8435,2025-03-04,P015,126,128,54,200,12
8436,2025-03-05,P015,200,0,49,151,5
8437,2025-03-06,P015,151,153,52,252,13
8438,2025-03-07,P015,252,0,49,203,7
8439,2025-03-08,P015,203,0,55,148,7
8440,2025-03-09,P015,148,184,45,287,4
8441,2025-03-10,P015,287,0,43,244,4
8442,2025-03-11,P015,244,0,56,188,8
8443,2025-03-12,P015,188,0,47,141,2
8444,2025-03-13,P015,141,170,40,271,3
8445,2025-03-14,P015,271,0,49,222,11
8446,2025-03-15,P015,222,0,39,183,11
8447,2025-03-16,P015,183,0,46,137,6
8448,2025-03-17,P015,137,172,61,248,7
8449,2025-03-18,P015,248,0,51,197,3
8450,2025-03-19,P015,197,0,50,147,15
8451,2025-03-20,P015,147,130,38,239,2
8452,2025-03-21,P015,239,0,52,187,3
8453,2025-03-22,P015,187,0,38,149,10
8454,2025-03-23,P015,149,198,40,307,5
8455,2025-03-24,P015,307,0,44,263,13
8456,2025-03-25,P015,263,0,52,211,7
8457,2025-03-26,P015,211,0,54,157,13
8458,2025-03-27,P015,157,185,48,294,15
8459,2025-03-28,P015,294,0,44,250,1
8460,2025-03-29,P015,250,0,50,200,15
8461,2025-03-30,P015,200,0,45,155,6
8462,2025-03-31,P015,155,0,35,120,11
8463,2025-04-01,P015,120,139,51,208,2
8464,2025-04-02,P015,208,0,41,167,0
8465,2025-04-03,P015,167,0,55,112,7
8466,2025-04-04,P015,112,182,46,248,13
8467,2025-04-05,P015,248,0,45,203,13
8468,2025-04-06,P015,203,0,49,154,6
8469,2025-04-07,P015,154,0,42,112,10
8470,2025-04-08,P015,112,122,45,189,4
8471,2025-04-09,P015,189,0,47,142,7
8472,2025-04-10,P015,142,170,68,244,11
8473,2025-04-11,P015,244,0,44,200,12
8474,2025-04-12,P015,200,0,40,160,14
8475,2025-04-13,P015,160,0,49,111,9
8476,2025-04-14,P015,111,169,45,235,15
8477,2025-04-15,P015,235,0,50,185,1
8478,2025-04-16,P015,185,0,40,145,12
8479,2025-04-17,P015,145,129,61,213,4
8480,2025-04-18,P015,213,0,40,173,11
8481,2025-04-19,P015,173,0,41,132,13
8482,2025-04-20,P015,132,156,42,246,2
8483,2025-04-21,P015,246,0,60,186,13
8484,2025-04-22,P015,186,0,46,140,0
8485,2025-04-23,P015,140,0,62,78,3
8486,2025-04-24,P015,78,189,52,215,2
8487,2025-04-25,P015,215,0,91,124,9
8488,2025-04-26,P015,124,134,38,220,2
8489,2025-04-27,P015,220,0,46,174,9
8490,2025-04-28,P015,174,0,45,129,10
8491,2025-04-29,P015,129,0,56,73,1
8492,2025-04-30,P015,73,171,42,202,8
8493,2025-05-01,P015,202,0,46,156,3
8494,2025-05-02,P015,156,0,43,113,10
8495,2025-05-03,P015,113,142,37,218,5
8496,2025-05-04,P015,218,0,46,172,4
8497,2025-05-05,P015,172,0,50,122,11
8498,2025-05-06,P015,122,127,52,197,4
8499,2025-05-07,P015,197,0,36,161,15
8500,2025-05-08,P015,161,189,52,298,5
8501,2025-05-09,P015,298,0,59,239,0
8502,2025-05-10,P015,239,0,38,201,15
8503,2025-05-11,P015,201,0,52,149,9
8504,2025-05-12,P015,149,195,46,298,3
8505,2025-05-13,P015,298,0,39,259,9
8506,2025-05-14,P015,259,0,46,213,12
8507,2025-05-15,P015,213,0,53,160,5
8508,2025-05-16,P015,160,0,43,117,15
8509,2025-05-17,P015,117,134,38,213,4
8510,2025-05-18,P015,213,0,44,169,9
8511,2025-05-19,P015,169,0,46,123,10
8512,2025-05-20,P015,123,124,49,198,5
8513,2025-05-21,P015,198,0,51,147,3
8514,2025-05-22,P015,147,0,49,98,13
8515,2025-05-23,P015,98,117,45,170,8
8516,2025-05-24,P015,170,0,42,128,0
8517,2025-05-25,P015,128,0,36,92,0
8518,2025-05-26,P015,92,181,54,219,7
8519,2025-05-27,P015,219,0,44,175,13
8520,2025-05-28,P015,175,0,54,121,14
8521,2025-05-29,P015,121,170,46,245,4
8522,2025-05-30,P015,245,0,49,196,2
8523,2025-05-31,P015,196,0,52,144,11
8524,2025-06-01,P015,144,178,36,286,8
8525,2025-06-02,P015,286,0,37,249,14
8526,2025-06-03,P015,249,0,40,209,9
8527,2025-06-04,P015,209,0,44,165,8
8528,2025-06-05,P015,165,0,47,118,1
8529,2025-06-06,P015,118,150,52,216,8
8530,2025-06-07,P015,216,0,38,178,7
8531,2025-06-08,P015,178,0,38,140,2
8532,2025-06-09,P015,140,0,39,101,5
8533,2025-06-10,P015,101,163,48,216,9
8534,2025-06-11,P015,216,0,54,162,5
8535,2025-06-12,P015,162,166,53,275,5
8536,2025-06-13,P015,275,0,52,223,9
8537,2025-06-14,P015,223,0,44,179,9
8538,2025-06-15,P015,179,0,49,130,11
8539,2025-06-16,P015,130,0,49,81,7
8540,2025-06-17,P015,81,136,50,167,9
8541,2025-06-18,P015,167,0,44,123,15
8542,2025-06-19,P015,123,145,38,230,10
8543,2025-06-20,P015,230,0,44,186,5
8544,2025-06-21,P015,186,0,41,145,6
8545,2025-06-22,P015,145,150,42,253,6
8546,2025-06-23,P015,253,0,59,194,15
8547,2025-06-24,P015,194,0,53,141,15
8548,2025-06-25,P015,141,133,53,221,5
8549,2025-06-26,P015,221,0,44,177,13
8550,2025-06-27,P015,177,0,44,133,14
8551,2025-06-28,P015,133,146,36,243,8
8552,2025-06-29,P015,243,0,37,206,7
8553,2025-06-30,P015,206,0,66,140,11
8554,2025-07-01,P015,140,155,48,247,9
8555,2025-07-02,P015,247,0,68,179,12
8556,2025-07-03,P015,179,0,48,131,4
8557,2025-07-04,P015,131,151,46,236,10
8558,2025-07-05,P015,236,0,53,183,7
8559,2025-07-06,P015,183,0,41,142,11
8560,2025-07-07,P015,142,0,56,86,11
8561,2025-07-08,P015,86,153,46,193,3
8562,2025-07-09,P015,193,0,52,141,1
8563,2025-07-10,P015,141,144,51,234,15
8564,2025-07-11,P015,234,0,48,186,14
8565,2025-07-12,P015,186,0,30,156,8
8566,2025-07-13,P015,156,0,41,115,8
8567,2025-07-14,P015,115,183,55,243,11
8568,2025-07-15,P015,243,0,50,193,10
8569,2025-07-16,P015,193,0,48,145,6
8570,2025-07-17,P015,145,123,37,231,3
8571,2025-07-18,P015,231,0,45,186,2
8572,2025-07-19,P015,186,0,45,141,7
8573,2025-07-20,P015,141,0,44,97,6
8574,2025-07-21,P015,97,120,52,165,5
8575,2025-07-22,P015,165,0,45,120,3
8576,2025-07-23,P015,120,0,52,68,13
8577,2025-07-24,P015,68,192,49,211,14
8578,2025-07-25,P015,211,0,41,170,13
8579,2025-07-26,P015,170,0,29,141,4
8580,2025-07-27,P015,141,121,45,217,14
8581,2025-07-28,P015,217,0,49,168,6
8582,2025-07-29,P015,168,0,45,123,3
8583,2025-07-30,P015,123,128,38,213,7
8584,2025-07-31,P015,213,0,52,161,6
8585,2025-08-01,P015,161,0,54,107,4
8586,2025-08-02,P015,107,128,54,181,3
8587,2025-08-03,P015,181,0,64,117,0
8588,2025-08-04,P015,117,0,42,75,14
8589,2025-08-05,P015,75,188,53,210,15
8590,2025-08-06,P015,210,0,54,156,2
8591,2025-08-07,P015,156,0,67,89,11
8592,2025-08-08,P015,89,147,44,192,1
8593,2025-08-09,P015,192,0,60,132,8
8594,2025-08-10,P015,132,181,51,262,1
8595,2025-08-11,P015,262,0,56,206,1
8596,2025-08-12,P015,206,0,54,152,12
8597,2025-08-13,P015,152,152,56,248,2
8598,2025-08-14,P015,248,0,63,185,10
8599,2025-08-15,P015,185,0,51,134,6
8600,2025-08-16,P015,134,158,52,240,4
8601,2025-08-17,P015,240,0,47,193,4
8602,2025-08-18,P015,193,0,67,126,7
8603,2025-08-19,P015,126,188,73,241,6
8604,2025-08-20,P015,241,0,62,179,12
8605,2025-08-21,P015,179,0,60,119,8
8606,2025-08-22,P015,119,183,62,240,11
8607,2025-08-23,P015,240,0,44,196,8
8608,2025-08-24,P015,196,0,61,135,9
8609,2025-08-25,P015,135,156,41,250,4
8610,2025-08-26,P015,250,0,52,198,0
8611,2025-08-27,P015,198,0,53,145,11
8612,2025-08-28,P015,145,181,62,264,11
8613,2025-08-29,P015,264,0,57,207,1
8614,2025-08-30,P015,207,0,48,159,14
8615,2025-08-31,P015,159,0,50,109,4
8616,2025-09-01,P015,109,186,49,246,2
8617,2025-09-02,P015,246,0,46,200,13
8618,2025-09-03,P015,200,0,64,136,5
8619,2025-09-04,P015,136,189,61,264,1
8620,2025-09-05,P015,264,0,68,196,15
8621,2025-09-06,P015,196,0,46,150,15
8622,2025-09-07,P015,150,187,55,282,4
8623,2025-09-08,P015,282,0,55,227,11
8624,2025-09-09,P015,227,0,63,164,5
8625,2025-09-10,P015,164,126,63,227,1
8626,2025-09-11,P015,227,0,59,168,12
8627,2025-09-12,P015,168,0,55,113,13
8628,2025-09-13,P015,113,127,58,182,10
8629,2025-09-14,P015,182,0,53,129,1
8630,2025-09-15,P015,129,118,51,196,4
8631,2025-09-16,P015,196,0,49,147,1
8632,2025-09-17,P015,147,180,55,272,9
8633,2025-09-18,P015,272,0,68,204,1
8634,2025-09-19,P015,204,0,77,127,15
8635,2025-09-20,P015,127,176,45,258,5
8636,2025-09-21,P015,258,0,43,215,4
8637,2025-09-22,P015,215,0,64,151,4
8638,2025-09-23,P015,151,196,48,299,9
8639,2025-09-24,P015,299,0,64,235,10
8640,2025-09-25,P015,235,0,54,181,7
8641,2025-09-26,P015,181,0,66,115,2
8642,2025-09-27,P015,115,152,47,220,15
8643,2025-09-28,P015,220,0,58,162,15
8644,2025-09-29,P015,162,116,59,219,11
8645,2025-09-30,P015,219,0,60,159,7
8646,2025-10-01,P015,159,0,42,117,12
8647,2025-10-02,P015,117,0,43,74,12
8648,2025-10-03,P015,74,111,51,134,6
8649,2025-10-04,P015,134,0,50,84,6
8650,2025-10-05,P015,84,161,40,205,15
8651,2025-10-06,P015,205,0,50,155,4
8652,2025-10-07,P015,155,115,61,209,6
8653,2025-10-08,P015,209,0,58,151,13
8654,2025-10-09,P015,151,125,56,220,8
8655,2025-10-10,P015,220,0,63,157,12
8656,2025-10-11,P015,157,0,43,114,11
8657,2025-10-12,P015,114,0,48,66,2
8658,2025-10-13,P015,66,153,65,154,15
8659,2025-10-14,P015,154,132,56,230,6
8660,2025-10-15,P015,230,0,58,172,8
8661,2025-10-16,P015,172,0,68,104,14
8662,2025-10-17,P015,104,0,47,57,7
8663,2025-10-18,P015,57,165,53,169,4
8664,2025-10-19,P015,169,0,57,112,12
8665,2025-10-20,P015,112,157,52,217,7
8666,2025-10-21,P015,217,0,64,153,12
8667,2025-10-22,P015,153,119,48,224,8
8668,2025-10-23,P015,224,0,53,171,15
8669,2025-10-24,P015,171,0,55,116,15
8670,2025-10-25,P015,116,191,57,250,9
8671,2025-10-26,P015,250,0,54,196,10
8672,2025-10-27,P015,196,0,68,128,8
8673,2025-10-28,P015,128,178,57,249,7
8674,2025-10-29,P015,249,0,67,182,12
8675,2025-10-30,P015,182,0,51,131,0
8676,2025-10-31,P015,131,177,61,247,1
8677,2025-11-01,P015,247,0,60,187,6
8678,2025-11-02,P015,187,0,52,135,5
8679,2025-11-03,P015,135,186,61,260,12
8680,2025-11-04,P015,260,0,43,217,9
8681,2025-11-05,P015,217,0,51,166,9
8682,2025-11-06,P015,166,118,58,226,15
8683,2025-11-07,P015,226,0,42,184,11
8684,2025-11-08,P015,184,0,57,127,11
8685,2025-11-09,P015,127,0,56,71,10
8686,2025-11-10,P015,71,0,57,14,3
8687,2025-11-11,P015,14,118,47,118,5
8688,2025-11-12,P015,118,154,68,204,10
8689,2025-11-13,P015,204,0,71,133,4
8690,2025-11-14,P015,133,0,89,44,0
8691,2025-11-15,P015,44,0,51,0,0
8692,2025-11-16,P015,0,183,49,183,14
8693,2025-11-17,P015,183,0,62,121,6
8694,2025-11-18,P015,121,0,54,67,15
8695,2025-11-19,P015,67,0,59,8,0
8696,2025-11-20,P015,8,170,61,170,15
8697,2025-11-21,P015,170,135,73,232,7
8698,2025-11-22,P015,232,0,43,189,4
8699,2025-11-23,P015,189,0,48,141,3
8700,2025-11-24,P015,141,0,49,92,10
8701,2025-11-25,P015,92,0,65,27,6
8702,2025-11-26,P015,27,136,67,136,1
8703,2025-11-27,P015,136,189,46,279,4
8704,2025-11-28,P015,279,0,61,218,11
8705,2025-11-29,P015,218,0,63,155,13
8706,2025-11-30,P015,155,144,60,239,7
8707,2025-12-01,P015,239,0,60,179,12
8708,2025-12-02,P015,179,174,73,280,7
8709,2025-12-03,P015,280,0,63,217,7
8710,2025-12-04,P015,217,0,60,157,12
8711,2025-12-05,P015,157,180,55,282,3
8712,2025-12-06,P015,282,0,49,233,14
8713,2025-12-07,P015,233,0,40,193,10
8714,2025-12-08,P015,193,0,51,142,0
8715,2025-12-09,P015,142,115,63,194,9
8716,2025-12-10,P015,194,0,63,131,14
8717,2025-12-11,P015,131,0,60,71,2
8718,2025-12-12,P015,71,175,61,185,0
8719,2025-12-13,P015,185,0,55,130,12
8720,2025-12-14,P015,130,192,47,275,11
8721,2025-12-15,P015,275,0,51,224,2
8722,2025-12-16,P015,224,0,54,170,7
8723,2025-12-17,P015,170,0,59,111,2
8724,2025-12-18,P015,111,145,61,195,5
8725,2025-12-19,P015,195,0,53,142,13
8726,2025-12-20,P015,142,135,50,227,0
8727,2025-12-21,P015,227,0,72,155,14
8728,2025-12-22,P015,155,180,64,271,12
8729,2025-12-23,P015,271,0,56,215,6
8730,2025-12-24,P015,215,0,58,157,12
8731,2025-12-25,P015,157,119,56,220,1
8732,2025-12-26,P015,220,0,58,162,14
8733,2025-12-27,P015,162,122,53,231,5
8734,2025-12-28,P015,231,0,49,182,14
8735,2025-12-29,P015,182,0,48,134,14
8736,2025-12-30,P015,134,0,53,81,8
8737,2025-12-31,P015,81,170,55,196,13
8738,2026-01-01,P015,196,0,50,146,10
8739,2026-01-02,P015,146,0,60,86,10
8740,2026-01-03,P015,86,0,36,50,4
8741,2026-01-04,P015,50,186,37,199,2
8742,2026-01-05,P015,199,0,57,142,13
8743,2026-01-06,P015,142,171,49,264,1
8744,2026-01-07,P015,264,0,54,210,9
8745,2026-01-08,P015,210,0,60,150,3
8746,2026-01-09,P015,150,192,44,298,3
8747,2026-01-10,P015,298,0,44,254,11
8748,2026-01-11,P015,254,0,40,214,13
8749,2026-01-12,P015,214,0,40,174,4
8750,2026-01-13,P015,174,0,48,126,7
8751,2026-01-14,P015,126,136,51,211,7
8752,2026-01-15,P015,211,0,51,160,3
8753,2026-01-16,P015,160,132,54,238,1
8754,2026-01-17,P015,238,0,41,197,1
8755,2026-01-18,P015,197,0,38,159,7
8756,2026-01-19,P015,159,197,56,300,9
8757,2026-01-20,P015,300,0,46,254,15
8758,2026-01-21,P015,254,0,49,205,1
8759,2026-01-22,P015,205,0,50,155,8
8760,2026-01-23,P015,155,188,59,284,11
8761,2026-01-24,P015,284,0,48,236,2
8762,2026-01-25,P015,236,0,44,192,6
8763,2026-01-26,P015,192,0,45,147,1
8764,2026-01-27,P015,147,151,50,248,11
8765,2026-01-28,P015,248,0,51,197,4
8766,2026-01-29,P015,197,0,45,152,1
8767,2026-01-30,P015,152,135,59,228,11
8768,2026-01-31,P015,228,0,42,186,5
8769,2026-02-01,P015,186,0,42,144,0
8770,2026-02-02,P015,144,0,58,86,15
8771,2026-02-03,P015,86,114,47,153,6
8772,2026-02-04,P015,153,126,60,219,4
8773,2026-02-05,P015,219,0,42,177,13
8774,2026-02-06,P015,177,0,54,123,7
8775,2026-02-07,P015,123,110,50,183,6
8776,2026-02-08,P015,183,0,38,145,1
8777,2026-02-09,P015,145,139,45,239,15
8778,2026-02-10,P015,239,0,55,184,2
8779,2026-02-11,P015,184,0,55,129,13
8780,2026-02-12,P015,129,128,51,206,8
8781,2026-02-13,P015,206,0,44,162,12
8782,2026-02-14,P015,162,0,49,113,3
8783,2026-02-15,P015,113,155,48,220,15
8784,2026-02-16,P015,220,0,42,178,3
8785,2026-02-17,P015,178,0,44,134,5
8786,2026-02-18,P015,134,125,49,210,13
8787,2026-02-19,P015,210,0,52,158,0
8788,2026-02-20,P015,158,0,49,109,1
8789,2026-02-21,P015,109,188,48,249,5
8790,2026-02-22,P015,249,0,41,208,11
8791,2026-02-23,P015,208,0,35,173,12
8792,2026-02-24,P015,173,0,45,128,7
8793,2026-02-25,P015,128,0,53,75,2
8794,2026-02-26,P015,75,0,52,23,9
8795,2026-02-27,P015,23,0,43,0,0
8796,2026-02-28,P015,0,154,34,154,6
8797,2026-03-01,P015,154,0,40,114,1
8798,2026-03-02,P015,114,0,56,58,0
8799,2026-03-03,P015,58,117,77,117,5
8800,2026-03-04,P015,117,162,64,215,2
8801,2026-03-05,P015,215,0,46,169,14
8802,2026-03-06,P015,169,0,45,124,15
8803,2026-03-07,P015,124,122,52,194,5
8804,2026-03-08,P015,194,0,51,143,7
8805,2026-03-09,P015,143,138,55,226,8
8806,2026-03-10,P015,226,0,40,186,11
8807,2026-03-11,P015,186,0,49,137,8
8808,2026-03-12,P015,137,128,53,212,6
8809,2026-03-13,P015,212,0,54,158,2
8810,2026-03-14,P015,158,197,69,286,15
8811,2026-03-15,P015,286,0,81,205,3
8812,2026-03-16,P015,205,0,57,148,12
8813,2026-03-17,P015,148,124,57,215,8
8814,2026-03-18,P015,215,0,59,156,5
8815,2026-03-19,P015,156,156,56,256,13
8816,2026-03-20,P015,256,0,54,202,10
8817,2026-03-21,P015,202,0,49,153,14
8818,2026-03-22,P015,153,0,56,97,15
8819,2026-03-23,P015,97,118,58,157,8
8820,2026-03-24,P015,157,0,53,104,13
8821,2026-03-25,P015,104,150,53,201,1
8822,2026-03-26,P015,201,0,65,136,4
8823,2026-03-27,P015,136,133,64,205,2
8824,2026-03-28,P015,205,0,44,161,0
8825,2026-03-29,P015,161,125,53,233,3
8826,2026-03-30,P015,233,0,48,185,8
8827,2026-03-31,P015,185,0,47,138,2
8828,2026-04-01,P015,138,0,59,79,12
8829,2026-04-02,P015,79,0,58,21,10
8830,2026-04-03,P015,21,174,47,174,5
8831,2026-04-04,P015,174,0,46,128,0
8832,2026-04-05,P015,128,183,41,270,8
8833,2026-04-06,P015,270,0,52,218,2
8834,2026-04-07,P015,218,0,58,160,4
8835,2026-04-08,P015,160,142,60,242,11
8836,2026-04-09,P015,242,0,48,194,3
8837,2026-04-10,P015,194,0,51,143,12
8838,2026-04-11,P015,143,186,38,291,9
8839,2026-04-12,P015,291,0,54,237,13
8840,2026-04-13,P015,237,0,56,181,10
8841,2026-04-14,P015,181,0,46,135,7
8842,2026-04-15,P015,135,110,58,187,4
8843,2026-04-16,P015,187,0,52,135,6
8844,2026-04-17,P015,135,195,47,283,15
8845,2026-04-18,P015,283,0,48,235,7
8846,2026-04-19,P015,235,0,44,191,5
8847,2026-04-20,P015,191,0,58,133,7
8848,2026-04-21,P015,133,141,54,220,12
8849,2026-04-22,P015,220,0,65,155,14
8850,2026-04-23,P015,155,113,53,215,11
8851,2026-04-24,P015,215,0,68,147,6
8852,2026-04-25,P015,147,0,44,103,4
8853,2026-04-26,P015,103,118,40,181,15
8854,2026-04-27,P015,181,0,43,138,1
8855,2026-04-28,P015,138,150,52,236,2
8856,2026-04-29,P015,236,0,50,186,5
8857,2026-04-30,P015,186,0,51,135,3
8858,2026-05-01,P015,135,154,52,237,4
8859,2026-05-02,P015,237,0,39,198,8
8860,2026-05-03,P015,198,0,33,165,7
8861,2026-05-04,P015,165,0,52,113,0
8862,2026-05-05,P015,113,0,62,51,15
8863,2026-05-06,P015,51,111,46,116,3
8864,2026-05-07,P015,116,181,42,255,0
8865,2026-05-08,P015,255,0,55,200,9
8866,2026-05-09,P015,200,0,66,134,2
8867,2026-05-10,P015,134,133,45,222,2
8868,2026-05-11,P015,222,0,45,177,4
8869,2026-05-12,P015,177,0,53,124,12
8870,2026-05-13,P015,124,185,45,264,0
8871,2026-05-14,P015,264,0,60,204,13
8872,2026-05-15,P015,204,0,56,148,3
8873,2026-05-16,P015,148,0,33,115,1
8874,2026-05-17,P015,115,127,44,198,12
8875,2026-05-18,P015,198,0,54,144,15
8876,2026-05-19,P015,144,163,47,260,15
8877,2026-05-20,P015,260,0,53,207,14
8878,2026-05-21,P015,207,0,40,167,0
8879,2026-05-22,P015,167,183,72,278,6
8880,2026-05-23,P015,278,0,44,234,3
8881,2026-05-24,P015,234,0,53,181,13
8882,2026-05-25,P015,181,0,44,137,7
8883,2026-05-26,P015,137,137,56,218,9
8884,2026-05-27,P015,218,0,56,162,7
8885,2026-05-28,P015,162,166,64,264,9
8886,2026-05-29,P015,264,0,57,207,0
8887,2026-05-30,P015,207,0,44,163,10
8888,2026-05-31,P015,163,0,45,118,14
8889,2026-06-01,P015,118,172,54,236,2
8890,2026-06-02,P015,236,0,49,187,15
8891,2026-06-03,P015,187,0,52,135,14
8892,2026-06-04,P015,135,152,58,229,13
8893,2026-06-05,P015,229,0,44,185,9
8894,2026-06-06,P015,185,0,55,130,12
8895,2026-06-07,P015,130,129,40,219,4
8896,2026-06-08,P015,219,0,65,154,8
8897,2026-06-09,P015,154,185,52,287,12
8898,2026-06-10,P015,287,0,56,231,7
8899,2026-06-11,P015,231,0,41,190,3
8900,2026-06-12,P015,190,0,54,136,3
8901,2026-06-13,P015,136,178,45,269,13
8902,2026-06-14,P015,269,0,47,222,0
8903,2026-06-15,P015,222,0,45,177,6
8904,2026-06-16,P015,177,0,50,127,5
8905,2026-06-17,P015,127,142,69,200,6
8906,2026-06-18,P015,200,0,44,156,1
8907,2026-06-19,P015,156,165,53,268,5
8908,2026-06-20,P015,268,0,35,233,0
8909,2026-06-21,P015,233,0,44,189,9
8910,2026-06-22,P015,189,0,58,131,4
8911,2026-06-23,P015,131,124,47,208,11
8912,2026-06-24,P015,208,0,48,160,4
8913,2026-06-25,P015,160,136,54,242,3
8914,2026-06-26,P015,242,0,49,193,1
8915,2026-06-27,P015,193,0,40,153,2
8916,2026-06-28,P015,153,188,46,295,14
8917,2026-06-29,P015,295,0,65,230,7
8918,2026-06-30,P015,230,0,46,184,6
8919,2026-07-01,P015,184,0,43,141,5
8920,2026-07-02,P015,141,171,53,259,3
8921,2026-07-03,P015,259,0,67,192,10
8922,2026-07-04,P015,192,0,46,146,5
8923,2026-07-05,P015,146,184,49,281,12
8924,2026-07-06,P015,281,0,53,228,15
8925,2026-07-07,P015,228,0,45,183,7
8926,2026-07-08,P015,183,0,55,128,1
8927,2026-07-09,P015,128,159,43,244,14
8928,2026-07-10,P015,244,0,47,197,5
8929,2026-07-11,P015,197,0,40,157,3
8930,2026-07-12,P015,157,0,50,107,11
8931,2026-07-13,P015,107,178,51,234,8
8932,2026-07-14,P015,234,0,52,182,1
8933,2026-07-15,P015,182,0,56,126,14
8934,2026-07-16,P015,126,147,62,211,7
8935,2026-07-17,P015,211,0,58,153,2
8936,2026-07-18,P015,153,0,42,111,0
8937,2026-07-19,P015,111,0,47,64,11
8938,2026-07-20,P015,64,137,65,137,8
8939,2026-07-21,P015,137,176,60,253,13
8940,2026-07-22,P015,253,0,52,201,14
8941,2026-07-23,P015,201,0,65,136,10
8942,2026-07-24,P015,136,186,65,257,15
8943,2026-07-25,P015,257,0,47,210,1
8944,2026-07-26,P015,210,0,50,160,2
8945,2026-07-27,P015,160,0,46,114,10
8946,2026-07-28,P015,114,146,50,210,4
8947,2026-07-29,P015,210,0,62,148,4
8948,2026-07-30,P015,148,0,49,99,15
8949,2026-07-31,P015,99,157,62,194,11
8950,2026-08-01,P015,194,0,64,130,15
8951,2026-08-02,P015,130,193,59,264,5
8952,2026-08-03,P015,264,0,65,199,1
8953,2026-08-04,P015,199,0,59,140,1
8954,2026-08-05,P015,140,198,64,274,7
8955,2026-08-06,P015,274,0,57,217,13
8956,2026-08-07,P015,217,0,74,143,1
8957,2026-08-08,P015,143,165,44,264,8
8958,2026-08-09,P015,264,0,47,217,7
8959,2026-08-10,P015,217,0,67,150,10
8960,2026-08-11,P015,150,0,63,87,7
8961,2026-08-12,P015,87,0,72,15,5
8962,2026-08-13,P015,15,179,67,179,15
8963,2026-08-14,P015,179,0,60,119,15
8964,2026-08-15,P015,119,120,55,184,5
8965,2026-08-16,P015,184,0,65,119,8
8966,2026-08-17,P015,119,0,49,70,8
8967,2026-08-18,P015,70,118,66,122,11
8968,2026-08-19,P015,122,110,58,174,3
8969,2026-08-20,P015,174,173,70,277,1
8970,2026-08-21,P015,277,0,78,199,14
8971,2025-01-01,P016,129,0,22,107,12
8972,2025-01-02,P016,107,0,27,80,12
8973,2025-01-03,P016,80,132,21,191,4
8974,2025-01-04,P016,191,0,23,168,15
8975,2025-01-05,P016,168,0,22,146,4
8976,2025-01-06,P016,146,0,20,126,8
8977,2025-01-07,P016,126,0,24,102,8
8978,2025-01-08,P016,102,81,23,160,13
8979,2025-01-09,P016,160,0,25,135,15
8980,2025-01-10,P016,135,0,22,113,8
8981,2025-01-11,P016,113,0,19,94,11
8982,2025-01-12,P016,94,88,24,158,13
8983,2025-01-13,P016,158,0,28,130,4
8984,2025-01-14,P016,130,0,25,105,7
8985,2025-01-15,P016,105,0,22,83,4
8986,2025-01-16,P016,83,0,30,53,11
8987,2025-01-17,P016,53,124,21,156,11
8988,2025-01-18,P016,156,0,19,137,10
8989,2025-01-19,P016,137,0,24,113,14
8990,2025-01-20,P016,113,0,22,91,10
8991,2025-01-21,P016,91,0,27,64,13
8992,2025-01-22,P016,64,0,28,36,3
8993,2025-01-23,P016,36,80,23,93,1
8994,2025-01-24,P016,93,0,18,75,13
8995,2025-01-25,P016,75,0,20,55,10
8996,2025-01-26,P016,55,111,21,145,1
8997,2025-01-27,P016,145,0,26,119,8
8998,2025-01-28,P016,119,0,27,92,0
8999,2025-01-29,P016,92,115,21,186,6
9000,2025-01-30,P016,186,0,25,161,6
9001,2025-01-31,P016,161,0,25,136,14
9002,2025-02-01,P016,136,0,23,113,5
9003,2025-02-02,P016,113,0,21,92,14
9004,2025-02-03,P016,92,0,18,74,15
9005,2025-02-04,P016,74,126,23,177,6
9006,2025-02-05,P016,177,0,20,157,7
9007,2025-02-06,P016,157,0,23,134,11
9008,2025-02-07,P016,134,0,26,108,5
9009,2025-02-08,P016,108,0,21,87,9
9010,2025-02-09,P016,87,118,23,182,8
9011,2025-02-10,P016,182,0,24,158,4
9012,2025-02-11,P016,158,0,19,139,7
9013,2025-02-12,P016,139,0,16,123,4
9014,2025-02-13,P016,123,0,23,100,0
9015,2025-02-14,P016,100,140,23,217,2
9016,2025-02-15,P016,217,0,24,193,1
9017,2025-02-16,P016,193,0,16,177,12
9018,2025-02-17,P016,177,0,21,156,6
9019,2025-02-18,P016,156,0,23,133,15
9020,2025-02-19,P016,133,0,25,108,2
9021,2025-02-20,P016,108,95,29,174,13
9022,2025-02-21,P016,174,0,30,144,7
9023,2025-02-22,P016,144,0,18,126,6
9024,2025-02-23,P016,126,0,23,103,10
9025,2025-02-24,P016,103,104,29,178,8
9026,2025-02-25,P016,178,0,29,149,10
9027,2025-02-26,P016,149,0,22,127,15
9028,2025-02-27,P016,127,0,26,101,2
9029,2025-02-28,P016,101,116,24,193,1
9030,2025-03-01,P016,193,0,20,173,6
9031,2025-03-02,P016,173,0,21,152,8
9032,2025-03-03,P016,152,0,24,128,1
9033,2025-03-04,P016,128,0,26,102,11
9034,2025-03-05,P016,102,0,21,81,14
9035,2025-03-06,P016,81,112,24,169,2
9036,2025-03-07,P016,169,0,26,143,6
9037,2025-03-08,P016,143,0,22,121,3
9038,2025-03-09,P016,121,0,25,96,14
9039,2025-03-10,P016,96,109,27,178,6
9040,2025-03-11,P016,178,0,25,153,10
9041,2025-03-12,P016,153,0,25,128,3
9042,2025-03-13,P016,128,0,25,103,10
9043,2025-03-14,P016,103,133,26,210,4
9044,2025-03-15,P016,210,0,17,193,6
9045,2025-03-16,P016,193,0,21,172,7
9046,2025-03-17,P016,172,0,23,149,9
9047,2025-03-18,P016,149,0,29,120,8
9048,2025-03-19,P016,120,0,25,95,0
9049,2025-03-20,P016,95,111,24,182,7
9050,2025-03-21,P016,182,0,28,154,7
9051,2025-03-22,P016,154,0,23,131,6
9052,2025-03-23,P016,131,0,25,106,6
9053,2025-03-24,P016,106,0,24,82,14
9054,2025-03-25,P016,82,142,27,197,6
9055,2025-03-26,P016,197,0,19,178,7
9056,2025-03-27,P016,178,0,23,155,10
9057,2025-03-28,P016,155,0,24,131,1
9058,2025-03-29,P016,131,0,22,109,10
9059,2025-03-30,P016,109,0,18,91,5
9060,2025-03-31,P016,91,123,28,186,2
9061,2025-04-01,P016,186,0,25,161,9
9062,2025-04-02,P016,161,0,25,136,0
9063,2025-04-03,P016,136,0,26,110,10
9064,2025-04-04,P016,110,0,23,87,10
9065,2025-04-05,P016,87,123,23,187,13
9066,2025-04-06,P016,187,0,21,166,15
9067,2025-04-07,P016,166,0,22,144,8
9068,2025-04-08,P016,144,0,26,118,12
9069,2025-04-09,P016,118,0,31,87,9
9070,2025-04-10,P016,87,103,35,155,14
9071,2025-04-11,P016,155,0,27,128,6
9072,2025-04-12,P016,128,0,20,108,1
9073,2025-04-13,P016,108,0,18,90,1
9074,2025-04-14,P016,90,130,29,191,9
9075,2025-04-15,P016,191,0,31,160,14
9076,2025-04-16,P016,160,0,29,131,1
9077,2025-04-17,P016,131,0,24,107,8
9078,2025-04-18,P016,107,0,22,85,15
9079,2025-04-19,P016,85,97,19,163,1
9080,2025-04-20,P016,163,0,17,146,8
9081,2025-04-21,P016,146,0,24,122,3
9082,2025-04-22,P016,122,0,30,92,4
9083,2025-04-23,P016,92,114,24,182,14
9084,2025-04-24,P016,182,0,25,157,13
9085,2025-04-25,P016,157,0,35,122,6
9086,2025-04-26,P016,122,0,27,95,6
9087,2025-04-27,P016,95,138,32,201,15
9088,2025-04-28,P016,201,0,30,171,7
9089,2025-04-29,P016,171,0,25,146,0
9090,2025-04-30,P016,146,0,23,123,8
9091,2025-05-01,P016,123,0,25,98,14
9092,2025-05-02,P016,98,94,22,170,7
9093,2025-05-03,P016,170,0,18,152,0
9094,2025-05-04,P016,152,0,25,127,6
9095,2025-05-05,P016,127,0,27,100,14
9096,2025-05-06,P016,100,81,24,157,8
9097,2025-05-07,P016,157,0,23,134,3
9098,2025-05-08,P016,134,0,20,114,3
9099,2025-05-09,P016,114,0,24,90,15
9100,2025-05-10,P016,90,139,20,209,0
9101,2025-05-11,P016,209,0,20,189,10
9102,2025-05-12,P016,189,0,27,162,14
9103,2025-05-13,P016,162,0,26,136,14
9104,2025-05-14,P016,136,0,27,109,6
9105,2025-05-15,P016,109,0,21,88,3
9106,2025-05-16,P016,88,86,22,152,5
9107,2025-05-17,P016,152,0,23,129,15
9108,2025-05-18,P016,129,0,22,107,2
9109,2025-05-19,P016,107,0,28,79,13
9110,2025-05-20,P016,79,103,25,157,10
9111,2025-05-21,P016,157,0,28,129,11
9112,2025-05-22,P016,129,0,26,103,15
9113,2025-05-23,P016,103,89,27,165,0
9114,2025-05-24,P016,165,0,20,145,7
9115,2025-05-25,P016,145,0,21,124,4
9116,2025-05-26,P016,124,0,26,98,4
9117,2025-05-27,P016,98,94,28,164,7
9118,2025-05-28,P016,164,0,25,139,13
9119,2025-05-29,P016,139,0,24,115,2
9120,2025-05-30,P016,115,0,29,86,12
9121,2025-05-31,P016,86,83,20,149,15
9122,2025-06-01,P016,149,0,17,132,0
9123,2025-06-02,P016,132,0,26,106,9
9124,2025-06-03,P016,106,0,23,83,2
9125,2025-06-04,P016,83,121,25,179,15
9126,2025-06-05,P016,179,0,25,154,5
9127,2025-06-06,P016,154,0,25,129,8
9128,2025-06-07,P016,129,0,19,110,2
9129,2025-06-08,P016,110,0,23,87,13
9130,2025-06-09,P016,87,144,26,205,8
9131,2025-06-10,P016,205,0,27,178,11
9132,2025-06-11,P016,178,0,36,142,6
9133,2025-06-12,P016,142,0,32,110,12
9134,2025-06-13,P016,110,89,33,166,1
9135,2025-06-14,P016,166,0,18,148,11
9136,2025-06-15,P016,148,0,20,128,6
9137,2025-06-16,P016,128,0,23,105,9
9138,2025-06-17,P016,105,108,27,186,9
9139,2025-06-18,P016,186,0,23,163,15
9140,2025-06-19,P016,163,0,28,135,9
9141,2025-06-20,P016,135,0,24,111,5
9142,2025-06-21,P016,111,0,21,90,6
9143,2025-06-22,P016,90,88,21,157,1
9144,2025-06-23,P016,157,0,22,135,15
9145,2025-06-24,P016,135,0,22,113,7
9146,2025-06-25,P016,113,0,20,93,8
9147,2025-06-26,P016,93,125,24,194,2
9148,2025-06-27,P016,194,0,23,171,7
9149,2025-06-28,P016,171,0,20,151,0
9150,2025-06-29,P016,151,0,23,128,15
9151,2025-06-30,P016,128,0,27,101,5
9152,2025-07-01,P016,101,118,25,194,10
9153,2025-07-02,P016,194,0,27,167,7
9154,2025-07-03,P016,167,0,26,141,7
9155,2025-07-04,P016,141,0,23,118,12
9156,2025-07-05,P016,118,0,20,98,4
9157,2025-07-06,P016,98,90,22,166,14
9158,2025-07-07,P016,166,0,25,141,0
9159,2025-07-08,P016,141,0,28,113,5
9160,2025-07-09,P016,113,120,37,196,5
9161,2025-07-10,P016,196,0,26,170,4
9162,2025-07-11,P016,170,0,24,146,14
9163,2025-07-12,P016,146,0,38,108,7
9164,2025-07-13,P016,108,0,24,84,15
9165,2025-07-14,P016,84,0,26,58,5
9166,2025-07-15,P016,58,132,23,167,6
9167,2025-07-16,P016,167,0,20,147,13
9168,2025-07-17,P016,147,0,21,126,3
9169,2025-07-18,P016,126,0,25,101,14
9170,2025-07-19,P016,101,88,23,166,6
9171,2025-07-20,P016,166,0,19,147,6
9172,2025-07-21,P016,147,0,25,122,10
9173,2025-07-22,P016,122,0,26,96,3
9174,2025-07-23,P016,96,144,20,220,3
9175,2025-07-24,P016,220,0,27,193,0
9176,2025-07-25,P016,193,0,22,171,11
9177,2025-07-26,P016,171,0,24,147,4
9178,2025-07-27,P016,147,0,19,128,9
9179,2025-07-28,P016,128,0,21,107,10
9180,2025-07-29,P016,107,0,23,84,0
9181,2025-07-30,P016,84,138,23,199,6
9182,2025-07-31,P016,199,0,22,177,11
9183,2025-08-01,P016,177,0,28,149,9
9184,2025-08-02,P016,149,0,27,122,5
9185,2025-08-03,P016,122,0,25,97,2
9186,2025-08-04,P016,97,105,29,173,10
9187,2025-08-05,P016,173,0,28,145,15
9188,2025-08-06,P016,145,0,32,113,12
9189,2025-08-07,P016,113,0,29,84,2
9190,2025-08-08,P016,84,113,34,163,9
9191,2025-08-09,P016,163,0,23,140,0
9192,2025-08-10,P016,140,0,20,120,1
9193,2025-08-11,P016,120,0,31,89,10
9194,2025-08-12,P016,89,142,32,199,9
9195,2025-08-13,P016,199,0,25,174,7
9196,2025-08-14,P016,174,0,23,151,2
9197,2025-08-15,P016,151,0,34,117,10
9198,2025-08-16,P016,117,0,31,86,5
9199,2025-08-17,P016,86,90,19,157,3
9200,2025-08-18,P016,157,0,27,130,0
9201,2025-08-19,P016,130,0,36,94,14
9202,2025-08-20,P016,94,124,28,190,10
9203,2025-08-21,P016,190,0,26,164,1
9204,2025-08-22,P016,164,0,27,137,12
9205,2025-08-23,P016,137,0,23,114,11
9206,2025-08-24,P016,114,0,20,94,7
9207,2025-08-25,P016,94,80,34,140,0
9208,2025-08-26,P016,140,0,22,118,13
9209,2025-08-27,P016,118,0,31,87,12
9210,2025-08-28,P016,87,100,32,155,6
9211,2025-08-29,P016,155,0,25,130,5
9212,2025-08-30,P016,130,0,23,107,1
9213,2025-08-31,P016,107,82,29,160,9
9214,2025-09-01,P016,160,0,30,130,5
9215,2025-09-02,P016,130,0,27,103,4
9216,2025-09-03,P016,103,0,32,71,14
9217,2025-09-04,P016,71,0,33,38,0
9218,2025-09-05,P016,38,117,30,125,10
9219,2025-09-06,P016,125,0,24,101,1
9220,2025-09-07,P016,101,0,25,76,6
9221,2025-09-08,P016,76,97,37,136,9
9222,2025-09-09,P016,136,0,29,107,10
9223,2025-09-10,P016,107,110,32,185,4
9224,2025-09-11,P016,185,0,25,160,1
9225,2025-09-12,P016,160,0,25,135,0
9226,2025-09-13,P016,135,0,27,108,10
9227,2025-09-14,P016,108,0,23,85,14
9228,2025-09-15,P016,85,88,28,145,7
9229,2025-09-16,P016,145,0,24,121,5
9230,2025-09-17,P016,121,0,30,91,12
9231,2025-09-18,P016,91,115,29,177,12
9232,2025-09-19,P016,177,0,30,147,9
9233,2025-09-20,P016,147,0,25,122,7
9234,2025-09-21,P016,122,0,25,97,3
9235,2025-09-22,P016,97,94,35,156,4
9236,2025-09-23,P016,156,0,29,127,0
9237,2025-09-24,P016,127,0,32,95,15
9238,2025-09-25,P016,95,123,23,195,6
9239,2025-09-26,P016,195,0,28,167,11
9240,2025-09-27,P016,167,0,22,145,15
9241,2025-09-28,P016,145,0,29,116,3
9242,2025-09-29,P016,116,0,30,86,15
9243,2025-09-30,P016,86,0,28,58,13
9244,2025-10-01,P016,58,102,24,136,14
9245,2025-10-02,P016,136,0,26,110,15
9246,2025-10-03,P016,110,0,27,83,6
9247,2025-10-04,P016,83,107,27,163,5
9248,2025-10-05,P016,163,0,23,140,8
9249,2025-10-06,P016,140,0,33,107,0
9250,2025-10-07,P016,107,0,22,85,15
9251,2025-10-08,P016,85,131,24,192,0
9252,2025-10-09,P016,192,0,41,151,3
9253,2025-10-10,P016,151,0,27,124,14
9254,2025-10-11,P016,124,0,20,104,11
9255,2025-10-12,P016,104,139,25,218,15
9256,2025-10-13,P016,218,0,35,183,11
9257,2025-10-14,P016,183,0,27,156,8
9258,2025-10-15,P016,156,0,27,129,14
9259,2025-10-16,P016,129,0,37,92,11
9260,2025-10-17,P016,92,89,36,145,13
9261,2025-10-18,P016,145,0,19,126,3
9262,2025-10-19,P016,126,0,30,96,11
9263,2025-10-20,P016,96,134,30,200,13
9264,2025-10-21,P016,200,0,27,173,9
9265,2025-10-22,P016,173,0,25,148,0
9266,2025-10-23,P016,148,0,39,109,13
9267,2025-10-24,P016,109,0,26,83,0
9268,2025-10-25,P016,83,83,20,146,0
9269,2025-10-26,P016,146,0,29,117,6
9270,2025-10-27,P016,117,0,25,92,0
9271,2025-10-28,P016,92,0,35,57,3
9272,2025-10-29,P016,57,138,31,164,1
9273,2025-10-30,P016,164,0,25,139,9
9274,2025-10-31,P016,139,0,31,108,14
9275,2025-11-01,P016,108,0,24,84,12
9276,2025-11-02,P016,84,122,19,187,9
9277,2025-11-03,P016,187,0,27,160,9
9278,2025-11-04,P016,160,0,31,129,1
9279,2025-11-05,P016,129,0,28,101,10
9280,2025-11-06,P016,101,0,27,74,6
9281,2025-11-07,P016,74,100,31,143,2
9282,2025-11-08,P016,143,0,26,117,6
9283,2025-11-09,P016,117,0,24,93,0
9284,2025-11-10,P016,93,91,32,152,0
9285,2025-11-11,P016,152,0,30,122,9
9286,2025-11-12,P016,122,0,19,103,4
9287,2025-11-13,P016,103,132,30,205,0
9288,2025-11-14,P016,205,0,29,176,9
9289,2025-11-15,P016,176,0,26,150,13
9290,2025-11-16,P016,150,0,28,122,5
9291,2025-11-17,P016,122,0,34,88,1
9292,2025-11-18,P016,88,143,30,201,7
9293,2025-11-19,P016,201,0,24,177,9
9294,2025-11-20,P016,177,0,29,148,7
9295,2025-11-21,P016,148,0,34,114,4
9296,2025-11-22,P016,114,0,22,92,5
9297,2025-11-23,P016,92,130,23,199,7
9298,2025-11-24,P016,199,0,27,172,9
9299,2025-11-25,P016,172,0,28,144,6
9300,2025-11-26,P016,144,0,25,119,15
9301,2025-11-27,P016,119,0,30,89,13
9302,2025-11-28,P016,89,0,33,56,4
9303,2025-11-29,P016,56,96,28,124,7
9304,2025-11-30,P016,124,0,20,104,3
9305,2025-12-01,P016,104,116,30,190,15
9306,2025-12-02,P016,190,0,34,156,9
9307,2025-12-03,P016,156,0,31,125,6
9308,2025-12-04,P016,125,0,28,97,5
9309,2025-12-05,P016,97,125,30,192,10
9310,2025-12-06,P016,192,0,28,164,14
9311,2025-12-07,P016,164,0,33,131,11
9312,2025-12-08,P016,131,0,25,106,10
9313,2025-12-09,P016,106,109,31,184,11
9314,2025-12-10,P016,184,0,28,156,0
9315,2025-12-11,P016,156,0,30,126,13
9316,2025-12-12,P016,126,0,24,102,11
9317,2025-12-13,P016,102,112,25,189,2
9318,2025-12-14,P016,189,0,22,167,6
9319,2025-12-15,P016,167,0,28,139,0
9320,2025-12-16,P016,139,0,24,115,15
9321,2025-12-17,P016,115,0,28,87,8
9322,2025-12-18,P016,87,0,26,61,7
9323,2025-12-19,P016,61,142,27,176,4
9324,2025-12-20,P016,176,0,19,157,0
9325,2025-12-21,P016,157,0,22,135,5
9326,2025-12-22,P016,135,0,30,105,4
9327,2025-12-23,P016,105,0,34,71,3
9328,2025-12-24,P016,71,110,31,150,14
9329,2025-12-25,P016,150,0,29,121,0
9330,2025-12-26,P016,121,0,31,90,7
9331,2025-12-27,P016,90,97,29,158,15
9332,2025-12-28,P016,158,0,26,132,1
9333,2025-12-29,P016,132,0,34,98,5
9334,2025-12-30,P016,98,0,32,66,13
9335,2025-12-31,P016,66,125,29,162,4
9336,2026-01-01,P016,162,0,24,138,1
9337,2026-01-02,P016,138,0,30,108,13
9338,2026-01-03,P016,108,0,21,87,3
9339,2026-01-04,P016,87,116,21,182,3
9340,2026-01-05,P016,182,0,23,159,0
9341,2026-01-06,P016,159,0,24,135,12
9342,2026-01-07,P016,135,0,26,109,15
9343,2026-01-08,P016,109,0,28,81,15
9344,2026-01-09,P016,81,139,27,193,10
9345,2026-01-10,P016,193,0,22,171,6
9346,2026-01-11,P016,171,0,21,150,4
9347,2026-01-12,P016,150,0,25,125,7
9348,2026-01-13,P016,125,0,28,97,12
9349,2026-01-14,P016,97,141,29,209,15
9350,2026-01-15,P016,209,0,25,184,6
9351,2026-01-16,P016,184,0,28,156,12
9352,2026-01-17,P016,156,0,23,133,9
9353,2026-01-18,P016,133,0,20,113,4
9354,2026-01-19,P016,113,0,28,85,3
9355,2026-01-20,P016,85,122,25,182,15
9356,2026-01-21,P016,182,0,26,156,5
9357,2026-01-22,P016,156,0,26,130,5
9358,2026-01-23,P016,130,0,29,101,0
9359,2026-01-24,P016,101,0,21,80,8
9360,2026-01-25,P016,80,108,24,164,12
9361,2026-01-26,P016,164,0,31,133,2
9362,2026-01-27,P016,133,0,36,97,14
9363,2026-01-28,P016,97,0,25,72,9
9364,2026-01-29,P016,72,0,26,46,5
9365,2026-01-30,P016,46,86,28,104,13
9366,2026-01-31,P016,104,0,18,86,2
9367,2026-02-01,P016,86,90,22,154,1
9368,2026-02-02,P016,154,0,27,127,3
9369,2026-02-03,P016,127,0,27,100,15
9370,2026-02-04,P016,100,122,25,197,4
9371,2026-02-05,P016,197,0,23,174,14
9372,2026-02-06,P016,174,0,27,147,10
9373,2026-02-07,P016,147,0,23,124,6
9374,2026-02-08,P016,124,0,26,98,15
9375,2026-02-09,P016,98,0,22,76,0
9376,2026-02-10,P016,76,94,23,147,1
9377,2026-02-11,P016,147,0,20,127,5
9378,2026-02-12,P016,127,0,28,99,6
9379,2026-02-13,P016,99,129,22,206,5
9380,2026-02-14,P016,206,0,21,185,12
9381,2026-02-15,P016,185,0,22,163,9
9382,2026-02-16,P016,163,0,23,140,2
9383,2026-02-17,P016,140,0,20,120,2
9384,2026-02-18,P016,120,0,25,95,12
9385,2026-02-19,P016,95,0,24,71,4
9386,2026-02-20,P016,71,86,25,132,7
9387,2026-02-21,P016,132,0,20,112,7
9388,2026-02-22,P016,112,0,29,83,2
9389,2026-02-23,P016,83,134,30,187,8
9390,2026-02-24,P016,187,0,29,158,0
9391,2026-02-25,P016,158,0,27,131,7
9392,2026-02-26,P016,131,0,31,100,13
9393,2026-02-27,P016,100,137,27,210,2
9394,2026-02-28,P016,210,0,21,189,13
9395,2026-03-01,P016,189,0,23,166,15
9396,2026-03-02,P016,166,0,31,135,4
9397,2026-03-03,P016,135,0,27,108,7
9398,2026-03-04,P016,108,0,25,83,2
9399,2026-03-05,P016,83,89,24,148,1
9400,2026-03-06,P016,148,0,27,121,2
9401,2026-03-07,P016,121,0,26,95,11
9402,2026-03-08,P016,95,0,22,73,8
9403,2026-03-09,P016,73,142,22,193,8
9404,2026-03-10,P016,193,0,26,167,9
9405,2026-03-11,P016,167,0,29,138,15
9406,2026-03-12,P016,138,0,35,103,0
9407,2026-03-13,P016,103,0,23,80,7
9408,2026-03-14,P016,80,0,24,56,2
9409,2026-03-15,P016,56,143,22,177,3
9410,2026-03-16,P016,177,0,33,144,15
9411,2026-03-17,P016,144,0,27,117,8
9412,2026-03-18,P016,117,0,22,95,15
9413,2026-03-19,P016,95,82,29,148,15
9414,2026-03-20,P016,148,0,26,122,5
9415,2026-03-21,P016,122,0,19,103,7
9416,2026-03-22,P016,103,0,21,82,4
9417,2026-03-23,P016,82,105,32,155,7
9418,2026-03-24,P016,155,0,26,129,15
9419,2026-03-25,P016,129,0,27,102,7
9420,2026-03-26,P016,102,105,27,180,0
9421,2026-03-27,P016,180,0,32,148,10
9422,2026-03-28,P016,148,0,30,118,14
9423,2026-03-29,P016,118,0,26,92,12
9424,2026-03-30,P016,92,86,38,140,14
9425,2026-03-31,P016,140,0,30,110,5
9426,2026-04-01,P016,110,0,27,83,12
9427,2026-04-02,P016,83,0,31,52,7
9428,2026-04-03,P016,52,126,25,153,10
9429,2026-04-04,P016,153,0,17,136,5
9430,2026-04-05,P016,136,0,32,104,3
9431,2026-04-06,P016,104,0,30,74,13
9432,2026-04-07,P016,74,108,23,159,11
9433,2026-04-08,P016,159,0,25,134,12
9434,2026-04-09,P016,134,0,23,111,6
9435,2026-04-10,P016,111,142,34,219,9
9436,2026-04-11,P016,219,0,21,198,5
9437,2026-04-12,P016,198,0,24,174,4
9438,2026-04-13,P016,174,0,28,146,8
9439,2026-04-14,P016,146,0,30,116,6
9440,2026-04-15,P016,116,0,27,89,9
9441,2026-04-16,P016,89,105,26,168,8
9442,2026-04-17,P016,168,0,25,143,4
9443,2026-04-18,P016,143,0,22,121,12
9444,2026-04-19,P016,121,0,31,90,5
9445,2026-04-20,P016,90,119,34,175,8
9446,2026-04-21,P016,175,0,23,152,9
9447,2026-04-22,P016,152,0,26,126,6
9448,2026-04-23,P016,126,0,24,102,0
9449,2026-04-24,P016,102,82,25,159,11
9450,2026-04-25,P016,159,0,35,124,9
9451,2026-04-26,P016,124,0,25,99,10
9452,2026-04-27,P016,99,129,29,199,0
9453,2026-04-28,P016,199,0,25,174,2
9454,2026-04-29,P016,174,0,29,145,7
9455,2026-04-30,P016,145,0,29,116,14
9456,2026-05-01,P016,116,0,26,90,15
9457,2026-05-02,P016,90,101,26,165,12
9458,2026-05-03,P016,165,0,24,141,15
9459,2026-05-04,P016,141,0,30,111,10
9460,2026-05-05,P016,111,0,27,84,13
9461,2026-05-06,P016,84,83,26,141,15
9462,2026-05-07,P016,141,0,26,115,6
9463,2026-05-08,P016,115,0,25,90,9
9464,2026-05-09,P016,90,138,21,207,3
9465,2026-05-10,P016,207,0,26,181,0
9466,2026-05-11,P016,181,0,20,161,14
9467,2026-05-12,P016,161,0,32,129,3
9468,2026-05-13,P016,129,0,22,107,14
9469,2026-05-14,P016,107,0,23,84,0
9470,2026-05-15,P016,84,125,24,185,10
9471,2026-05-16,P016,185,0,24,161,1
9472,2026-05-17,P016,161,0,30,131,5
9473,2026-05-18,P016,131,0,19,112,13
9474,2026-05-19,P016,112,0,23,89,9
9475,2026-05-20,P016,89,97,19,167,6
9476,2026-05-21,P016,167,0,27,140,2
9477,2026-05-22,P016,140,0,28,112,8
9478,2026-05-23,P016,112,0,25,87,13
9479,2026-05-24,P016,87,99,21,165,1
9480,2026-05-25,P016,165,0,37,128,4
9481,2026-05-26,P016,128,0,27,101,0
9482,2026-05-27,P016,101,0,26,75,12
9483,2026-05-28,P016,75,142,23,194,13
9484,2026-05-29,P016,194,0,26,168,12
9485,2026-05-30,P016,168,0,17,151,14
9486,2026-05-31,P016,151,0,27,124,11
9487,2026-06-01,P016,124,0,27,97,2
9488,2026-06-02,P016,97,118,32,183,7
9489,2026-06-03,P016,183,0,25,158,9
9490,2026-06-04,P016,158,0,25,133,8
9491,2026-06-05,P016,133,0,29,104,14
9492,2026-06-06,P016,104,0,24,80,14
9493,2026-06-07,P016,80,0,24,56,12
9494,2026-06-08,P016,56,109,27,138,12
9495,2026-06-09,P016,138,0,24,114,12
9496,2026-06-10,P016,114,0,22,92,13
9497,2026-06-11,P016,92,137,30,199,13
9498,2026-06-12,P016,199,0,30,169,3
9499,2026-06-13,P016,169,0,22,147,5
9500,2026-06-14,P016,147,0,29,118,0
9501,2026-06-15,P016,118,0,23,95,8
9502,2026-06-16,P016,95,0,31,64,15
9503,2026-06-17,P016,64,132,24,172,15
9504,2026-06-18,P016,172,0,25,147,8
9505,2026-06-19,P016,147,0,29,118,1
9506,2026-06-20,P016,118,0,24,94,8
9507,2026-06-21,P016,94,83,25,152,12
9508,2026-06-22,P016,152,0,31,121,5
9509,2026-06-23,P016,121,0,26,95,11
9510,2026-06-24,P016,95,0,31,64,3
9511,2026-06-25,P016,64,127,20,171,13
9512,2026-06-26,P016,171,0,24,147,10
9513,2026-06-27,P016,147,0,25,122,5
9514,2026-06-28,P016,122,0,24,98,4
9515,2026-06-29,P016,98,95,26,167,6
9516,2026-06-30,P016,167,0,30,137,12
9517,2026-07-01,P016,137,0,29,108,4
9518,2026-07-02,P016,108,81,32,157,8
9519,2026-07-03,P016,157,0,24,133,13
9520,2026-07-04,P016,133,0,21,112,15
9521,2026-07-05,P016,112,0,28,84,15
9522,2026-07-06,P016,84,0,33,51,7
9523,2026-07-07,P016,51,0,30,21,7
9524,2026-07-08,P016,21,86,31,86,4
9525,2026-07-09,P016,86,139,24,201,12
9526,2026-07-10,P016,201,0,25,176,5
9527,2026-07-11,P016,176,0,20,156,12
9528,2026-07-12,P016,156,0,27,129,6
9529,2026-07-13,P016,129,0,26,103,3
9530,2026-07-14,P016,103,91,27,167,7
9531,2026-07-15,P016,167,0,30,137,10
9532,2026-07-16,P016,137,0,32,105,1
9533,2026-07-17,P016,105,0,22,83,6
9534,2026-07-18,P016,83,137,22,198,10
9535,2026-07-19,P016,198,0,26,172,2
9536,2026-07-20,P016,172,0,26,146,9
9537,2026-07-21,P016,146,0,22,124,2
9538,2026-07-22,P016,124,0,27,97,5
9539,2026-07-23,P016,97,88,21,164,2
9540,2026-07-24,P016,164,0,27,137,0
9541,2026-07-25,P016,137,0,26,111,12
9542,2026-07-26,P016,111,0,24,87,15
9543,2026-07-27,P016,87,0,30,57,7
9544,2026-07-28,P016,57,0,25,32,10
9545,2026-07-29,P016,32,110,32,110,14
9546,2026-07-30,P016,110,0,26,84,9
9547,2026-07-31,P016,84,0,27,57,14
9548,2026-08-01,P016,57,94,28,123,10
9549,2026-08-02,P016,123,0,24,99,10
9550,2026-08-03,P016,99,116,23,192,15
9551,2026-08-04,P016,192,0,32,160,6
9552,2026-08-05,P016,160,0,34,126,9
9553,2026-08-06,P016,126,0,35,91,0
9554,2026-08-07,P016,91,94,30,155,2
9555,2026-08-08,P016,155,0,24,131,1
9556,2026-08-09,P016,131,0,32,99,11
9557,2026-08-10,P016,99,0,27,72,2
9558,2026-08-11,P016,72,82,37,117,15
9559,2026-08-12,P016,117,0,29,88,13
9560,2026-08-13,P016,88,141,31,198,12
9561,2026-08-14,P016,198,0,35,163,3
9562,2026-08-15,P016,163,0,24,139,12
9563,2026-08-16,P016,139,0,30,109,12
9564,2026-08-17,P016,109,105,38,176,7
9565,2026-08-18,P016,176,0,30,146,6
9566,2026-08-19,P016,146,0,34,112,14
9567,2026-08-20,P016,112,0,30,82,7
9568,2026-08-21,P016,82,85,36,131,14
9569,2025-01-01,P017,261,0,40,221,9
9570,2025-01-02,P017,221,0,30,191,14
9571,2025-01-03,P017,191,0,39,152,12
9572,2025-01-04,P017,152,0,26,126,0
9573,2025-01-05,P017,126,0,26,100,6
9574,2025-01-06,P017,100,160,21,239,14
9575,2025-01-07,P017,239,0,33,206,14
9576,2025-01-08,P017,206,0,28,178,6
9577,2025-01-09,P017,178,0,26,152,11
9578,2025-01-10,P017,152,0,34,118,7
9579,2025-01-11,P017,118,152,32,238,8
9580,2025-01-12,P017,238,0,27,211,2
9581,2025-01-13,P017,211,0,37,174,8
9582,2025-01-14,P017,174,0,26,148,9
9583,2025-01-15,P017,148,0,26,122,2
9584,2025-01-16,P017,122,147,33,236,15
9585,2025-01-17,P017,236,0,36,200,0
9586,2025-01-18,P017,200,0,23,177,5
9587,2025-01-19,P017,177,0,29,148,14
9588,2025-01-20,P017,148,0,34,114,4
9589,2025-01-21,P017,114,177,24,267,6
9590,2025-01-22,P017,267,0,35,232,10
9591,2025-01-23,P017,232,0,38,194,5
9592,2025-01-24,P017,194,0,30,164,11
9593,2025-01-25,P017,164,0,32,132,2
9594,2025-01-26,P017,132,0,32,100,4
9595,2025-01-27,P017,100,179,32,247,14
9596,2025-01-28,P017,247,0,30,217,11
9597,2025-01-29,P017,217,0,28,189,10
9598,2025-01-30,P017,189,0,32,157,9
9599,2025-01-31,P017,157,0,34,123,12
9600,2025-02-01,P017,123,107,27,203,0
9601,2025-02-02,P017,203,0,20,183,9
9602,2025-02-03,P017,183,0,37,146,15
9603,2025-02-04,P017,146,0,33,113,11
9604,2025-02-05,P017,113,158,30,241,1
9605,2025-02-06,P017,241,0,46,195,3
9606,2025-02-07,P017,195,0,37,158,4
9607,2025-02-08,P017,158,0,19,139,0
9608,2025-02-09,P017,139,0,29,110,14
9609,2025-02-10,P017,110,135,26,219,3
9610,2025-02-11,P017,219,0,42,177,3
9611,2025-02-12,P017,177,0,40,137,12
9612,2025-02-13,P017,137,0,34,103,6
9613,2025-02-14,P017,103,109,30,182,1
9614,2025-02-15,P017,182,0,22,160,2
9615,2025-02-16,P017,160,0,26,134,0
9616,2025-02-17,P017,134,0,33,101,6
9617,2025-02-18,P017,101,147,36,212,6
9618,2025-02-19,P017,212,0,28,184,10
9619,2025-02-20,P017,184,0,36,148,4
9620,2025-02-21,P017,148,0,30,118,14
9621,2025-02-22,P017,118,0,29,89,0
9622,2025-02-23,P017,89,141,26,204,13
9623,2025-02-24,P017,204,0,33,171,1
9624,2025-02-25,P017,171,0,38,133,13
9625,2025-02-26,P017,133,0,27,106,6
9626,2025-02-27,P017,106,136,29,213,2
9627,2025-02-28,P017,213,0,33,180,12
9628,2025-03-01,P017,180,0,38,142,4
9629,2025-03-02,P017,142,0,27,115,9
9630,2025-03-03,P017,115,176,42,249,8
9631,2025-03-04,P017,249,0,42,207,8
9632,2025-03-05,P017,207,0,33,174,14
9633,2025-03-06,P017,174,0,33,141,9
9634,2025-03-07,P017,141,0,31,110,12
9635,2025-03-08,P017,110,146,30,226,15
9636,2025-03-09,P017,226,0,25,201,5
9637,2025-03-10,P017,201,0,33,168,7
9638,2025-03-11,P017,168,0,40,128,5
9639,2025-03-12,P017,128,108,31,205,6
9640,2025-03-13,P017,205,0,33,172,10
9641,2025-03-14,P017,172,0,27,145,15
9642,2025-03-15,P017,145,0,31,114,13
9643,2025-03-16,P017,114,144,30,228,6
9644,2025-03-17,P017,228,0,34,194,7
9645,2025-03-18,P017,194,0,33,161,6
9646,2025-03-19,P017,161,0,32,129,10
9647,2025-03-20,P017,129,134,35,228,3
9648,2025-03-21,P017,228,0,34,194,11
9649,2025-03-22,P017,194,0,31,163,2
9650,2025-03-23,P017,163,0,30,133,14
9651,2025-03-24,P017,133,0,39,94,12
9652,2025-03-25,P017,94,169,42,221,5
9653,2025-03-26,P017,221,0,34,187,14
9654,2025-03-27,P017,187,0,40,147,12
9655,2025-03-28,P017,147,0,36,111,11
9656,2025-03-29,P017,111,160,35,236,12
9657,2025-03-30,P017,236,0,32,204,14
9658,2025-03-31,P017,204,0,26,178,6
9659,2025-04-01,P017,178,0,39,139,14
9660,2025-04-02,P017,139,0,34,105,11
9661,2025-04-03,P017,105,166,34,237,1
9662,2025-04-04,P017,237,0,35,202,10
9663,2025-04-05,P017,202,0,29,173,13
9664,2025-04-06,P017,173,0,31,142,13
9665,2025-04-07,P017,142,0,32,110,11
9666,2025-04-08,P017,110,148,39,219,6
9667,2025-04-09,P017,219,0,34,185,9
9668,2025-04-10,P017,185,0,35,150,15
9669,2025-04-11,P017,150,0,30,120,12
9670,2025-04-12,P017,120,166,30,256,0
9671,2025-04-13,P017,256,0,31,225,3
9672,2025-04-14,P017,225,0,35,190,1
9673,2025-04-15,P017,190,0,30,160,10
9674,2025-04-16,P017,160,0,28,132,3
9675,2025-04-17,P017,132,164,39,257,9
9676,2025-04-18,P017,257,0,40,217,4
9677,2025-04-19,P017,217,0,26,191,12
9678,2025-04-20,P017,191,0,35,156,9
9679,2025-04-21,P017,156,0,35,121,3
9680,2025-04-22,P017,121,120,34,207,4
9681,2025-04-23,P017,207,0,33,174,1
9682,2025-04-24,P017,174,0,29,145,11
9683,2025-04-25,P017,145,0,37,108,7
9684,2025-04-26,P017,108,141,28,221,15
9685,2025-04-27,P017,221,0,28,193,0
9686,2025-04-28,P017,193,0,37,156,7
9687,2025-04-29,P017,156,0,35,121,11
9688,2025-04-30,P017,121,122,28,215,14
9689,2025-05-01,P017,215,0,33,182,7
9690,2025-05-02,P017,182,0,34,148,5
9691,2025-05-03,P017,148,0,39,109,14
9692,2025-05-04,P017,109,102,29,182,13
9693,2025-05-05,P017,182,0,43,139,14
9694,2025-05-06,P017,139,0,32,107,1
9695,2025-05-07,P017,107,146,32,221,0
9696,2025-05-08,P017,221,0,30,191,2
9697,2025-05-09,P017,191,0,32,159,15
9698,2025-05-10,P017,159,0,31,128,5
9699,2025-05-11,P017,128,0,33,95,3
9700,2025-05-12,P017,95,168,26,237,1
9701,2025-05-13,P017,237,0,32,205,10
9702,2025-05-14,P017,205,0,34,171,13
9703,2025-05-15,P017,171,0,38,133,1
9704,2025-05-16,P017,133,0,33,100,12
9705,2025-05-17,P017,100,178,30,248,7
9706,2025-05-18,P017,248,0,26,222,5
9707,2025-05-19,P017,222,0,48,174,7
9708,2025-05-20,P017,174,0,39,135,4
9709,2025-05-21,P017,135,0,27,108,6
9710,2025-05-22,P017,108,130,29,209,12
9711,2025-05-23,P017,209,0,29,180,10
9712,2025-05-24,P017,180,0,31,149,8
9713,2025-05-25,P017,149,0,24,125,1
9714,2025-05-26,P017,125,172,31,266,15
9715,2025-05-27,P017,266,0,35,231,6
9716,2025-05-28,P017,231,0,33,198,3
9717,2025-05-29,P017,198,0,33,165,2
9718,2025-05-30,P017,165,0,28,137,2
9719,2025-05-31,P017,137,0,31,106,5
9720,2025-06-01,P017,106,118,27,197,14
9721,2025-06-02,P017,197,0,32,165,5
9722,2025-06-03,P017,165,0,33,132,5
9723,2025-06-04,P017,132,130,44,218,2
9724,2025-06-05,P017,218,0,33,185,15
9725,2025-06-06,P017,185,0,29,156,9
9726,2025-06-07,P017,156,0,28,128,3
9727,2025-06-08,P017,128,128,29,227,4
9728,2025-06-09,P017,227,0,27,200,14
9729,2025-06-10,P017,200,0,31,169,7
9730,2025-06-11,P017,169,0,34,135,7
9731,2025-06-12,P017,135,0,28,107,8
9732,2025-06-13,P017,107,0,37,70,0
9733,2025-06-14,P017,70,142,42,170,12
9734,2025-06-15,P017,170,0,25,145,7
9735,2025-06-16,P017,145,0,38,107,10
9736,2025-06-17,P017,107,174,33,248,5
9737,2025-06-18,P017,248,0,35,213,7
9738,2025-06-19,P017,213,0,34,179,4
9739,2025-06-20,P017,179,0,36,143,12
9740,2025-06-21,P017,143,0,31,112,13
9741,2025-06-22,P017,112,119,26,205,13
9742,2025-06-23,P017,205,0,28,177,12
9743,2025-06-24,P017,177,0,27,150,7
9744,2025-06-25,P017,150,0,34,116,0
9745,2025-06-26,P017,116,0,34,82,14
9746,2025-06-27,P017,82,149,36,195,13
9747,2025-06-28,P017,195,0,30,165,6
9748,2025-06-29,P017,165,0,26,139,6
9749,2025-06-30,P017,139,0,30,109,2
9750,2025-07-01,P017,109,167,38,238,0
9751,2025-07-02,P017,238,0,31,207,0
9752,2025-07-03,P017,207,0,33,174,5
9753,2025-07-04,P017,174,0,28,146,7
9754,2025-07-05,P017,146,0,30,116,15
9755,2025-07-06,P017,116,152,28,240,0
9756,2025-07-07,P017,240,0,37,203,6
9757,2025-07-08,P017,203,0,36,167,2
9758,2025-07-09,P017,167,0,31,136,9
9759,2025-07-10,P017,136,0,32,104,2
9760,2025-07-11,P017,104,131,30,205,7
9761,2025-07-12,P017,205,0,25,180,12
9762,2025-07-13,P017,180,0,27,153,3
9763,2025-07-14,P017,153,0,34,119,5
9764,2025-07-15,P017,119,127,33,213,6
9765,2025-07-16,P017,213,0,33,180,2
9766,2025-07-17,P017,180,0,32,148,8
9767,2025-07-18,P017,148,0,35,113,10
9768,2025-07-19,P017,113,0,30,83,8
9769,2025-07-20,P017,83,174,33,224,14
9770,2025-07-21,P017,224,0,26,198,11
9771,2025-07-22,P017,198,0,19,179,2
9772,2025-07-23,P017,179,0,34,145,10
9773,2025-07-24,P017,145,0,27,118,5
9774,2025-07-25,P017,118,167,34,251,10
9775,2025-07-26,P017,251,0,29,222,14
9776,2025-07-27,P017,222,0,36,186,4
9777,2025-07-28,P017,186,0,36,150,11
9778,2025-07-29,P017,150,0,33,117,0
9779,2025-07-30,P017,117,0,35,82,12
9780,2025-07-31,P017,82,109,35,156,7
9781,2025-08-01,P017,156,0,37,119,4
9782,2025-08-02,P017,119,128,40,207,14
9783,2025-08-03,P017,207,0,30,177,0
9784,2025-08-04,P017,177,0,42,135,0
9785,2025-08-05,P017,135,0,34,101,7
9786,2025-08-06,P017,101,139,40,200,12
9787,2025-08-07,P017,200,0,41,159,9
9788,2025-08-08,P017,159,0,47,112,9
9789,2025-08-09,P017,112,0,28,84,0
9790,2025-08-10,P017,84,142,33,193,7
9791,2025-08-11,P017,193,0,43,150,7
9792,2025-08-12,P017,150,0,41,109,10
9793,2025-08-13,P017,109,124,41,192,4
9794,2025-08-14,P017,192,0,37,155,13
9795,2025-08-15,P017,155,0,39,116,11
9796,2025-08-16,P017,116,178,42,252,0
9797,2025-08-17,P017,252,0,36,216,3
9798,2025-08-18,P017,216,0,44,172,5
9799,2025-08-19,P017,172,0,40,132,2
9800,2025-08-20,P017,132,168,33,267,7
9801,2025-08-21,P017,267,0,43,224,12
9802,2025-08-22,P017,224,0,44,180,9
9803,2025-08-23,P017,180,0,47,133,10
9804,2025-08-24,P017,133,0,32,101,1
9805,2025-08-25,P017,101,106,46,161,1
9806,2025-08-26,P017,161,0,34,127,12
9807,2025-08-27,P017,127,173,41,259,2
9808,2025-08-28,P017,259,0,45,214,6
9809,2025-08-29,P017,214,0,31,183,9
9810,2025-08-30,P017,183,0,36,147,13
9811,2025-08-31,P017,147,0,33,114,1
9812,2025-09-01,P017,114,103,36,181,12
9813,2025-09-02,P017,181,0,42,139,11
9814,2025-09-03,P017,139,118,44,213,3
9815,2025-09-04,P017,213,0,40,173,15
9816,2025-09-05,P017,173,0,42,131,9
9817,2025-09-06,P017,131,152,35,248,15
9818,2025-09-07,P017,248,0,40,208,5
9819,2025-09-08,P017,208,0,39,169,6
9820,2025-09-09,P017,169,0,44,125,9
9821,2025-09-10,P017,125,0,40,85,13
9822,2025-09-11,P017,85,156,43,198,15
9823,2025-09-12,P017,198,0,37,161,4
9824,2025-09-13,P017,161,0,41,120,15
9825,2025-09-14,P017,120,143,36,227,6
9826,2025-09-15,P017,227,0,33,194,13
9827,2025-09-16,P017,194,0,34,160,12
9828,2025-09-17,P017,160,0,36,124,15
9829,2025-09-18,P017,124,156,45,235,6
9830,2025-09-19,P017,235,0,36,199,9
9831,2025-09-20,P017,199,0,32,167,4
9832,2025-09-21,P017,167,0,31,136,3
9833,2025-09-22,P017,136,102,39,199,6
9834,2025-09-23,P017,199,0,37,162,3
9835,2025-09-24,P017,162,0,53,109,12
9836,2025-09-25,P017,109,0,48,61,4
9837,2025-09-26,P017,61,0,45,16,6
9838,2025-09-27,P017,16,173,52,173,11
9839,2025-09-28,P017,173,0,33,140,7
9840,2025-09-29,P017,140,0,33,107,9
9841,2025-09-30,P017,107,103,33,177,10
9842,2025-10-01,P017,177,0,44,133,13
9843,2025-10-02,P017,133,102,36,199,14
9844,2025-10-03,P017,199,0,35,164,7
9845,2025-10-04,P017,164,0,33,131,11
9846,2025-10-05,P017,131,121,34,218,12
9847,2025-10-06,P017,218,0,41,177,14
9848,2025-10-07,P017,177,0,41,136,10
9849,2025-10-08,P017,136,0,33,103,12
9850,2025-10-09,P017,103,122,42,183,0
9851,2025-10-10,P017,183,0,36,147,11
9852,2025-10-11,P017,147,0,35,112,7
9853,2025-10-12,P017,112,104,36,180,6
9854,2025-10-13,P017,180,0,37,143,12
9855,2025-10-14,P017,143,0,35,108,3
9856,2025-10-15,P017,108,102,44,166,8
9857,2025-10-16,P017,166,0,34,132,13
9858,2025-10-17,P017,132,0,39,93,0
9859,2025-10-18,P017,93,0,46,47,10
9860,2025-10-19,P017,47,102,41,108,3
9861,2025-10-20,P017,108,0,41,67,10
9862,2025-10-21,P017,67,179,42,204,15
9863,2025-10-22,P017,204,0,43,161,5
9864,2025-10-23,P017,161,0,32,129,12
9865,2025-10-24,P017,129,153,42,240,4
9866,2025-10-25,P017,240,0,36,204,14
9867,2025-10-26,P017,204,0,36,168,3
9868,2025-10-27,P017,168,0,38,130,13
9869,2025-10-28,P017,130,0,40,90,11
9870,2025-10-29,P017,90,101,38,153,11
9871,2025-10-30,P017,153,0,39,114,7
9872,2025-10-31,P017,114,0,32,82,10
9873,2025-11-01,P017,82,0,41,41,2
9874,2025-11-02,P017,41,163,39,165,5
9875,2025-11-03,P017,165,0,39,126,7
9876,2025-11-04,P017,126,133,46,213,5
9877,2025-11-05,P017,213,0,47,166,8
9878,2025-11-06,P017,166,0,35,131,14
9879,2025-11-07,P017,131,0,34,97,4
9880,2025-11-08,P017,97,169,40,226,3
9881,2025-11-09,P017,226,0,42,184,10
9882,2025-11-10,P017,184,0,39,145,15
9883,2025-11-11,P017,145,0,32,113,9
9884,2025-11-12,P017,113,141,42,212,2
9885,2025-11-13,P017,212,0,42,170,9
9886,2025-11-14,P017,170,0,32,138,13
9887,2025-11-15,P017,138,0,32,106,11
9888,2025-11-16,P017,106,114,34,186,12
9889,2025-11-17,P017,186,0,40,146,0
9890,2025-11-18,P017,146,123,54,215,8
9891,2025-11-19,P017,215,0,44,171,15
9892,2025-11-20,P017,171,0,46,125,9
9893,2025-11-21,P017,125,163,36,252,4
9894,2025-11-22,P017,252,0,33,219,13
9895,2025-11-23,P017,219,0,32,187,7
9896,2025-11-24,P017,187,0,37,150,11
9897,2025-11-25,P017,150,0,38,112,4
9898,2025-11-26,P017,112,117,36,193,0
9899,2025-11-27,P017,193,0,48,145,5
9900,2025-11-28,P017,145,0,58,87,3
9901,2025-11-29,P017,87,104,38,153,4
9902,2025-11-30,P017,153,0,38,115,11
9903,2025-12-01,P017,115,101,36,180,4
9904,2025-12-02,P017,180,0,39,141,0
9905,2025-12-03,P017,141,153,59,235,1
9906,2025-12-04,P017,235,0,32,203,15
9907,2025-12-05,P017,203,0,42,161,5
9908,2025-12-06,P017,161,0,45,116,10
9909,2025-12-07,P017,116,148,39,225,15
9910,2025-12-08,P017,225,0,44,181,0
9911,2025-12-09,P017,181,0,42,139,14
9912,2025-12-10,P017,139,0,47,92,10
9913,2025-12-11,P017,92,155,35,212,2
9914,2025-12-12,P017,212,0,41,171,12
9915,2025-12-13,P017,171,0,36,135,2
9916,2025-12-14,P017,135,0,35,100,7
9917,2025-12-15,P017,100,119,48,171,3
9918,2025-12-16,P017,171,0,35,136,14
9919,2025-12-17,P017,136,0,37,99,2
9920,2025-12-18,P017,99,123,42,180,12
9921,2025-12-19,P017,180,0,35,145,13
9922,2025-12-20,P017,145,0,38,107,12
9923,2025-12-21,P017,107,160,26,241,8
9924,2025-12-22,P017,241,0,44,197,4
9925,2025-12-23,P017,197,0,41,156,5
9926,2025-12-24,P017,156,0,35,121,7
9927,2025-12-25,P017,121,0,37,84,7
9928,2025-12-26,P017,84,0,40,44,9
9929,2025-12-27,P017,44,139,40,143,12
9930,2025-12-28,P017,143,0,38,105,2
9931,2025-12-29,P017,105,172,35,242,10
9932,2025-12-30,P017,242,0,33,209,9
9933,2025-12-31,P017,209,0,41,168,11
9934,2026-01-01,P017,168,0,31,137,14
9935,2026-01-02,P017,137,0,34,103,2
9936,2026-01-03,P017,103,110,32,181,14
9937,2026-01-04,P017,181,0,37,144,0
9938,2026-01-05,P017,144,0,40,104,9
9939,2026-01-06,P017,104,132,27,209,9
9940,2026-01-07,P017,209,0,28,181,2
9941,2026-01-08,P017,181,0,39,142,11
9942,2026-01-09,P017,142,0,40,102,6
9943,2026-01-10,P017,102,115,36,181,8
9944,2026-01-11,P017,181,0,36,145,10
9945,2026-01-12,P017,145,0,32,113,2
9946,2026-01-13,P017,113,169,27,255,6
9947,2026-01-14,P017,255,0,25,230,2
9948,2026-01-15,P017,230,0,34,196,7
9949,2026-01-16,P017,196,0,35,161,4
9950,2026-01-17,P017,161,0,41,120,3
9951,2026-01-18,P017,120,0,32,88,3
9952,2026-01-19,P017,88,160,34,214,1
9953,2026-01-20,P017,214,0,32,182,9
9954,2026-01-21,P017,182,0,31,151,3
9955,2026-01-22,P017,151,0,36,115,11
9956,2026-01-23,P017,115,113,39,189,0
9957,2026-01-24,P017,189,0,33,156,1
9958,2026-01-25,P017,156,0,25,131,15
9959,2026-01-26,P017,131,107,38,200,14
9960,2026-01-27,P017,200,0,37,163,12
9961,2026-01-28,P017,163,0,32,131,11
9962,2026-01-29,P017,131,137,32,236,1
9963,2026-01-30,P017,236,0,36,200,13
9964,2026-01-31,P017,200,0,30,170,9
9965,2026-02-01,P017,170,0,34,136,1
9966,2026-02-02,P017,136,0,35,101,1
9967,2026-02-03,P017,101,136,34,203,9
9968,2026-02-04,P017,203,0,32,171,11
9969,2026-02-05,P017,171,0,36,135,3
9970,2026-02-06,P017,135,0,31,104,4
9971,2026-02-07,P017,104,121,29,196,15
9972,2026-02-08,P017,196,0,35,161,4
9973,2026-02-09,P017,161,0,38,123,8
9974,2026-02-10,P017,123,168,37,254,2
9975,2026-02-11,P017,254,0,42,212,3
9976,2026-02-12,P017,212,0,34,178,13
9977,2026-02-13,P017,178,0,43,135,13
9978,2026-02-14,P017,135,0,28,107,9
9979,2026-02-15,P017,107,176,27,256,15
9980,2026-02-16,P017,256,0,27,229,5
9981,2026-02-17,P017,229,0,32,197,8
9982,2026-02-18,P017,197,0,34,163,7
9983,2026-02-19,P017,163,0,39,124,4
9984,2026-02-20,P017,124,176,35,265,10
9985,2026-02-21,P017,265,0,26,239,15
9986,2026-02-22,P017,239,0,29,210,9
9987,2026-02-23,P017,210,0,35,175,11
9988,2026-02-24,P017,175,0,28,147,3
9989,2026-02-25,P017,147,0,33,114,7
9990,2026-02-26,P017,114,163,31,246,11
9991,2026-02-27,P017,246,0,42,204,6
9992,2026-02-28,P017,204,0,30,174,7
9993,2026-03-01,P017,174,0,37,137,8
9994,2026-03-02,P017,137,0,32,105,11
9995,2026-03-03,P017,105,123,46,182,6
9996,2026-03-04,P017,182,0,40,142,2
9997,2026-03-05,P017,142,0,30,112,15
9998,2026-03-06,P017,112,175,32,255,8
9999,2026-03-07,P017,255,0,36,219,12
10000,2026-03-08,P017,219,0,37,182,14
10001,2026-03-09,P017,182,0,35,147,11
10002,2026-03-10,P017,147,0,36,111,13
10003,2026-03-11,P017,111,178,48,241,4
10004,2026-03-12,P017,241,0,36,205,5
10005,2026-03-13,P017,205,0,42,163,9
10006,2026-03-14,P017,163,0,30,133,14
10007,2026-03-15,P017,133,104,39,198,15
10008,2026-03-16,P017,198,0,35,163,4
10009,2026-03-17,P017,163,0,36,127,10
10010,2026-03-18,P017,127,173,43,257,14
10011,2026-03-19,P017,257,0,38,219,11
10012,2026-03-20,P017,219,0,40,179,2
10013,2026-03-21,P017,179,0,27,152,6
10014,2026-03-22,P017,152,0,29,123,2
10015,2026-03-23,P017,123,135,43,215,13
10016,2026-03-24,P017,215,0,36,179,6
10017,2026-03-25,P017,179,0,32,147,13
10018,2026-03-26,P017,147,0,36,111,15
10019,2026-03-27,P017,111,119,36,194,3
10020,2026-03-28,P017,194,0,40,154,6
10021,2026-03-29,P017,154,0,41,113,13
10022,2026-03-30,P017,113,155,41,227,4
10023,2026-03-31,P017,227,0,44,183,9
10024,2026-04-01,P017,183,0,37,146,8
10025,2026-04-02,P017,146,0,40,106,8
10026,2026-04-03,P017,106,123,44,185,15
10027,2026-04-04,P017,185,0,34,151,4
10028,2026-04-05,P017,151,0,30,121,9
10029,2026-04-06,P017,121,162,31,252,12
10030,2026-04-07,P017,252,0,39,213,15
10031,2026-04-08,P017,213,0,41,172,10
10032,2026-04-09,P017,172,0,43,129,2
10033,2026-04-10,P017,129,136,40,225,7
10034,2026-04-11,P017,225,0,33,192,6
10035,2026-04-12,P017,192,0,23,169,7
10036,2026-04-13,P017,169,0,35,134,12
10037,2026-04-14,P017,134,126,35,225,13
10038,2026-04-15,P017,225,0,33,192,0
10039,2026-04-16,P017,192,0,40,152,2
10040,2026-04-17,P017,152,0,45,107,9
10041,2026-04-18,P017,107,0,30,77,15
10042,2026-04-19,P017,77,173,34,216,14
10043,2026-04-20,P017,216,0,39,177,15
10044,2026-04-21,P017,177,0,37,140,2
10045,2026-04-22,P017,140,0,31,109,8
10046,2026-04-23,P017,109,0,38,71,8
10047,2026-04-24,P017,71,146,38,179,12
10048,2026-04-25,P017,179,0,33,146,2
10049,2026-04-26,P017,146,0,32,114,8
10050,2026-04-27,P017,114,178,41,251,14
10051,2026-04-28,P017,251,0,31,220,14
10052,2026-04-29,P017,220,0,40,180,9
10053,2026-04-30,P017,180,0,34,146,2
10054,2026-05-01,P017,146,0,31,115,9
10055,2026-05-02,P017,115,118,25,208,12
10056,2026-05-03,P017,208,0,34,174,8
10057,2026-05-04,P017,174,0,34,140,0
10058,2026-05-05,P017,140,0,27,113,10
10059,2026-05-06,P017,113,0,35,78,7
10060,2026-05-07,P017,78,0,40,38,4
10061,2026-05-08,P017,38,0,34,4,1
10062,2026-05-09,P017,4,0,34,0,0
10063,2026-05-10,P017,0,0,37,0,0
10064,2026-05-11,P017,0,162,43,162,6
10065,2026-05-12,P017,162,0,31,131,1
10066,2026-05-13,P017,131,158,33,256,5
10067,2026-05-14,P017,256,0,36,220,3
10068,2026-05-15,P017,220,0,36,184,13
10069,2026-05-16,P017,184,0,32,152,8
10070,2026-05-17,P017,152,0,32,120,10
10071,2026-05-18,P017,120,128,41,207,4
10072,2026-05-19,P017,207,0,33,174,13
10073,2026-05-20,P017,174,0,38,136,2
10074,2026-05-21,P017,136,0,40,96,2
10075,2026-05-22,P017,96,132,37,191,7
10076,2026-05-23,P017,191,0,33,158,8
10077,2026-05-24,P017,158,0,30,128,11
10078,2026-05-25,P017,128,121,33,216,14
10079,2026-05-26,P017,216,0,40,176,3
10080,2026-05-27,P017,176,0,31,145,0
10081,2026-05-28,P017,145,0,40,105,11
10082,2026-05-29,P017,105,133,32,206,15
10083,2026-05-30,P017,206,0,35,171,1
10084,2026-05-31,P017,171,0,37,134,1
10085,2026-06-01,P017,134,153,38,249,15
10086,2026-06-02,P017,249,0,36,213,7
10087,2026-06-03,P017,213,0,33,180,0
10088,2026-06-04,P017,180,0,29,151,4
10089,2026-06-05,P017,151,0,35,116,13
10090,2026-06-06,P017,116,103,36,183,11
10091,2026-06-07,P017,183,0,31,152,13
10092,2026-06-08,P017,152,0,32,120,7
10093,2026-06-09,P017,120,150,28,242,8
10094,2026-06-10,P017,242,0,34,208,1
10095,2026-06-11,P017,208,0,35,173,14
10096,2026-06-12,P017,173,0,42,131,13
10097,2026-06-13,P017,131,169,36,264,5
10098,2026-06-14,P017,264,0,34,230,14
10099,2026-06-15,P017,230,0,35,195,2
10100,2026-06-16,P017,195,0,36,159,5
10101,2026-06-17,P017,159,0,44,115,5
10102,2026-06-18,P017,115,0,38,77,13
10103,2026-06-19,P017,77,102,28,151,12
10104,2026-06-20,P017,151,0,32,119,14
10105,2026-06-21,P017,119,0,30,89,11
10106,2026-06-22,P017,89,0,42,47,9
10107,2026-06-23,P017,47,163,37,173,8
10108,2026-06-24,P017,173,0,34,139,2
10109,2026-06-25,P017,139,0,42,97,13
10110,2026-06-26,P017,97,0,42,55,4
10111,2026-06-27,P017,55,0,28,27,8
10112,2026-06-28,P017,27,166,38,166,2
10113,2026-06-29,P017,166,0,34,132,4
10114,2026-06-30,P017,132,0,38,94,15
10115,2026-07-01,P017,94,158,32,220,14
10116,2026-07-02,P017,220,0,35,185,9
10117,2026-07-03,P017,185,0,36,149,5
10118,2026-07-04,P017,149,168,57,260,8
10119,2026-07-05,P017,260,0,30,230,6
10120,2026-07-06,P017,230,0,44,186,15
10121,2026-07-07,P017,186,0,50,136,15
10122,2026-07-08,P017,136,0,31,105,5
10123,2026-07-09,P017,105,159,37,227,11
10124,2026-07-10,P017,227,0,27,200,2
10125,2026-07-11,P017,200,0,30,170,8
10126,2026-07-12,P017,170,0,33,137,0
10127,2026-07-13,P017,137,0,37,100,12
10128,2026-07-14,P017,100,107,23,184,10
10129,2026-07-15,P017,184,0,37,147,0
10130,2026-07-16,P017,147,0,30,117,11
10131,2026-07-17,P017,117,154,37,234,9
10132,2026-07-18,P017,234,0,28,206,14
10133,2026-07-19,P017,206,0,28,178,1
10134,2026-07-20,P017,178,0,35,143,11
10135,2026-07-21,P017,143,0,32,111,8
10136,2026-07-22,P017,111,171,37,245,14
10137,2026-07-23,P017,245,0,32,213,10
10138,2026-07-24,P017,213,0,27,186,6
10139,2026-07-25,P017,186,0,35,151,8
10140,2026-07-26,P017,151,0,27,124,1
10141,2026-07-27,P017,124,180,34,270,6
10142,2026-07-28,P017,270,0,46,224,5
10143,2026-07-29,P017,224,0,37,187,9
10144,2026-07-30,P017,187,0,35,152,11
10145,2026-07-31,P017,152,0,46,106,12
10146,2026-08-01,P017,106,0,41,65,7
10147,2026-08-02,P017,65,167,30,202,2
10148,2026-08-03,P017,202,0,41,161,15
10149,2026-08-04,P017,161,0,34,127,2
10150,2026-08-05,P017,127,0,40,87,1
10151,2026-08-06,P017,87,118,44,161,3
10152,2026-08-07,P017,161,0,41,120,8
10153,2026-08-08,P017,120,125,51,194,8
10154,2026-08-09,P017,194,0,32,162,15
10155,2026-08-10,P017,162,0,43,119,14
10156,2026-08-11,P017,119,180,59,240,7
10157,2026-08-12,P017,240,0,41,199,6
10158,2026-08-13,P017,199,0,39,160,12
10159,2026-08-14,P017,160,0,45,115,14
10160,2026-08-15,P017,115,129,48,196,11
10161,2026-08-16,P017,196,0,31,165,9
10162,2026-08-17,P017,165,0,42,123,10
10163,2026-08-18,P017,123,104,43,184,13
10164,2026-08-19,P017,184,0,48,136,15
10165,2026-08-20,P017,136,0,33,103,3
10166,2026-08-21,P017,103,118,46,175,7
10167,2025-01-01,P018,296,0,38,258,3
10168,2025-01-02,P018,258,0,38,220,3
10169,2025-01-03,P018,220,0,28,192,13
10170,2025-01-04,P018,192,0,27,165,15
10171,2025-01-05,P018,165,0,35,130,12
10172,2025-01-06,P018,130,177,36,271,10
10173,2025-01-07,P018,271,0,35,236,7
10174,2025-01-08,P018,236,0,34,202,7
10175,2025-01-09,P018,202,0,30,172,11
10176,2025-01-10,P018,172,0,32,140,12
10177,2025-01-11,P018,140,186,28,298,5
10178,2025-01-12,P018,298,0,30,268,5
10179,2025-01-13,P018,268,0,38,230,5
10180,2025-01-14,P018,230,0,37,193,14
10181,2025-01-15,P018,193,0,31,162,0
10182,2025-01-16,P018,162,0,44,118,15
10183,2025-01-17,P018,118,182,35,265,7
10184,2025-01-18,P018,265,0,31,234,1
10185,2025-01-19,P018,234,0,26,208,9
10186,2025-01-20,P018,208,0,44,164,5
10187,2025-01-21,P018,164,0,28,136,10
10188,2025-01-22,P018,136,0,28,108,14
10189,2025-01-23,P018,108,0,36,72,1
10190,2025-01-24,P018,72,147,41,178,13
10191,2025-01-25,P018,178,0,26,152,2
10192,2025-01-26,P018,152,0,32,120,1
10193,2025-01-27,P018,120,153,37,236,13
10194,2025-01-28,P018,236,0,32,204,7
10195,2025-01-29,P018,204,0,31,173,12
10196,2025-01-30,P018,173,0,35,138,7
10197,2025-01-31,P018,138,122,34,226,2
10198,2025-02-01,P018,226,0,32,194,11
10199,2025-02-02,P018,194,0,33,161,9
10200,2025-02-03,P018,161,136,45,252,2
10201,2025-02-04,P018,252,0,34,218,8
10202,2025-02-05,P018,218,0,33,185,2
10203,2025-02-06,P018,185,0,35,150,5
10204,2025-02-07,P018,150,188,33,305,13
10205,2025-02-08,P018,305,0,29,276,14
10206,2025-02-09,P018,276,0,33,243,6
10207,2025-02-10,P018,243,0,39,204,3
10208,2025-02-11,P018,204,0,27,177,8
10209,2025-02-12,P018,177,0,33,144,3
10210,2025-02-13,P018,144,0,37,107,8
10211,2025-02-14,P018,107,139,32,214,13
10212,2025-02-15,P018,214,0,31,183,10
10213,2025-02-16,P018,183,0,31,152,3
10214,2025-02-17,P018,152,0,32,120,3
10215,2025-02-18,P018,120,209,25,304,1
10216,2025-02-19,P018,304,0,29,275,5
10217,2025-02-20,P018,275,0,36,239,0
10218,2025-02-21,P018,239,0,22,217,5
10219,2025-02-22,P018,217,0,33,184,6
10220,2025-02-23,P018,184,0,31,153,2
10221,2025-02-24,P018,153,202,38,317,5
10222,2025-02-25,P018,317,0,32,285,3
10223,2025-02-26,P018,285,0,25,260,0
10224,2025-02-27,P018,260,0,34,226,13
10225,2025-02-28,P018,226,0,38,188,2
10226,2025-03-01,P018,188,0,34,154,4
10227,2025-03-02,P018,154,0,28,126,9
10228,2025-03-03,P018,126,0,35,91,4
10229,2025-03-04,P018,91,134,33,192,9
10230,2025-03-05,P018,192,0,31,161,7
10231,2025-03-06,P018,161,0,38,123,10
10232,2025-03-07,P018,123,196,30,289,15
10233,2025-03-08,P018,289,0,27,262,7
10234,2025-03-09,P018,262,0,26,236,0
10235,2025-03-10,P018,236,0,28,208,1
10236,2025-03-11,P018,208,0,35,173,13
10237,2025-03-12,P018,173,0,40,133,10
10238,2025-03-13,P018,133,181,33,281,6
10239,2025-03-14,P018,281,0,29,252,1
10240,2025-03-15,P018,252,0,34,218,3
10241,2025-03-16,P018,218,0,37,181,13
10242,2025-03-17,P018,181,0,32,149,10
10243,2025-03-18,P018,149,166,32,283,13
10244,2025-03-19,P018,283,0,37,246,6
10245,2025-03-20,P018,246,0,45,201,5
10246,2025-03-21,P018,201,0,32,169,8
10247,2025-03-22,P018,169,0,26,143,11
10248,2025-03-23,P018,143,120,33,230,11
10249,2025-03-24,P018,230,0,37,193,7
10250,2025-03-25,P018,193,0,35,158,13
10251,2025-03-26,P018,158,0,33,125,0
10252,2025-03-27,P018,125,174,39,260,3
10253,2025-03-28,P018,260,0,37,223,10
10254,2025-03-29,P018,223,0,28,195,8
10255,2025-03-30,P018,195,0,31,164,0
10256,2025-03-31,P018,164,0,29,135,11
10257,2025-04-01,P018,135,132,37,230,14
10258,2025-04-02,P018,230,0,33,197,15
10259,2025-04-03,P018,197,0,33,164,5
10260,2025-04-04,P018,164,0,35,129,13
10261,2025-04-05,P018,129,139,30,238,5
10262,2025-04-06,P018,238,0,34,204,7
10263,2025-04-07,P018,204,0,41,163,9
10264,2025-04-08,P018,163,0,34,129,13
10265,2025-04-09,P018,129,189,37,281,9
10266,2025-04-10,P018,281,0,37,244,8
10267,2025-04-11,P018,244,0,33,211,13
10268,2025-04-12,P018,211,0,31,180,2
10269,2025-04-13,P018,180,0,30,150,14
10270,2025-04-14,P018,150,177,38,289,9
10271,2025-04-15,P018,289,0,33,256,7
10272,2025-04-16,P018,256,0,33,223,0
10273,2025-04-17,P018,223,0,43,180,14
10274,2025-04-18,P018,180,0,38,142,12
10275,2025-04-19,P018,142,200,35,307,12
10276,2025-04-20,P018,307,0,32,275,14
10277,2025-04-21,P018,275,0,36,239,8
10278,2025-04-22,P018,239,0,36,203,0
10279,2025-04-23,P018,203,0,35,168,0
10280,2025-04-24,P018,168,0,40,128,3
10281,2025-04-25,P018,128,212,37,303,9
10282,2025-04-26,P018,303,0,33,270,14
10283,2025-04-27,P018,270,0,39,231,13
10284,2025-04-28,P018,231,0,36,195,12
10285,2025-04-29,P018,195,0,36,159,11
10286,2025-04-30,P018,159,0,36,123,6
10287,2025-05-01,P018,123,168,34,257,0
10288,2025-05-02,P018,257,0,34,223,14
10289,2025-05-03,P018,223,0,31,192,2
10290,2025-05-04,P018,192,0,27,165,4
10291,2025-05-05,P018,165,0,29,136,8
10292,2025-05-06,P018,136,0,28,108,1
10293,2025-05-07,P018,108,152,29,231,15
10294,2025-05-08,P018,231,0,32,199,12
10295,2025-05-09,P018,199,0,34,165,11
10296,2025-05-10,P018,165,0,29,136,4
10297,2025-05-11,P018,136,0,21,115,11
10298,2025-05-12,P018,115,143,40,218,9
10299,2025-05-13,P018,218,0,37,181,14
10300,2025-05-14,P018,181,0,36,145,3
10301,2025-05-15,P018,145,144,41,248,2
10302,2025-05-16,P018,248,0,29,219,9
10303,2025-05-17,P018,219,0,36,183,7
10304,2025-05-18,P018,183,0,29,154,14
10305,2025-05-19,P018,154,156,35,275,10
10306,2025-05-20,P018,275,0,28,247,5
10307,2025-05-21,P018,247,0,34,213,12
10308,2025-05-22,P018,213,0,47,166,1
10309,2025-05-23,P018,166,0,33,133,12
10310,2025-05-24,P018,133,123,31,225,14
10311,2025-05-25,P018,225,0,30,195,10
10312,2025-05-26,P018,195,0,32,163,1
10313,2025-05-27,P018,163,0,34,129,14
10314,2025-05-28,P018,129,193,36,286,14
10315,2025-05-29,P018,286,0,31,255,10
10316,2025-05-30,P018,255,0,38,217,4
10317,2025-05-31,P018,217,0,34,183,5
10318,2025-06-01,P018,183,0,23,160,2
10319,2025-06-02,P018,160,0,38,122,14
10320,2025-06-03,P018,122,172,43,251,13
10321,2025-06-04,P018,251,0,34,217,15
10322,2025-06-05,P018,217,0,35,182,14
10323,2025-06-06,P018,182,0,39,143,9
10324,2025-06-07,P018,143,0,29,114,2
10325,2025-06-08,P018,114,145,30,229,0
10326,2025-06-09,P018,229,0,28,201,2
10327,2025-06-10,P018,201,0,34,167,12
10328,2025-06-11,P018,167,0,35,132,6
10329,2025-06-12,P018,132,175,37,270,8
10330,2025-06-13,P018,270,0,39,231,4
10331,2025-06-14,P018,231,0,27,204,13
10332,2025-06-15,P018,204,0,29,175,7
10333,2025-06-16,P018,175,0,41,134,6
10334,2025-06-17,P018,134,190,33,291,3
10335,2025-06-18,P018,291,0,35,256,7
10336,2025-06-19,P018,256,0,33,223,10
10337,2025-06-20,P018,223,0,30,193,10
10338,2025-06-21,P018,193,0,35,158,13
10339,2025-06-22,P018,158,0,27,131,11
10340,2025-06-23,P018,131,179,28,282,4
10341,2025-06-24,P018,282,0,32,250,15
10342,2025-06-25,P018,250,0,26,224,3
10343,2025-06-26,P018,224,0,31,193,8
10344,2025-06-27,P018,193,0,30,163,3
10345,2025-06-28,P018,163,0,32,131,9
10346,2025-06-29,P018,131,0,28,103,12
10347,2025-06-30,P018,103,206,38,271,7
10348,2025-07-01,P018,271,0,38,233,1
10349,2025-07-02,P018,233,0,38,195,5
10350,2025-07-03,P018,195,0,34,161,12
10351,2025-07-04,P018,161,0,35,126,15
10352,2025-07-05,P018,126,196,24,298,9
10353,2025-07-06,P018,298,0,30,268,13
10354,2025-07-07,P018,268,0,30,238,2
10355,2025-07-08,P018,238,0,40,198,13
10356,2025-07-09,P018,198,0,44,154,14
10357,2025-07-10,P018,154,131,44,241,13
10358,2025-07-11,P018,241,0,26,215,8
10359,2025-07-12,P018,215,0,29,186,2
10360,2025-07-13,P018,186,0,31,155,3
10361,2025-07-14,P018,155,0,33,122,8
10362,2025-07-15,P018,122,0,30,92,1
10363,2025-07-16,P018,92,204,35,261,2
10364,2025-07-17,P018,261,0,30,231,4
10365,2025-07-18,P018,231,0,31,200,7
10366,2025-07-19,P018,200,0,31,169,13
10367,2025-07-20,P018,169,0,27,142,6
10368,2025-07-21,P018,142,138,36,244,0
10369,2025-07-22,P018,244,0,28,216,5
10370,2025-07-23,P018,216,0,41,175,14
10371,2025-07-24,P018,175,0,31,144,0
10372,2025-07-25,P018,144,129,33,240,6
10373,2025-07-26,P018,240,0,30,210,9
10374,2025-07-27,P018,210,0,28,182,15
10375,2025-07-28,P018,182,0,34,148,4
10376,2025-07-29,P018,148,125,35,238,13
10377,2025-07-30,P018,238,0,37,201,15
10378,2025-07-31,P018,201,0,37,164,7
10379,2025-08-01,P018,164,0,39,125,13
10380,2025-08-02,P018,125,164,37,252,2
10381,2025-08-03,P018,252,0,47,205,13
10382,2025-08-04,P018,205,0,55,150,11
10383,2025-08-05,P018,150,169,37,282,14
10384,2025-08-06,P018,282,0,42,240,0
10385,2025-08-07,P018,240,0,38,202,7
10386,2025-08-08,P018,202,0,39,163,5
10387,2025-08-09,P018,163,0,30,133,15
10388,2025-08-10,P018,133,196,35,294,2
10389,2025-08-11,P018,294,0,49,245,9
10390,2025-08-12,P018,245,0,45,200,7
10391,2025-08-13,P018,200,0,30,170,7
10392,2025-08-14,P018,170,176,59,287,10
10393,2025-08-15,P018,287,0,45,242,0
10394,2025-08-16,P018,242,0,33,209,10
10395,2025-08-17,P018,209,0,40,169,7
10396,2025-08-18,P018,169,0,36,133,0
10397,2025-08-19,P018,133,200,39,294,6
10398,2025-08-20,P018,294,0,47,247,6
10399,2025-08-21,P018,247,0,39,208,12
10400,2025-08-22,P018,208,0,32,176,1
10401,2025-08-23,P018,176,0,35,141,3
10402,2025-08-24,P018,141,182,38,285,3
10403,2025-08-25,P018,285,0,46,239,11
10404,2025-08-26,P018,239,0,40,199,2
10405,2025-08-27,P018,199,0,40,159,2
10406,2025-08-28,P018,159,0,48,111,5
10407,2025-08-29,P018,111,0,41,70,1
10408,2025-08-30,P018,70,214,34,250,5
10409,2025-08-31,P018,250,0,47,203,9
10410,2025-09-01,P018,203,0,43,160,2
10411,2025-09-02,P018,160,124,43,241,9
10412,2025-09-03,P018,241,0,41,200,6
10413,2025-09-04,P018,200,0,37,163,14
10414,2025-09-05,P018,163,0,43,120,8
10415,2025-09-06,P018,120,177,38,259,12
10416,2025-09-07,P018,259,0,37,222,13
10417,2025-09-08,P018,222,0,46,176,7
10418,2025-09-09,P018,176,0,41,135,9
10419,2025-09-10,P018,135,130,44,221,4
10420,2025-09-11,P018,221,0,40,181,15
10421,2025-09-12,P018,181,0,45,136,10
10422,2025-09-13,P018,136,0,38,98,8
10423,2025-09-14,P018,98,140,37,201,15
10424,2025-09-15,P018,201,0,41,160,14
10425,2025-09-16,P018,160,0,36,124,11
10426,2025-09-17,P018,124,177,43,258,5
10427,2025-09-18,P018,258,0,43,215,5
10428,2025-09-19,P018,215,0,40,175,14
10429,2025-09-20,P018,175,0,40,135,1
10430,2025-09-21,P018,135,195,31,299,4
10431,2025-09-22,P018,299,0,50,249,8
10432,2025-09-23,P018,249,0,48,201,12
10433,2025-09-24,P018,201,0,43,158,14
10434,2025-09-25,P018,158,160,41,277,15
10435,2025-09-26,P018,277,0,44,233,12
10436,2025-09-27,P018,233,0,36,197,6
10437,2025-09-28,P018,197,0,31,166,7
10438,2025-09-29,P018,166,0,38,128,15
10439,2025-09-30,P018,128,208,48,288,2
10440,2025-10-01,P018,288,0,38,250,6
10441,2025-10-02,P018,250,0,45,205,10
10442,2025-10-03,P018,205,0,38,167,3
10443,2025-10-04,P018,167,0,33,134,14
10444,2025-10-05,P018,134,190,31,293,14
10445,2025-10-06,P018,293,0,45,248,3
10446,2025-10-07,P018,248,0,39,209,13
10447,2025-10-08,P018,209,0,45,164,10
10448,2025-10-09,P018,164,0,34,130,1
10449,2025-10-10,P018,130,134,37,227,14
10450,2025-10-11,P018,227,0,36,191,1
10451,2025-10-12,P018,191,0,39,152,6
10452,2025-10-13,P018,152,176,36,292,12
10453,2025-10-14,P018,292,0,46,246,2
10454,2025-10-15,P018,246,0,47,199,6
10455,2025-10-16,P018,199,0,35,164,10
10456,2025-10-17,P018,164,0,36,128,5
10457,2025-10-18,P018,128,190,46,272,3
10458,2025-10-19,P018,272,0,46,226,13
10459,2025-10-20,P018,226,0,37,189,8
10460,2025-10-21,P018,189,0,48,141,10
10461,2025-10-22,P018,141,209,32,318,8
10462,2025-10-23,P018,318,0,35,283,10
10463,2025-10-24,P018,283,0,37,246,10
10464,2025-10-25,P018,246,0,33,213,9
10465,2025-10-26,P018,213,0,33,180,5
10466,2025-10-27,P018,180,0,38,142,14
10467,2025-10-28,P018,142,154,37,259,14
10468,2025-10-29,P018,259,0,45,214,11
10469,2025-10-30,P018,214,0,47,167,6
10470,2025-10-31,P018,167,0,46,121,14
10471,2025-11-01,P018,121,194,39,276,4
10472,2025-11-02,P018,276,0,35,241,1
10473,2025-11-03,P018,241,0,39,202,2
10474,2025-11-04,P018,202,0,35,167,9
10475,2025-11-05,P018,167,0,44,123,4
10476,2025-11-06,P018,123,0,36,87,5
10477,2025-11-07,P018,87,181,38,230,5
10478,2025-11-08,P018,230,0,42,188,11
10479,2025-11-09,P018,188,0,41,147,12
10480,2025-11-10,P018,147,205,53,299,10
10481,2025-11-11,P018,299,0,43,256,0
10482,2025-11-12,P018,256,0,40,216,12
10483,2025-11-13,P018,216,0,34,182,13
10484,2025-11-14,P018,182,0,44,138,0
10485,2025-11-15,P018,138,130,40,228,12
10486,2025-11-16,P018,228,0,34,194,11
10487,2025-11-17,P018,194,0,40,154,10
10488,2025-11-18,P018,154,171,44,281,11
10489,2025-11-19,P018,281,0,35,246,3
10490,2025-11-20,P018,246,0,36,210,2
10491,2025-11-21,P018,210,0,36,174,11
10492,2025-11-22,P018,174,0,34,140,0
10493,2025-11-23,P018,140,166,32,274,11
10494,2025-11-24,P018,274,0,49,225,3
10495,2025-11-25,P018,225,0,42,183,1
10496,2025-11-26,P018,183,0,41,142,1
10497,2025-11-27,P018,142,203,33,312,0
10498,2025-11-28,P018,312,0,41,271,11
10499,2025-11-29,P018,271,0,38,233,13
10500,2025-11-30,P018,233,0,34,199,15
10501,2025-12-01,P018,199,0,45,154,15
10502,2025-12-02,P018,154,143,48,249,3
10503,2025-12-03,P018,249,0,42,207,6
10504,2025-12-04,P018,207,0,43,164,13
10505,2025-12-05,P018,164,0,39,125,0
10506,2025-12-06,P018,125,154,40,239,6
10507,2025-12-07,P018,239,0,32,207,1
10508,2025-12-08,P018,207,0,30,177,0
10509,2025-12-09,P018,177,0,42,135,13
10510,2025-12-10,P018,135,0,40,95,7
10511,2025-12-11,P018,95,137,34,198,7
10512,2025-12-12,P018,198,0,42,156,13
10513,2025-12-13,P018,156,134,48,242,0
10514,2025-12-14,P018,242,0,31,211,15
10515,2025-12-15,P018,211,0,42,169,14
10516,2025-12-16,P018,169,0,46,123,5
10517,2025-12-17,P018,123,0,33,90,2
10518,2025-12-18,P018,90,169,44,215,6
10519,2025-12-19,P018,215,0,35,180,0
10520,2025-12-20,P018,180,0,48,132,3
10521,2025-12-21,P018,132,131,35,228,13
10522,2025-12-22,P018,228,0,43,185,1
10523,2025-12-23,P018,185,0,32,153,0
10524,2025-12-24,P018,153,181,42,292,5
10525,2025-12-25,P018,292,0,43,249,3
10526,2025-12-26,P018,249,0,41,208,10
10527,2025-12-27,P018,208,0,34,174,6
10528,2025-12-28,P018,174,0,33,141,10
10529,2025-12-29,P018,141,205,46,300,1
10530,2025-12-30,P018,300,0,41,259,0
10531,2025-12-31,P018,259,0,48,211,6
10532,2026-01-01,P018,211,0,35,176,10
10533,2026-01-02,P018,176,0,32,144,14
10534,2026-01-03,P018,144,0,33,111,15
10535,2026-01-04,P018,111,0,29,82,5
10536,2026-01-05,P018,82,204,30,256,11
10537,2026-01-06,P018,256,0,38,218,10
10538,2026-01-07,P018,218,0,33,185,11
10539,2026-01-08,P018,185,0,29,156,0
10540,2026-01-09,P018,156,133,46,243,14
10541,2026-01-10,P018,243,0,25,218,0
10542,2026-01-11,P018,218,0,36,182,1
10543,2026-01-12,P018,182,0,38,144,10
10544,2026-01-13,P018,144,0,22,122,5
10545,2026-01-14,P018,122,153,33,242,4
10546,2026-01-15,P018,242,0,37,205,7
10547,2026-01-16,P018,205,0,34,171,4
10548,2026-01-17,P018,171,0,35,136,11
10549,2026-01-18,P018,136,153,29,260,6
10550,2026-01-19,P018,260,0,40,220,6
10551,2026-01-20,P018,220,0,35,185,8
10552,2026-01-21,P018,185,0,35,150,5
10553,2026-01-22,P018,150,0,29,121,6
10554,2026-01-23,P018,121,130,30,221,5
10555,2026-01-24,P018,221,0,38,183,9
10556,2026-01-25,P018,183,0,26,157,6
10557,2026-01-26,P018,157,138,39,256,10
10558,2026-01-27,P018,256,0,32,224,6
10559,2026-01-28,P018,224,0,34,190,7
10560,2026-01-29,P018,190,0,43,147,0
10561,2026-01-30,P018,147,200,35,312,2
10562,2026-01-31,P018,312,0,34,278,7
10563,2026-02-01,P018,278,0,31,247,4
10564,2026-02-02,P018,247,0,33,214,4
10565,2026-02-03,P018,214,0,44,170,15
10566,2026-02-04,P018,170,0,30,140,13
10567,2026-02-05,P018,140,121,41,220,8
10568,2026-02-06,P018,220,0,41,179,15
10569,2026-02-07,P018,179,0,29,150,8
10570,2026-02-08,P018,150,203,36,317,7
10571,2026-02-09,P018,317,0,28,289,0
10572,2026-02-10,P018,289,0,32,257,3
10573,2026-02-11,P018,257,0,29,228,3
10574,2026-02-12,P018,228,0,40,188,0
10575,2026-02-13,P018,188,0,29,159,14
10576,2026-02-14,P018,159,0,33,126,0
10577,2026-02-15,P018,126,191,33,284,15
10578,2026-02-16,P018,284,0,33,251,13
10579,2026-02-17,P018,251,0,36,215,12
10580,2026-02-18,P018,215,0,37,178,15
10581,2026-02-19,P018,178,0,29,149,9
10582,2026-02-20,P018,149,145,48,246,9
10583,2026-02-21,P018,246,0,30,216,6
10584,2026-02-22,P018,216,0,21,195,7
10585,2026-02-23,P018,195,0,34,161,11
10586,2026-02-24,P018,161,0,28,133,14
10587,2026-02-25,P018,133,148,41,240,14
10588,2026-02-26,P018,240,0,40,200,1
10589,2026-02-27,P018,200,0,36,164,2
10590,2026-02-28,P018,164,0,28,136,2
10591,2026-03-01,P018,136,207,30,313,1
10592,2026-03-02,P018,313,0,37,276,6
10593,2026-03-03,P018,276,0,36,240,6
10594,2026-03-04,P018,240,0,44,196,12
10595,2026-03-05,P018,196,0,41,155,2
10596,2026-03-06,P018,155,147,38,264,15
10597,2026-03-07,P018,264,0,44,220,10
10598,2026-03-08,P018,220,0,37,183,0
10599,2026-03-09,P018,183,0,38,145,13
10600,2026-03-10,P018,145,127,41,231,7
10601,2026-03-11,P018,231,0,71,160,7
10602,2026-03-12,P018,160,0,45,115,11
10603,2026-03-13,P018,115,134,33,216,12
10604,2026-03-14,P018,216,0,30,186,7
10605,2026-03-15,P018,186,0,34,152,15
10606,2026-03-16,P018,152,0,28,124,9
10607,2026-03-17,P018,124,0,41,83,11
10608,2026-03-18,P018,83,177,38,222,7
10609,2026-03-19,P018,222,0,41,181,13
10610,2026-03-20,P018,181,0,32,149,5
10611,2026-03-21,P018,149,150,42,257,0
10612,2026-03-22,P018,257,0,36,221,7
10613,2026-03-23,P018,221,0,43,178,8
10614,2026-03-24,P018,178,0,37,141,4
10615,2026-03-25,P018,141,120,37,224,5
10616,2026-03-26,P018,224,0,36,188,14
10617,2026-03-27,P018,188,0,42,146,7
10618,2026-03-28,P018,146,136,39,243,12
10619,2026-03-29,P018,243,0,37,206,4
10620,2026-03-30,P018,206,0,31,175,14
10621,2026-03-31,P018,175,0,38,137,4
10622,2026-04-01,P018,137,179,40,276,0
10623,2026-04-02,P018,276,0,37,239,4
10624,2026-04-03,P018,239,0,45,194,5
10625,2026-04-04,P018,194,0,38,156,9
10626,2026-04-05,P018,156,0,34,122,0
10627,2026-04-06,P018,122,211,47,286,15
10628,2026-04-07,P018,286,0,37,249,10
10629,2026-04-08,P018,249,0,40,209,2
10630,2026-04-09,P018,209,0,49,160,2
10631,2026-04-10,P018,160,143,45,258,7
10632,2026-04-11,P018,258,0,34,224,8
10633,2026-04-12,P018,224,0,33,191,0
10634,2026-04-13,P018,191,0,29,162,13
10635,2026-04-14,P018,162,0,41,121,11
10636,2026-04-15,P018,121,191,32,280,11
10637,2026-04-16,P018,280,0,43,237,12
10638,2026-04-17,P018,237,0,30,207,8
10639,2026-04-18,P018,207,0,33,174,11
10640,2026-04-19,P018,174,0,36,138,2
10641,2026-04-20,P018,138,176,40,274,2
10642,2026-04-21,P018,274,0,35,239,6
10643,2026-04-22,P018,239,0,47,192,1
10644,2026-04-23,P018,192,0,35,157,7
10645,2026-04-24,P018,157,0,35,122,5
10646,2026-04-25,P018,122,0,36,86,4
10647,2026-04-26,P018,86,157,40,203,9
10648,2026-04-27,P018,203,0,39,164,5
10649,2026-04-28,P018,164,0,33,131,5
10650,2026-04-29,P018,131,189,33,287,9
10651,2026-04-30,P018,287,0,38,249,6
10652,2026-05-01,P018,249,0,40,209,6
10653,2026-05-02,P018,209,0,30,179,4
10654,2026-05-03,P018,179,0,25,154,2
10655,2026-05-04,P018,154,0,34,120,7
10656,2026-05-05,P018,120,0,46,74,7
10657,2026-05-06,P018,74,127,46,155,1
10658,2026-05-07,P018,155,0,31,124,9
10659,2026-05-08,P018,124,141,42,223,10
10660,2026-05-09,P018,223,0,29,194,12
10661,2026-05-10,P018,194,0,47,147,0
10662,2026-05-11,P018,147,216,36,327,4
10663,2026-05-12,P018,327,0,37,290,6
10664,2026-05-13,P018,290,0,31,259,0
10665,2026-05-14,P018,259,0,40,219,10
10666,2026-05-15,P018,219,0,40,179,15
10667,2026-05-16,P018,179,0,35,144,5
10668,2026-05-17,P018,144,123,34,233,14
10669,2026-05-18,P018,233,0,34,199,11
10670,2026-05-19,P018,199,0,48,151,4
10671,2026-05-20,P018,151,208,37,322,5
10672,2026-05-21,P018,322,0,39,283,10
10673,2026-05-22,P018,283,0,35,248,11
10674,2026-05-23,P018,248,0,31,217,12
10675,2026-05-24,P018,217,0,25,192,6
10676,2026-05-25,P018,192,0,35,157,2
10677,2026-05-26,P018,157,175,41,291,0
10678,2026-05-27,P018,291,0,34,257,13
10679,2026-05-28,P018,257,0,35,222,5
10680,2026-05-29,P018,222,0,44,178,7
10681,2026-05-30,P018,178,0,30,148,3
10682,2026-05-31,P018,148,187,31,304,15
10683,2026-06-01,P018,304,0,35,269,9
10684,2026-06-02,P018,269,0,39,230,9
10685,2026-06-03,P018,230,0,27,203,7
10686,2026-06-04,P018,203,0,35,168,15
10687,2026-06-05,P018,168,0,28,140,7
10688,2026-06-06,P018,140,149,29,260,11
10689,2026-06-07,P018,260,0,37,223,13
10690,2026-06-08,P018,223,0,34,189,4
10691,2026-06-09,P018,189,0,31,158,15
10692,2026-06-10,P018,158,121,41,238,1
10693,2026-06-11,P018,238,0,44,194,15
10694,2026-06-12,P018,194,0,34,160,12
10695,2026-06-13,P018,160,0,38,122,7
10696,2026-06-14,P018,122,0,29,93,5
10697,2026-06-15,P018,93,178,52,219,7
10698,2026-06-16,P018,219,0,45,174,14
10699,2026-06-17,P018,174,0,40,134,12
10700,2026-06-18,P018,134,153,30,257,2
10701,2026-06-19,P018,257,0,48,209,7
10702,2026-06-20,P018,209,0,34,175,3
10703,2026-06-21,P018,175,0,33,142,8
10704,2026-06-22,P018,142,121,46,217,7
10705,2026-06-23,P018,217,0,40,177,15
10706,2026-06-24,P018,177,0,34,143,11
10707,2026-06-25,P018,143,198,41,300,9
10708,2026-06-26,P018,300,0,46,254,2
10709,2026-06-27,P018,254,0,29,225,9
10710,2026-06-28,P018,225,0,30,195,7
10711,2026-06-29,P018,195,0,43,152,2
10712,2026-06-30,P018,152,0,42,110,0
10713,2026-07-01,P018,110,195,33,272,15
10714,2026-07-02,P018,272,0,28,244,9
10715,2026-07-03,P018,244,0,36,208,5
10716,2026-07-04,P018,208,0,25,183,11
10717,2026-07-05,P018,183,0,34,149,7
10718,2026-07-06,P018,149,145,44,250,14
10719,2026-07-07,P018,250,0,47,203,3
10720,2026-07-08,P018,203,0,37,166,8
10721,2026-07-09,P018,166,0,33,133,5
10722,2026-07-10,P018,133,156,31,258,0
10723,2026-07-11,P018,258,0,34,224,11
10724,2026-07-12,P018,224,0,34,190,13
10725,2026-07-13,P018,190,0,42,148,7
10726,2026-07-14,P018,148,143,32,259,10
10727,2026-07-15,P018,259,0,33,226,4
10728,2026-07-16,P018,226,0,34,192,2
10729,2026-07-17,P018,192,0,28,164,4
10730,2026-07-18,P018,164,0,28,136,1
10731,2026-07-19,P018,136,156,29,263,2
10732,2026-07-20,P018,263,0,42,221,12
10733,2026-07-21,P018,221,0,34,187,8
10734,2026-07-22,P018,187,0,37,150,11
10735,2026-07-23,P018,150,167,31,286,11
10736,2026-07-24,P018,286,0,25,261,12
10737,2026-07-25,P018,261,0,41,220,8
10738,2026-07-26,P018,220,0,30,190,15
10739,2026-07-27,P018,190,0,38,152,1
10740,2026-07-28,P018,152,137,38,251,3
10741,2026-07-29,P018,251,0,39,212,14
10742,2026-07-30,P018,212,0,34,178,0
10743,2026-07-31,P018,178,0,33,145,7
10744,2026-08-01,P018,145,213,38,320,1
10745,2026-08-02,P018,320,0,50,270,8
10746,2026-08-03,P018,270,0,59,211,5
10747,2026-08-04,P018,211,0,42,169,7
10748,2026-08-05,P018,169,0,40,129,11
10749,2026-08-06,P018,129,121,33,217,4
10750,2026-08-07,P018,217,0,45,172,2
10751,2026-08-08,P018,172,0,42,130,13
10752,2026-08-09,P018,130,208,42,296,1
10753,2026-08-10,P018,296,0,35,261,13
10754,2026-08-11,P018,261,0,42,219,2
10755,2026-08-12,P018,219,0,45,174,7
10756,2026-08-13,P018,174,0,45,129,10
10757,2026-08-14,P018,129,146,74,201,12
10758,2026-08-15,P018,201,0,39,162,4
10759,2026-08-16,P018,162,0,42,120,4
10760,2026-08-17,P018,120,156,41,235,13
10761,2026-08-18,P018,235,0,45,190,5
10762,2026-08-19,P018,190,0,43,147,13
10763,2026-08-20,P018,147,172,44,275,3
10764,2026-08-21,P018,275,0,53,222,11
10765,2025-01-01,P019,300,0,66,234,15
10766,2025-01-02,P019,234,0,62,172,14
10767,2025-01-03,P019,172,0,36,136,4
10768,2025-01-04,P019,136,0,63,73,7
10769,2025-01-05,P019,73,174,54,193,2
10770,2025-01-06,P019,193,0,70,123,4
10771,2025-01-07,P019,123,218,79,262,9
10772,2025-01-08,P019,262,0,67,195,14
10773,2025-01-09,P019,195,0,62,133,5
10774,2025-01-10,P019,133,175,65,243,8
10775,2025-01-11,P019,243,0,61,182,8
10776,2025-01-12,P019,182,0,51,131,12
10777,2025-01-13,P019,131,158,46,243,10
10778,2025-01-14,P019,243,0,54,189,7
10779,2025-01-15,P019,189,0,59,130,12
10780,2025-01-16,P019,130,220,57,293,9
10781,2025-01-17,P019,293,0,48,245,9
10782,2025-01-18,P019,245,0,40,205,15
10783,2025-01-19,P019,205,0,52,153,0
10784,2025-01-20,P019,153,219,62,310,15
10785,2025-01-21,P019,310,0,67,243,9
10786,2025-01-22,P019,243,0,63,180,0
10787,2025-01-23,P019,180,138,64,254,5
10788,2025-01-24,P019,254,0,56,198,12
10789,2025-01-25,P019,198,0,39,159,0
10790,2025-01-26,P019,159,194,47,306,14
10791,2025-01-27,P019,306,0,90,216,1
10792,2025-01-28,P019,216,0,53,163,0
10793,2025-01-29,P019,163,187,66,284,2
10794,2025-01-30,P019,284,0,59,225,3
10795,2025-01-31,P019,225,0,62,163,0
10796,2025-02-01,P019,163,167,48,282,1
10797,2025-02-02,P019,282,0,38,244,4
10798,2025-02-03,P019,244,0,53,191,6
10799,2025-02-04,P019,191,0,57,134,4
10800,2025-02-05,P019,134,0,64,70,12
10801,2025-02-06,P019,70,233,52,251,0
10802,2025-02-07,P019,251,0,60,191,1
10803,2025-02-08,P019,191,0,60,131,3
10804,2025-02-09,P019,131,168,50,249,9
10805,2025-02-10,P019,249,0,63,186,12
10806,2025-02-11,P019,186,0,52,134,10
10807,2025-02-12,P019,134,219,52,301,2
10808,2025-02-13,P019,301,0,57,244,5
10809,2025-02-14,P019,244,0,52,192,8
10810,2025-02-15,P019,192,0,52,140,5
10811,2025-02-16,P019,140,0,45,95,13
10812,2025-02-17,P019,95,0,58,37,1
10813,2025-02-18,P019,37,209,56,209,2
10814,2025-02-19,P019,209,0,58,151,7
10815,2025-02-20,P019,151,153,66,238,3
10816,2025-02-21,P019,238,0,55,183,15
10817,2025-02-22,P019,183,0,51,132,5
10818,2025-02-23,P019,132,209,51,290,10
10819,2025-02-24,P019,290,0,56,234,4
10820,2025-02-25,P019,234,0,69,165,2
10821,2025-02-26,P019,165,185,50,300,14
10822,2025-02-27,P019,300,0,56,244,4
10823,2025-02-28,P019,244,0,46,198,6
10824,2025-03-01,P019,198,0,54,144,13
10825,2025-03-02,P019,144,185,46,283,14
10826,2025-03-03,P019,283,0,57,226,13
10827,2025-03-04,P019,226,0,57,169,11
10828,2025-03-05,P019,169,217,62,324,12
10829,2025-03-06,P019,324,0,56,268,7
10830,2025-03-07,P019,268,0,56,212,14
10831,2025-03-08,P019,212,0,62,150,15
10832,2025-03-09,P019,150,0,54,96,11
10833,2025-03-10,P019,96,222,56,262,14
10834,2025-03-11,P019,262,0,59,203,3
10835,2025-03-12,P019,203,0,72,131,2
10836,2025-03-13,P019,131,209,58,282,15
10837,2025-03-14,P019,282,0,56,226,4
10838,2025-03-15,P019,226,0,48,178,9
10839,2025-03-16,P019,178,144,50,272,14
10840,2025-03-17,P019,272,0,56,216,0
10841,2025-03-18,P019,216,0,51,165,13
10842,2025-03-19,P019,165,191,53,303,14
10843,2025-03-20,P019,303,0,70,233,8
10844,2025-03-21,P019,233,0,64,169,14
10845,2025-03-22,P019,169,182,51,300,14
10846,2025-03-23,P019,300,0,51,249,6
10847,2025-03-24,P019,249,0,69,180,5
10848,2025-03-25,P019,180,0,69,111,3
10849,2025-03-26,P019,111,138,58,191,10
10850,2025-03-27,P019,191,0,56,135,7
10851,2025-03-28,P019,135,136,55,216,15
10852,2025-03-29,P019,216,0,56,160,12
10853,2025-03-30,P019,160,219,51,328,5
10854,2025-03-31,P019,328,0,57,271,4
10855,2025-04-01,P019,271,0,54,217,0
10856,2025-04-02,P019,217,0,54,163,15
10857,2025-04-03,P019,163,205,63,305,10
10858,2025-04-04,P019,305,0,50,255,13
10859,2025-04-05,P019,255,0,59,196,5
10860,2025-04-06,P019,196,0,50,146,8
10861,2025-04-07,P019,146,161,58,249,4
10862,2025-04-08,P019,249,0,61,188,8
10863,2025-04-09,P019,188,223,61,350,3
10864,2025-04-10,P019,350,0,57,293,4
10865,2025-04-11,P019,293,0,60,233,7
10866,2025-04-12,P019,233,0,62,171,2
10867,2025-04-13,P019,171,217,63,325,2
10868,2025-04-14,P019,325,0,54,271,8
10869,2025-04-15,P019,271,0,55,216,5
10870,2025-04-16,P019,216,0,65,151,2
10871,2025-04-17,P019,151,196,70,277,4
10872,2025-04-18,P019,277,0,61,216,10
10873,2025-04-19,P019,216,0,58,158,8
10874,2025-04-20,P019,158,0,56,102,10
10875,2025-04-21,P019,102,217,94,225,3
10876,2025-04-22,P019,225,0,47,178,8
10877,2025-04-23,P019,178,157,65,270,4
10878,2025-04-24,P019,270,0,74,196,11
10879,2025-04-25,P019,196,197,67,326,12
10880,2025-04-26,P019,326,0,47,279,4
10881,2025-04-27,P019,279,0,47,232,1
10882,2025-04-28,P019,232,0,55,177,11
10883,2025-04-29,P019,177,154,56,275,8
10884,2025-04-30,P019,275,0,76,199,2
10885,2025-05-01,P019,199,0,65,134,11
10886,2025-05-02,P019,134,226,70,290,4
10887,2025-05-03,P019,290,0,45,245,6
10888,2025-05-04,P019,245,0,46,199,9
10889,2025-05-05,P019,199,0,67,132,9
10890,2025-05-06,P019,132,161,61,232,11
10891,2025-05-07,P019,232,0,59,173,4
10892,2025-05-08,P019,173,183,62,294,0
10893,2025-05-09,P019,294,0,56,238,14
10894,2025-05-10,P019,238,0,55,183,15
10895,2025-05-11,P019,183,0,50,133,2
10896,2025-05-12,P019,133,191,58,266,12
10897,2025-05-13,P019,266,0,48,218,9
10898,2025-05-14,P019,218,0,53,165,4
10899,2025-05-15,P019,165,208,52,321,3
10900,2025-05-16,P019,321,0,56,265,15
10901,2025-05-17,P019,265,0,46,219,1
10902,2025-05-18,P019,219,0,47,172,7
10903,2025-05-19,P019,172,146,48,270,9
10904,2025-05-20,P019,270,0,62,208,5
10905,2025-05-21,P019,208,0,59,149,5
10906,2025-05-22,P019,149,138,49,238,14
10907,2025-05-23,P019,238,0,52,186,14
10908,2025-05-24,P019,186,0,53,133,4
10909,2025-05-25,P019,133,225,48,310,2
10910,2025-05-26,P019,310,0,54,256,3
10911,2025-05-27,P019,256,0,59,197,14
10912,2025-05-28,P019,197,0,61,136,1
10913,2025-05-29,P019,136,150,63,223,9
10914,2025-05-30,P019,223,0,61,162,10
10915,2025-05-31,P019,162,0,45,117,12
10916,2025-06-01,P019,117,133,50,200,3
10917,2025-06-02,P019,200,0,57,143,5
10918,2025-06-03,P019,143,145,56,232,15
10919,2025-06-04,P019,232,0,50,182,5
10920,2025-06-05,P019,182,0,56,126,9
10921,2025-06-06,P019,126,0,68,58,5
10922,2025-06-07,P019,58,134,43,149,8
10923,2025-06-08,P019,149,141,63,227,11
10924,2025-06-09,P019,227,0,56,171,5
10925,2025-06-10,P019,171,226,68,329,15
10926,2025-06-11,P019,329,0,51,278,3
10927,2025-06-12,P019,278,0,54,224,15
10928,2025-06-13,P019,224,0,55,169,13
10929,2025-06-14,P019,169,174,45,298,12
10930,2025-06-15,P019,298,0,49,249,2
10931,2025-06-16,P019,249,0,56,193,11
10932,2025-06-17,P019,193,184,82,295,12
10933,2025-06-18,P019,295,0,49,246,8
10934,2025-06-19,P019,246,0,58,188,12
10935,2025-06-20,P019,188,173,62,299,0
10936,2025-06-21,P019,299,0,45,254,9
10937,2025-06-22,P019,254,0,56,198,10
10938,2025-06-23,P019,198,0,57,141,12
10939,2025-06-24,P019,141,130,42,229,13
10940,2025-06-25,P019,229,0,62,167,5
10941,2025-06-26,P019,167,159,64,262,12
10942,2025-06-27,P019,262,0,53,209,15
10943,2025-06-28,P019,209,0,56,153,9
10944,2025-06-29,P019,153,201,53,301,2
10945,2025-06-30,P019,301,0,66,235,15
10946,2025-07-01,P019,235,0,66,169,2
10947,2025-07-02,P019,169,139,53,255,6
10948,2025-07-03,P019,255,0,65,190,13
10949,2025-07-04,P019,190,0,55,135,7
10950,2025-07-05,P019,135,166,67,234,6
10951,2025-07-06,P019,234,0,49,185,3
10952,2025-07-07,P019,185,145,64,266,2
10953,2025-07-08,P019,266,0,67,199,4
10954,2025-07-09,P019,199,0,59,140,15
10955,2025-07-10,P019,140,185,56,269,9
10956,2025-07-11,P019,269,0,59,210,10
10957,2025-07-12,P019,210,0,38,172,9
10958,2025-07-13,P019,172,197,52,317,6
10959,2025-07-14,P019,317,0,61,256,0
10960,2025-07-15,P019,256,0,60,196,8
10961,2025-07-16,P019,196,0,37,159,15
10962,2025-07-17,P019,159,141,51,249,0
10963,2025-07-18,P019,249,0,54,195,7
10964,2025-07-19,P019,195,0,52,143,1
10965,2025-07-20,P019,143,158,54,247,15
10966,2025-07-21,P019,247,0,58,189,3
10967,2025-07-22,P019,189,195,63,321,10
10968,2025-07-23,P019,321,0,50,271,0
10969,2025-07-24,P019,271,0,65,206,5
10970,2025-07-25,P019,206,181,77,310,14
10971,2025-07-26,P019,310,0,56,254,1
10972,2025-07-27,P019,254,0,50,204,13
10973,2025-07-28,P019,204,0,73,131,8
10974,2025-07-29,P019,131,130,61,200,6
10975,2025-07-30,P019,200,0,53,147,0
10976,2025-07-31,P019,147,170,59,258,15
10977,2025-08-01,P019,258,0,80,178,14
10978,2025-08-02,P019,178,221,56,343,2
10979,2025-08-03,P019,343,0,69,274,9
10980,2025-08-04,P019,274,0,91,183,0
10981,2025-08-05,P019,183,0,49,134,12
10982,2025-08-06,P019,134,149,77,206,12
10983,2025-08-07,P019,206,0,72,134,0
10984,2025-08-08,P019,134,166,78,222,4
10985,2025-08-09,P019,222,0,67,155,13
10986,2025-08-10,P019,155,192,63,284,8
10987,2025-08-11,P019,284,0,84,200,1
10988,2025-08-12,P019,200,194,72,322,10
10989,2025-08-13,P019,322,0,77,245,3
10990,2025-08-14,P019,245,0,76,169,14
10991,2025-08-15,P019,169,168,70,267,9
10992,2025-08-16,P019,267,0,68,199,2
10993,2025-08-17,P019,199,0,59,140,7
10994,2025-08-18,P019,140,0,67,73,4
10995,2025-08-19,P019,73,213,59,227,5
10996,2025-08-20,P019,227,0,71,156,7
10997,2025-08-21,P019,156,174,73,257,10
10998,2025-08-22,P019,257,0,78,179,4
10999,2025-08-23,P019,179,188,79,288,6
11000,2025-08-24,P019,288,0,100,188,7
11001,2025-08-25,P019,188,137,63,262,12
11002,2025-08-26,P019,262,0,75,187,3
11003,2025-08-27,P019,187,209,77,319,1
11004,2025-08-28,P019,319,0,81,238,9
11005,2025-08-29,P019,238,0,79,159,6
11006,2025-08-30,P019,159,141,62,238,1
11007,2025-08-31,P019,238,0,60,178,0
11008,2025-09-01,P019,178,143,68,253,0
11009,2025-09-02,P019,253,0,68,185,10
11010,2025-09-03,P019,185,0,72,113,11
11011,2025-09-04,P019,113,230,72,271,12
11012,2025-09-05,P019,271,0,70,201,3
11013,2025-09-06,P019,201,0,64,137,8
11014,2025-09-07,P019,137,163,55,245,13
11015,2025-09-08,P019,245,0,79,166,14
11016,2025-09-09,P019,166,214,71,309,13
11017,2025-09-10,P019,309,0,69,240,1
11018,2025-09-11,P019,240,0,65,175,15
11019,2025-09-12,P019,175,0,58,117,7
11020,2025-09-13,P019,117,0,77,40,7
11021,2025-09-14,P019,40,232,66,232,3
11022,2025-09-15,P019,232,0,57,175,1
11023,2025-09-16,P019,175,136,80,231,1
11024,2025-09-17,P019,231,0,79,152,3
11025,2025-09-18,P019,152,207,74,285,4
11026,2025-09-19,P019,285,0,85,200,3
11027,2025-09-20,P019,200,0,62,138,12
11028,2025-09-21,P019,138,132,54,216,8
11029,2025-09-22,P019,216,0,74,142,14
11030,2025-09-23,P019,142,208,70,280,7
11031,2025-09-24,P019,280,0,69,211,12
11032,2025-09-25,P019,211,0,104,107,8
11033,2025-09-26,P019,107,0,56,51,0
11034,2025-09-27,P019,51,183,72,183,3
11035,2025-09-28,P019,183,184,55,312,1
11036,2025-09-29,P019,312,0,61,251,7
11037,2025-09-30,P019,251,0,67,184,7
11038,2025-10-01,P019,184,149,76,257,4
11039,2025-10-02,P019,257,0,82,175,6
11040,2025-10-03,P019,175,220,63,332,5
11041,2025-10-04,P019,332,0,55,277,5
11042,2025-10-05,P019,277,0,54,223,7
11043,2025-10-06,P019,223,0,71,152,11
11044,2025-10-07,P019,152,170,76,246,10
11045,2025-10-08,P019,246,0,70,176,15
11046,2025-10-09,P019,176,0,91,85,14
11047,2025-10-10,P019,85,172,79,178,4
11048,2025-10-11,P019,178,170,55,293,0
11049,2025-10-12,P019,293,0,57,236,2
11050,2025-10-13,P019,236,0,85,151,14
11051,2025-10-14,P019,151,182,78,255,12
11052,2025-10-15,P019,255,0,53,202,11
11053,2025-10-16,P019,202,0,72,130,14
11054,2025-10-17,P019,130,192,68,254,14
11055,2025-10-18,P019,254,0,68,186,15
11056,2025-10-19,P019,186,0,55,131,3
11057,2025-10-20,P019,131,131,61,201,8
11058,2025-10-21,P019,201,0,66,135,6
11059,2025-10-22,P019,135,146,65,216,0
11060,2025-10-23,P019,216,0,72,144,1
11061,2025-10-24,P019,144,184,66,262,6
11062,2025-10-25,P019,262,0,54,208,4
11063,2025-10-26,P019,208,0,47,161,10
11064,2025-10-27,P019,161,202,75,288,12
11065,2025-10-28,P019,288,0,78,210,11
11066,2025-10-29,P019,210,0,69,141,14
11067,2025-10-30,P019,141,228,68,301,7
11068,2025-10-31,P019,301,0,77,224,12
11069,2025-11-01,P019,224,0,72,152,14
11070,2025-11-02,P019,152,0,67,85,0
11071,2025-11-03,P019,85,138,67,156,15
11072,2025-11-04,P019,156,0,53,103,0
11073,2025-11-05,P019,103,197,60,240,2
11074,2025-11-06,P019,240,0,71,169,9
11075,2025-11-07,P019,169,162,62,269,6
11076,2025-11-08,P019,269,0,63,206,0
11077,2025-11-09,P019,206,0,58,148,2
11078,2025-11-10,P019,148,156,63,241,2
11079,2025-11-11,P019,241,0,57,184,11
11080,2025-11-12,P019,184,0,86,98,0
11081,2025-11-13,P019,98,176,82,192,6
11082,2025-11-14,P019,192,154,86,260,9
11083,2025-11-15,P019,260,0,62,198,10
11084,2025-11-16,P019,198,0,55,143,9
11085,2025-11-17,P019,143,172,76,239,10
11086,2025-11-18,P019,239,0,66,173,12
11087,2025-11-19,P019,173,138,69,242,14
11088,2025-11-20,P019,242,0,66,176,9
11089,2025-11-21,P019,176,0,44,132,6
11090,2025-11-22,P019,132,0,72,60,14
11091,2025-11-23,P019,60,142,61,142,6
11092,2025-11-24,P019,142,175,73,244,15
11093,2025-11-25,P019,244,0,68,176,3
11094,2025-11-26,P019,176,0,67,109,12
11095,2025-11-27,P019,109,219,69,259,7
11096,2025-11-28,P019,259,0,73,186,11
11097,2025-11-29,P019,186,216,65,337,13
11098,2025-11-30,P019,337,0,65,272,6
11099,2025-12-01,P019,272,0,79,193,13
11100,2025-12-02,P019,193,227,68,352,5
11101,2025-12-03,P019,352,0,76,276,10
11102,2025-12-04,P019,276,0,62,214,0
11103,2025-12-05,P019,214,0,59,155,8
11104,2025-12-06,P019,155,217,65,307,0
11105,2025-12-07,P019,307,0,64,243,2
11106,2025-12-08,P019,243,0,53,190,7
11107,2025-12-09,P019,190,0,79,111,10
11108,2025-12-10,P019,111,201,62,250,2
11109,2025-12-11,P019,250,0,70,180,9
11110,2025-12-12,P019,180,153,56,277,8
11111,2025-12-13,P019,277,0,56,221,9
11112,2025-12-14,P019,221,0,67,154,11
11113,2025-12-15,P019,154,169,69,254,7
11114,2025-12-16,P019,254,0,68,186,9
11115,2025-12-17,P019,186,170,66,290,11
11116,2025-12-18,P019,290,0,73,217,2
11117,2025-12-19,P019,217,0,72,145,5
11118,2025-12-20,P019,145,0,65,80,12
11119,2025-12-21,P019,80,172,70,182,4
11120,2025-12-22,P019,182,221,77,326,7
11121,2025-12-23,P019,326,0,74,252,5
11122,2025-12-24,P019,252,0,72,180,3
11123,2025-12-25,P019,180,0,78,102,13
11124,2025-12-26,P019,102,178,101,179,11
11125,2025-12-27,P019,179,217,69,327,1
11126,2025-12-28,P019,327,0,80,247,1
11127,2025-12-29,P019,247,0,61,186,14
11128,2025-12-30,P019,186,206,59,333,1
11129,2025-12-31,P019,333,0,68,265,2
11130,2026-01-01,P019,265,0,67,198,6
11131,2026-01-02,P019,198,0,48,150,5
11132,2026-01-03,P019,150,211,56,305,11
11133,2026-01-04,P019,305,0,65,240,14
11134,2026-01-05,P019,240,0,67,173,0
11135,2026-01-06,P019,173,168,74,267,9
11136,2026-01-07,P019,267,0,55,212,2
11137,2026-01-08,P019,212,0,52,160,8
11138,2026-01-09,P019,160,149,53,256,8
11139,2026-01-10,P019,256,0,49,207,6
11140,2026-01-11,P019,207,0,51,156,0
11141,2026-01-12,P019,156,173,57,272,10
11142,2026-01-13,P019,272,0,69,203,11
11143,2026-01-14,P019,203,0,53,150,10
11144,2026-01-15,P019,150,0,71,79,6
11145,2026-01-16,P019,79,158,72,165,15
11146,2026-01-17,P019,165,211,62,314,12
11147,2026-01-18,P019,314,0,46,268,0
11148,2026-01-19,P019,268,0,66,202,11
11149,2026-01-20,P019,202,0,49,153,11
11150,2026-01-21,P019,153,214,73,294,12
11151,2026-01-22,P019,294,0,63,231,5
11152,2026-01-23,P019,231,0,61,170,11
11153,2026-01-24,P019,170,205,49,326,3
11154,2026-01-25,P019,326,0,37,289,8
11155,2026-01-26,P019,289,0,57,232,7
11156,2026-01-27,P019,232,0,82,150,10
11157,2026-01-28,P019,150,203,62,291,11
11158,2026-01-29,P019,291,0,62,229,10
11159,2026-01-30,P019,229,0,70,159,13
11160,2026-01-31,P019,159,145,68,236,14
11161,2026-02-01,P019,236,0,64,172,5
11162,2026-02-02,P019,172,0,57,115,15
11163,2026-02-03,P019,115,185,50,250,15
11164,2026-02-04,P019,250,0,85,165,6
11165,2026-02-05,P019,165,179,80,264,7
11166,2026-02-06,P019,264,0,60,204,1
11167,2026-02-07,P019,204,0,45,159,3
11168,2026-02-08,P019,159,213,62,310,5
11169,2026-02-09,P019,310,0,63,247,15
11170,2026-02-10,P019,247,0,65,182,15
11171,2026-02-11,P019,182,0,67,115,14
11172,2026-02-12,P019,115,199,60,254,2
11173,2026-02-13,P019,254,0,53,201,3
11174,2026-02-14,P019,201,0,49,152,9
11175,2026-02-15,P019,152,193,57,288,0
11176,2026-02-16,P019,288,0,62,226,11
11177,2026-02-17,P019,226,0,65,161,4
11178,2026-02-18,P019,161,199,71,289,9
11179,2026-02-19,P019,289,0,59,230,9
11180,2026-02-20,P019,230,0,66,164,1
11181,2026-02-21,P019,164,0,34,130,0
11182,2026-02-22,P019,130,151,53,228,10
11183,2026-02-23,P019,228,0,65,163,10
11184,2026-02-24,P019,163,0,63,100,14
11185,2026-02-25,P019,100,171,57,214,14
11186,2026-02-26,P019,214,0,58,156,6
11187,2026-02-27,P019,156,0,73,83,6
11188,2026-02-28,P019,83,150,61,172,0
11189,2026-03-01,P019,172,0,59,113,14
11190,2026-03-02,P019,113,161,54,220,11
11191,2026-03-03,P019,220,0,62,158,9
11192,2026-03-04,P019,158,230,61,327,11
11193,2026-03-05,P019,327,0,64,263,7
11194,2026-03-06,P019,263,0,57,206,6
11195,2026-03-07,P019,206,0,57,149,8
11196,2026-03-08,P019,149,130,65,214,3
11197,2026-03-09,P019,214,0,47,167,13
11198,2026-03-10,P019,167,231,80,318,14
11199,2026-03-11,P019,318,0,73,245,11
11200,2026-03-12,P019,245,0,63,182,1
11201,2026-03-13,P019,182,0,67,115,13
11202,2026-03-14,P019,115,0,46,69,7
11203,2026-03-15,P019,69,138,51,156,12
11204,2026-03-16,P019,156,170,61,265,2
11205,2026-03-17,P019,265,0,81,184,0
11206,2026-03-18,P019,184,219,64,339,2
11207,2026-03-19,P019,339,0,64,275,9
11208,2026-03-20,P019,275,0,56,219,12
11209,2026-03-21,P019,219,0,56,163,10
11210,2026-03-22,P019,163,143,72,234,6
11211,2026-03-23,P019,234,0,69,165,5
11212,2026-03-24,P019,165,0,69,96,5
11213,2026-03-25,P019,96,0,68,28,0
11214,2026-03-26,P019,28,180,72,180,2
11215,2026-03-27,P019,180,217,71,326,10
11216,2026-03-28,P019,326,0,63,263,0
11217,2026-03-29,P019,263,0,63,200,2
11218,2026-03-30,P019,200,0,64,136,2
11219,2026-03-31,P019,136,207,99,244,14
11220,2026-04-01,P019,244,0,68,176,10
11221,2026-04-02,P019,176,168,56,288,14
11222,2026-04-03,P019,288,0,62,226,1
11223,2026-04-04,P019,226,0,59,167,0
11224,2026-04-05,P019,167,0,45,122,12
11225,2026-04-06,P019,122,171,73,220,1
11226,2026-04-07,P019,220,0,43,177,2
11227,2026-04-08,P019,177,0,93,84,15
11228,2026-04-09,P019,84,139,79,144,14
11229,2026-04-10,P019,144,232,61,315,1
11230,2026-04-11,P019,315,0,56,259,5
11231,2026-04-12,P019,259,0,60,199,6
11232,2026-04-13,P019,199,0,64,135,7
11233,2026-04-14,P019,135,132,65,202,9
11234,2026-04-15,P019,202,0,68,134,8
11235,2026-04-16,P019,134,189,63,260,0
11236,2026-04-17,P019,260,0,64,196,13
11237,2026-04-18,P019,196,0,48,148,13
11238,2026-04-19,P019,148,175,66,257,15
11239,2026-04-20,P019,257,0,64,193,12
11240,2026-04-21,P019,193,0,68,125,4
11241,2026-04-22,P019,125,203,63,265,7
11242,2026-04-23,P019,265,0,71,194,2
11243,2026-04-24,P019,194,0,64,130,3
11244,2026-04-25,P019,130,171,57,244,5
11245,2026-04-26,P019,244,0,73,171,4
11246,2026-04-27,P019,171,0,66,105,2
11247,2026-04-28,P019,105,206,69,242,14
11248,2026-04-29,P019,242,0,70,172,0
11249,2026-04-30,P019,172,149,77,244,9
11250,2026-05-01,P019,244,0,59,185,8
11251,2026-05-02,P019,185,139,66,258,12
11252,2026-05-03,P019,258,0,53,205,13
11253,2026-05-04,P019,205,0,58,147,2
11254,2026-05-05,P019,147,131,70,208,7
11255,2026-05-06,P019,208,0,63,145,8
11256,2026-05-07,P019,145,199,64,280,9
11257,2026-05-08,P019,280,0,45,235,15
11258,2026-05-09,P019,235,0,58,177,10
11259,2026-05-10,P019,177,170,51,296,1
11260,2026-05-11,P019,296,0,57,239,4
11261,2026-05-12,P019,239,0,59,180,14
11262,2026-05-13,P019,180,160,55,285,7
11263,2026-05-14,P019,285,0,63,222,3
11264,2026-05-15,P019,222,0,62,160,3
11265,2026-05-16,P019,160,178,63,275,11
11266,2026-05-17,P019,275,0,61,214,8
11267,2026-05-18,P019,214,0,71,143,10
11268,2026-05-19,P019,143,199,64,278,0
11269,2026-05-20,P019,278,0,66,212,13
11270,2026-05-21,P019,212,0,71,141,4
11271,2026-05-22,P019,141,215,84,272,10
11272,2026-05-23,P019,272,0,58,214,4
11273,2026-05-24,P019,214,0,47,167,15
11274,2026-05-25,P019,167,194,67,294,12
11275,2026-05-26,P019,294,0,63,231,1
11276,2026-05-27,P019,231,0,69,162,14
11277,2026-05-28,P019,162,137,77,222,6
11278,2026-05-29,P019,222,0,63,159,6
11279,2026-05-30,P019,159,215,59,315,7
11280,2026-05-31,P019,315,0,48,267,0
11281,2026-06-01,P019,267,0,94,173,4
11282,2026-06-02,P019,173,183,65,291,5
11283,2026-06-03,P019,291,0,57,234,4
11284,2026-06-04,P019,234,0,57,177,0
11285,2026-06-05,P019,177,230,55,352,9
11286,2026-06-06,P019,352,0,51,301,10
11287,2026-06-07,P019,301,0,51,250,5
11288,2026-06-08,P019,250,0,51,199,3
11289,2026-06-09,P019,199,0,60,139,6
11290,2026-06-10,P019,139,189,72,256,10
11291,2026-06-11,P019,256,0,71,185,14
11292,2026-06-12,P019,185,0,69,116,4
11293,2026-06-13,P019,116,0,68,48,7
11294,2026-06-14,P019,48,178,68,178,2
11295,2026-06-15,P019,178,0,47,131,1
11296,2026-06-16,P019,131,149,52,228,3
11297,2026-06-17,P019,228,0,56,172,3
11298,2026-06-18,P019,172,152,74,250,0
11299,2026-06-19,P019,250,0,60,190,10
11300,2026-06-20,P019,190,135,66,259,4
11301,2026-06-21,P019,259,0,55,204,11
11302,2026-06-22,P019,204,170,91,283,2
11303,2026-06-23,P019,283,0,62,221,7
11304,2026-06-24,P019,221,0,44,177,1
11305,2026-06-25,P019,177,0,61,116,12
11306,2026-06-26,P019,116,0,68,48,9
11307,2026-06-27,P019,48,230,56,230,13
11308,2026-06-28,P019,230,0,49,181,9
11309,2026-06-29,P019,181,193,63,311,15
11310,2026-06-30,P019,311,0,60,251,0
11311,2026-07-01,P019,251,0,64,187,15
11312,2026-07-02,P019,187,167,59,295,10
11313,2026-07-03,P019,295,0,55,240,12
11314,2026-07-04,P019,240,0,50,190,5
11315,2026-07-05,P019,190,0,59,131,2
11316,2026-07-06,P019,131,172,57,246,4
11317,2026-07-07,P019,246,0,77,169,15
11318,2026-07-08,P019,169,0,73,96,4
11319,2026-07-09,P019,96,0,58,38,3
11320,2026-07-10,P019,38,143,62,143,11
11321,2026-07-11,P019,143,175,64,254,9
11322,2026-07-12,P019,254,0,66,188,3
11323,2026-07-13,P019,188,223,69,342,0
11324,2026-07-14,P019,342,0,77,265,8
11325,2026-07-15,P019,265,0,67,198,10
11326,2026-07-16,P019,198,203,75,326,1
11327,2026-07-17,P019,326,0,67,259,13
11328,2026-07-18,P019,259,0,65,194,10
11329,2026-07-19,P019,194,0,48,146,9
11330,2026-07-20,P019,146,193,78,261,4
11331,2026-07-21,P019,261,0,71,190,4
11332,2026-07-22,P019,190,213,68,335,12
11333,2026-07-23,P019,335,0,64,271,13
11334,2026-07-24,P019,271,0,74,197,12
11335,2026-07-25,P019,197,0,50,147,2
11336,2026-07-26,P019,147,0,55,92,3
11337,2026-07-27,P019,92,0,70,22,14
11338,2026-07-28,P019,22,0,54,0,0
11339,2026-07-29,P019,0,208,91,208,0
11340,2026-07-30,P019,208,0,75,133,0
11341,2026-07-31,P019,133,200,59,274,1
11342,2026-08-01,P019,274,0,75,199,4
11343,2026-08-02,P019,199,0,70,129,6
11344,2026-08-03,P019,129,177,79,227,13
11345,2026-08-04,P019,227,0,76,151,14
11346,2026-08-05,P019,151,232,79,304,10
11347,2026-08-06,P019,304,0,81,223,5
11348,2026-08-07,P019,223,0,90,133,3
11349,2026-08-08,P019,133,0,84,49,13
11350,2026-08-09,P019,49,209,71,209,5
11351,2026-08-10,P019,209,0,62,147,8
11352,2026-08-11,P019,147,168,88,227,11
11353,2026-08-12,P019,227,0,96,131,0
11354,2026-08-13,P019,131,171,83,219,9
11355,2026-08-14,P019,219,0,85,134,14
11356,2026-08-15,P019,134,195,73,256,3
11357,2026-08-16,P019,256,0,75,181,10
11358,2026-08-17,P019,181,209,77,313,7
11359,2026-08-18,P019,313,0,75,238,14
11360,2026-08-19,P019,238,0,80,158,15
11361,2026-08-20,P019,158,0,81,77,3
11362,2026-08-21,P019,77,0,77,0,0
11363,2025-01-01,P020,191,0,26,165,0
11364,2025-01-02,P020,165,0,30,135,15
11365,2025-01-03,P020,135,128,29,234,5
11366,2025-01-04,P020,234,0,28,206,3
11367,2025-01-05,P020,206,0,25,181,5
11368,2025-01-06,P020,181,0,36,145,0
11369,2025-01-07,P020,145,0,25,120,6
11370,2025-01-08,P020,120,0,34,86,15
11371,2025-01-09,P020,86,162,27,221,0
11372,2025-01-10,P020,221,0,23,198,0
11373,2025-01-11,P020,198,0,29,169,3
11374,2025-01-12,P020,169,0,25,144,9
11375,2025-01-13,P020,144,0,26,118,10
11376,2025-01-14,P020,118,140,24,234,5
11377,2025-01-15,P020,234,0,30,204,7
11378,2025-01-16,P020,204,0,33,171,4
11379,2025-01-17,P020,171,0,32,139,3
11380,2025-01-18,P020,139,0,26,113,9
11381,2025-01-19,P020,113,114,27,200,8
11382,2025-01-20,P020,200,0,29,171,3
11383,2025-01-21,P020,171,0,24,147,15
11384,2025-01-22,P020,147,0,25,122,6
11385,2025-01-23,P020,122,151,29,244,7
11386,2025-01-24,P020,244,0,29,215,9
11387,2025-01-25,P020,215,0,29,186,6
11388,2025-01-26,P020,186,0,28,158,0
11389,2025-01-27,P020,158,0,32,126,15
11390,2025-01-28,P020,126,175,29,272,9
11391,2025-01-29,P020,272,0,25,247,13
11392,2025-01-30,P020,247,0,31,216,13
11393,2025-01-31,P020,216,0,31,185,0
11394,2025-02-01,P020,185,0,19,166,0
11395,2025-02-02,P020,166,0,23,143,7
11396,2025-02-03,P020,143,0,27,116,10
11397,2025-02-04,P020,116,144,30,230,1
11398,2025-02-05,P020,230,0,27,203,6
11399,2025-02-06,P020,203,0,30,173,6
11400,2025-02-07,P020,173,0,29,144,7
11401,2025-02-08,P020,144,0,26,118,3
11402,2025-02-09,P020,118,134,24,228,12
11403,2025-02-10,P020,228,0,32,196,1
11404,2025-02-11,P020,196,0,28,168,11
11405,2025-02-12,P020,168,0,38,130,15
11406,2025-02-13,P020,130,116,32,214,14
11407,2025-02-14,P020,214,0,27,187,6
11408,2025-02-15,P020,187,0,38,149,2
11409,2025-02-16,P020,149,0,25,124,2
11410,2025-02-17,P020,124,196,35,285,13
11411,2025-02-18,P020,285,0,27,258,15
11412,2025-02-19,P020,258,0,23,235,13
11413,2025-02-20,P020,235,0,31,204,5
11414,2025-02-21,P020,204,0,31,173,7
11415,2025-02-22,P020,173,0,26,147,13
11416,2025-02-23,P020,147,0,24,123,11
11417,2025-02-24,P020,123,161,49,235,7
11418,2025-02-25,P020,235,0,28,207,0
11419,2025-02-26,P020,207,0,29,178,3
11420,2025-02-27,P020,178,0,33,145,12
11421,2025-02-28,P020,145,0,31,114,2
11422,2025-03-01,P020,114,134,29,219,1
11423,2025-03-02,P020,219,0,27,192,6
11424,2025-03-03,P020,192,0,30,162,14
11425,2025-03-04,P020,162,0,27,135,8
11426,2025-03-05,P020,135,137,30,242,9
11427,2025-03-06,P020,242,0,19,223,0
11428,2025-03-07,P020,223,0,29,194,11
11429,2025-03-08,P020,194,0,27,167,9
11430,2025-03-09,P020,167,0,30,137,15
11431,2025-03-10,P020,137,119,31,225,10
11432,2025-03-11,P020,225,0,33,192,12
11433,2025-03-12,P020,192,0,23,169,7
11434,2025-03-13,P020,169,0,31,138,5
11435,2025-03-14,P020,138,0,27,111,5
11436,2025-03-15,P020,111,184,24,271,2
11437,2025-03-16,P020,271,0,27,244,2
11438,2025-03-17,P020,244,0,45,199,5
11439,2025-03-18,P020,199,0,33,166,0
11440,2025-03-19,P020,166,0,31,135,2
11441,2025-03-20,P020,135,182,31,286,2
11442,2025-03-21,P020,286,0,29,257,14
11443,2025-03-22,P020,257,0,26,231,15
11444,2025-03-23,P020,231,0,29,202,0
11445,2025-03-24,P020,202,0,26,176,2
11446,2025-03-25,P020,176,0,33,143,5
11447,2025-03-26,P020,143,0,30,113,15
11448,2025-03-27,P020,113,124,34,203,14
11449,2025-03-28,P020,203,0,35,168,10
11450,2025-03-29,P020,168,0,22,146,12
11451,2025-03-30,P020,146,0,26,120,15
11452,2025-03-31,P020,120,191,28,283,14
11453,2025-04-01,P020,283,0,25,258,12
11454,2025-04-02,P020,258,0,28,230,13
11455,2025-04-03,P020,230,0,41,189,3
11456,2025-04-04,P020,189,0,34,155,4
11457,2025-04-05,P020,155,0,34,121,2
11458,2025-04-06,P020,121,172,31,262,9
11459,2025-04-07,P020,262,0,29,233,8
11460,2025-04-08,P020,233,0,30,203,9
11461,2025-04-09,P020,203,0,34,169,3
11462,2025-04-10,P020,169,0,34,135,11
11463,2025-04-11,P020,135,0,30,105,11
11464,2025-04-12,P020,105,137,23,219,15
11465,2025-04-13,P020,219,0,40,179,10
11466,2025-04-14,P020,179,0,31,148,5
11467,2025-04-15,P020,148,0,30,118,9
11468,2025-04-16,P020,118,0,32,86,2
11469,2025-04-17,P020,86,178,31,233,3
11470,2025-04-18,P020,233,0,32,201,0
11471,2025-04-19,P020,201,0,33,168,3
11472,2025-04-20,P020,168,0,27,141,5
11473,2025-04-21,P020,141,0,28,113,11
11474,2025-04-22,P020,113,144,31,226,8
11475,2025-04-23,P020,226,0,30,196,10
11476,2025-04-24,P020,196,0,37,159,14
11477,2025-04-25,P020,159,0,36,123,6
11478,2025-04-26,P020,123,159,28,254,8
11479,2025-04-27,P020,254,0,24,230,1
11480,2025-04-28,P020,230,0,27,203,14
11481,2025-04-29,P020,203,0,32,171,3
11482,2025-04-30,P020,171,0,33,138,9
11483,2025-05-01,P020,138,0,29,109,2
11484,2025-05-02,P020,109,115,37,187,8
11485,2025-05-03,P020,187,0,25,162,13
11486,2025-05-04,P020,162,0,26,136,11
11487,2025-05-05,P020,136,0,22,114,4
11488,2025-05-06,P020,114,117,26,205,8
11489,2025-05-07,P020,205,0,28,177,11
11490,2025-05-08,P020,177,0,35,142,13
11491,2025-05-09,P020,142,0,27,115,8
11492,2025-05-10,P020,115,137,27,225,2
11493,2025-05-11,P020,225,0,27,198,5
11494,2025-05-12,P020,198,0,35,163,1
11495,2025-05-13,P020,163,0,38,125,7
11496,2025-05-14,P020,125,132,40,217,13
11497,2025-05-15,P020,217,0,29,188,10
11498,2025-05-16,P020,188,0,28,160,3
11499,2025-05-17,P020,160,0,26,134,4
11500,2025-05-18,P020,134,142,25,251,14
11501,2025-05-19,P020,251,0,32,219,5
11502,2025-05-20,P020,219,0,31,188,4
11503,2025-05-21,P020,188,0,42,146,12
11504,2025-05-22,P020,146,0,35,111,7
11505,2025-05-23,P020,111,114,38,187,1
11506,2025-05-24,P020,187,0,27,160,11
11507,2025-05-25,P020,160,0,31,129,3
11508,2025-05-26,P020,129,197,32,294,2
11509,2025-05-27,P020,294,0,35,259,5
11510,2025-05-28,P020,259,0,34,225,4
11511,2025-05-29,P020,225,0,34,191,4
11512,2025-05-30,P020,191,0,30,161,14
11513,2025-05-31,P020,161,0,25,136,13
11514,2025-06-01,P020,136,0,22,114,3
11515,2025-06-02,P020,114,142,30,226,4
11516,2025-06-03,P020,226,0,36,190,11
11517,2025-06-04,P020,190,0,30,160,2
11518,2025-06-05,P020,160,0,33,127,2
11519,2025-06-06,P020,127,0,34,93,15
11520,2025-06-07,P020,93,133,26,200,5
11521,2025-06-08,P020,200,0,31,169,7
11522,2025-06-09,P020,169,0,19,150,3
11523,2025-06-10,P020,150,0,26,124,10
11524,2025-06-11,P020,124,121,28,217,6
11525,2025-06-12,P020,217,0,28,189,5
11526,2025-06-13,P020,189,0,31,158,15
11527,2025-06-14,P020,158,0,28,130,11
11528,2025-06-15,P020,130,135,28,237,9
11529,2025-06-16,P020,237,0,33,204,0
11530,2025-06-17,P020,204,0,27,177,14
11531,2025-06-18,P020,177,0,26,151,3
11532,2025-06-19,P020,151,0,33,118,2
11533,2025-06-20,P020,118,178,28,268,11
11534,2025-06-21,P020,268,0,21,247,9
11535,2025-06-22,P020,247,0,30,217,7
11536,2025-06-23,P020,217,0,37,180,12
11537,2025-06-24,P020,180,0,37,143,4
11538,2025-06-25,P020,143,0,33,110,14
11539,2025-06-26,P020,110,0,33,77,8
11540,2025-06-27,P020,77,123,36,164,14
11541,2025-06-28,P020,164,0,25,139,6
11542,2025-06-29,P020,139,180,37,282,10
11543,2025-06-30,P020,282,0,31,251,4
11544,2025-07-01,P020,251,0,33,218,15
11545,2025-07-02,P020,218,0,31,187,13
11546,2025-07-03,P020,187,0,34,153,9
11547,2025-07-04,P020,153,0,31,122,5
11548,2025-07-05,P020,122,175,22,275,8
11549,2025-07-06,P020,275,0,32,243,12
11550,2025-07-07,P020,243,0,27,216,10
11551,2025-07-08,P020,216,0,35,181,3
11552,2025-07-09,P020,181,0,39,142,4
11553,2025-07-10,P020,142,172,36,278,11
11554,2025-07-11,P020,278,0,34,244,12
11555,2025-07-12,P020,244,0,28,216,4
11556,2025-07-13,P020,216,0,29,187,14
11557,2025-07-14,P020,187,0,33,154,9
11558,2025-07-15,P020,154,0,24,130,5
11559,2025-07-16,P020,130,116,35,211,1
11560,2025-07-17,P020,211,0,26,185,7
11561,2025-07-18,P020,185,0,33,152,3
11562,2025-07-19,P020,152,0,23,129,12
11563,2025-07-20,P020,129,127,24,232,2
11564,2025-07-21,P020,232,0,36,196,3
11565,2025-07-22,P020,196,0,36,160,3
11566,2025-07-23,P020,160,0,32,128,3
11567,2025-07-24,P020,128,148,32,244,0
11568,2025-07-25,P020,244,0,30,214,9
11569,2025-07-26,P020,214,0,38,176,15
11570,2025-07-27,P020,176,0,24,152,15
11571,2025-07-28,P020,152,0,35,117,7
11572,2025-07-29,P020,117,175,29,263,1
11573,2025-07-30,P020,263,0,30,233,11
11574,2025-07-31,P020,233,0,31,202,4
11575,2025-08-01,P020,202,0,36,166,3
11576,2025-08-02,P020,166,0,44,122,14
11577,2025-08-03,P020,122,126,30,218,1
11578,2025-08-04,P020,218,0,41,177,15
11579,2025-08-05,P020,177,0,42,135,7
11580,2025-08-06,P020,135,171,33,273,1
11581,2025-08-07,P020,273,0,36,237,2
11582,2025-08-08,P020,237,0,41,196,13
11583,2025-08-09,P020,196,0,32,164,7
11584,2025-08-10,P020,164,0,35,129,3
11585,2025-08-11,P020,129,184,41,272,10
11586,2025-08-12,P020,272,0,41,231,2
11587,2025-08-13,P020,231,0,34,197,1
11588,2025-08-14,P020,197,0,34,163,14
11589,2025-08-15,P020,163,0,36,127,15
11590,2025-08-16,P020,127,160,28,259,15
11591,2025-08-17,P020,259,0,36,223,13
11592,2025-08-18,P020,223,0,33,190,15
11593,2025-08-19,P020,190,0,46,144,8
11594,2025-08-20,P020,144,161,45,260,12
11595,2025-08-21,P020,260,0,37,223,1
11596,2025-08-22,P020,223,0,41,182,12
11597,2025-08-23,P020,182,0,27,155,8
11598,2025-08-24,P020,155,0,43,112,10
11599,2025-08-25,P020,112,0,36,76,9
11600,2025-08-26,P020,76,149,38,187,8
11601,2025-08-27,P020,187,0,28,159,4
11602,2025-08-28,P020,159,0,38,121,9
11603,2025-08-29,P020,121,144,34,231,12
11604,2025-08-30,P020,231,0,32,199,9
11605,2025-08-31,P020,199,0,30,169,11
11606,2025-09-01,P020,169,0,34,135,7
11607,2025-09-02,P020,135,181,34,282,9
11608,2025-09-03,P020,282,0,40,242,10
11609,2025-09-04,P020,242,0,31,211,3
11610,2025-09-05,P020,211,0,35,176,5
11611,2025-09-06,P020,176,0,35,141,13
11612,2025-09-07,P020,141,132,43,230,15
11613,2025-09-08,P020,230,0,39,191,13
11614,2025-09-09,P020,191,0,35,156,13
11615,2025-09-10,P020,156,0,35,121,14
11616,2025-09-11,P020,121,0,38,83,7
11617,2025-09-12,P020,83,0,39,44,10
11618,2025-09-13,P020,44,150,36,158,8
11619,2025-09-14,P020,158,0,32,126,2
11620,2025-09-15,P020,126,179,43,262,6
11621,2025-09-16,P020,262,0,37,225,5
11622,2025-09-17,P020,225,0,45,180,2
11623,2025-09-18,P020,180,0,39,141,2
11624,2025-09-19,P020,141,178,36,283,3
11625,2025-09-20,P020,283,0,43,240,13
11626,2025-09-21,P020,240,0,25,215,11
11627,2025-09-22,P020,215,0,36,179,0
11628,2025-09-23,P020,179,0,36,143,12
11629,2025-09-24,P020,143,151,51,243,10
11630,2025-09-25,P020,243,0,46,197,13
11631,2025-09-26,P020,197,0,46,151,15
11632,2025-09-27,P020,151,0,32,119,15
11633,2025-09-28,P020,119,146,43,222,11
11634,2025-09-29,P020,222,0,38,184,12
11635,2025-09-30,P020,184,0,44,140,5
11636,2025-10-01,P020,140,140,37,243,9
11637,2025-10-02,P020,243,0,35,208,5
11638,2025-10-03,P020,208,0,35,173,9
11639,2025-10-04,P020,173,0,30,143,5
11640,2025-10-05,P020,143,188,36,295,5
11641,2025-10-06,P020,295,0,38,257,15
11642,2025-10-07,P020,257,0,36,221,0
11643,2025-10-08,P020,221,0,43,178,0
11644,2025-10-09,P020,178,0,24,154,10
11645,2025-10-10,P020,154,0,42,112,4
11646,2025-10-11,P020,112,136,35,213,12
11647,2025-10-12,P020,213,0,38,175,5
11648,2025-10-13,P020,175,0,35,140,15
11649,2025-10-14,P020,140,0,39,101,5
11650,2025-10-15,P020,101,161,40,222,3
11651,2025-10-16,P020,222,0,41,181,5
11652,2025-10-17,P020,181,0,36,145,3
11653,2025-10-18,P020,145,0,32,113,2
11654,2025-10-19,P020,113,111,40,184,8
11655,2025-10-20,P020,184,0,28,156,14
11656,2025-10-21,P020,156,0,35,121,8
11657,2025-10-22,P020,121,124,43,202,11
11658,2025-10-23,P020,202,0,40,162,9
11659,2025-10-24,P020,162,131,53,240,2
11660,2025-10-25,P020,240,0,31,209,12
11661,2025-10-26,P020,209,0,30,179,4
11662,2025-10-27,P020,179,0,32,147,15
11663,2025-10-28,P020,147,190,43,294,6
11664,2025-10-29,P020,294,0,33,261,7
11665,2025-10-30,P020,261,0,39,222,5
11666,2025-10-31,P020,222,0,34,188,1
11667,2025-11-01,P020,188,0,36,152,0
11668,2025-11-02,P020,152,0,30,122,13
11669,2025-11-03,P020,122,192,37,277,7
11670,2025-11-04,P020,277,0,27,250,13
11671,2025-11-05,P020,250,0,30,220,11
11672,2025-11-06,P020,220,0,38,182,4
11673,2025-11-07,P020,182,0,31,151,15
11674,2025-11-08,P020,151,179,42,288,0
11675,2025-11-09,P020,288,0,32,256,5
11676,2025-11-10,P020,256,0,35,221,6
11677,2025-11-11,P020,221,0,39,182,7
11678,2025-11-12,P020,182,0,37,145,11
11679,2025-11-13,P020,145,0,33,112,5
11680,2025-11-14,P020,112,176,34,254,8
11681,2025-11-15,P020,254,0,28,226,11
11682,2025-11-16,P020,226,0,30,196,13
11683,2025-11-17,P020,196,0,44,152,7
11684,2025-11-18,P020,152,0,37,115,6
11685,2025-11-19,P020,115,0,42,73,9
11686,2025-11-20,P020,73,167,37,203,9
11687,2025-11-21,P020,203,0,42,161,2
11688,2025-11-22,P020,161,0,29,132,12
11689,2025-11-23,P020,132,188,30,290,3
11690,2025-11-24,P020,290,0,41,249,10
11691,2025-11-25,P020,249,0,34,215,10
11692,2025-11-26,P020,215,0,42,173,10
11693,2025-11-27,P020,173,0,54,119,13
11694,2025-11-28,P020,119,187,37,269,13
11695,2025-11-29,P020,269,0,31,238,1
11696,2025-11-30,P020,238,0,27,211,9
11697,2025-12-01,P020,211,0,32,179,15
11698,2025-12-02,P020,179,0,30,149,10
11699,2025-12-03,P020,149,0,37,112,3
11700,2025-12-04,P020,112,0,30,82,0
11701,2025-12-05,P020,82,144,40,186,4
11702,2025-12-06,P020,186,0,37,149,10
11703,2025-12-07,P020,149,0,27,122,8
11704,2025-12-08,P020,122,176,45,253,6
11705,2025-12-09,P020,253,0,40,213,6
11706,2025-12-10,P020,213,0,40,173,7
11707,2025-12-11,P020,173,0,35,138,10
11708,2025-12-12,P020,138,167,42,263,13
11709,2025-12-13,P020,263,0,36,227,11
11710,2025-12-14,P020,227,0,34,193,6
11711,2025-12-15,P020,193,0,45,148,8
11712,2025-12-16,P020,148,144,45,247,0
11713,2025-12-17,P020,247,0,39,208,8
11714,2025-12-18,P020,208,0,38,170,14
11715,2025-12-19,P020,170,0,41,129,14
11716,2025-12-20,P020,129,0,25,104,15
11717,2025-12-21,P020,104,167,32,239,4
11718,2025-12-22,P020,239,0,33,206,0
11719,2025-12-23,P020,206,0,34,172,4
11720,2025-12-24,P020,172,0,59,113,15
11721,2025-12-25,P020,113,0,36,77,2
11722,2025-12-26,P020,77,113,31,159,9
11723,2025-12-27,P020,159,0,33,126,12
11724,2025-12-28,P020,126,0,29,97,1
11725,2025-12-29,P020,97,186,44,239,3
11726,2025-12-30,P020,239,0,41,198,15
11727,2025-12-31,P020,198,0,42,156,7
11728,2026-01-01,P020,156,0,35,121,13
11729,2026-01-02,P020,121,177,32,266,10
11730,2026-01-03,P020,266,0,30,236,14
11731,2026-01-04,P020,236,0,25,211,10
11732,2026-01-05,P020,211,0,41,170,4
11733,2026-01-06,P020,170,0,38,132,8
11734,2026-01-07,P020,132,0,33,99,5
11735,2026-01-08,P020,99,0,33,66,12
11736,2026-01-09,P020,66,131,33,164,1
11737,2026-01-10,P020,164,0,27,137,2
11738,2026-01-11,P020,137,176,35,278,1
11739,2026-01-12,P020,278,0,29,249,5
11740,2026-01-13,P020,249,0,35,214,10
11741,2026-01-14,P020,214,0,34,180,8
11742,2026-01-15,P020,180,0,31,149,10
11743,2026-01-16,P020,149,0,31,118,4
11744,2026-01-17,P020,118,120,29,209,4
11745,2026-01-18,P020,209,0,31,178,3
11746,2026-01-19,P020,178,0,36,142,11
11747,2026-01-20,P020,142,149,35,256,13
11748,2026-01-21,P020,256,0,20,236,7
11749,2026-01-22,P020,236,0,31,205,6
11750,2026-01-23,P020,205,0,27,178,7
11751,2026-01-24,P020,178,0,30,148,3
11752,2026-01-25,P020,148,0,35,113,15
11753,2026-01-26,P020,113,0,27,86,8
11754,2026-01-27,P020,86,163,31,218,1
11755,2026-01-28,P020,218,0,30,188,3
11756,2026-01-29,P020,188,0,44,144,14
11757,2026-01-30,P020,144,158,42,260,1
11758,2026-01-31,P020,260,0,34,226,10
11759,2026-02-01,P020,226,0,31,195,7
11760,2026-02-02,P020,195,0,34,161,6
11761,2026-02-03,P020,161,0,31,130,14
11762,2026-02-04,P020,130,125,38,217,7
11763,2026-02-05,P020,217,0,26,191,12
11764,2026-02-06,P020,191,0,31,160,7
11765,2026-02-07,P020,160,0,29,131,13
11766,2026-02-08,P020,131,118,30,219,8
11767,2026-02-09,P020,219,0,32,187,6
11768,2026-02-10,P020,187,0,28,159,13
11769,2026-02-11,P020,159,0,32,127,8
11770,2026-02-12,P020,127,182,27,282,12
11771,2026-02-13,P020,282,0,24,258,1
11772,2026-02-14,P020,258,0,29,229,11
11773,2026-02-15,P020,229,0,30,199,9
11774,2026-02-16,P020,199,0,34,165,10
11775,2026-02-17,P020,165,0,40,125,5
11776,2026-02-18,P020,125,115,29,211,5
11777,2026-02-19,P020,211,0,29,182,12
11778,2026-02-20,P020,182,0,32,150,15
11779,2026-02-21,P020,150,0,27,123,3
11780,2026-02-22,P020,123,150,26,247,8
11781,2026-02-23,P020,247,0,31,216,0
11782,2026-02-24,P020,216,0,31,185,9
11783,2026-02-25,P020,185,0,26,159,15
11784,2026-02-26,P020,159,0,33,126,13
11785,2026-02-27,P020,126,174,29,271,7
11786,2026-02-28,P020,271,0,28,243,0
11787,2026-03-01,P020,243,0,30,213,14
11788,2026-03-02,P020,213,0,36,177,7
11789,2026-03-03,P020,177,0,44,133,10
11790,2026-03-04,P020,133,0,36,97,13
11791,2026-03-05,P020,97,172,27,242,14
11792,2026-03-06,P020,242,0,50,192,8
11793,2026-03-07,P020,192,0,37,155,1
11794,2026-03-08,P020,155,0,28,127,15
11795,2026-03-09,P020,127,165,41,251,11
11796,2026-03-10,P020,251,0,40,211,12
11797,2026-03-11,P020,211,0,28,183,8
11798,2026-03-12,P020,183,0,30,153,8
11799,2026-03-13,P020,153,0,40,113,4
11800,2026-03-14,P020,113,153,26,240,7
11801,2026-03-15,P020,240,0,29,211,7
11802,2026-03-16,P020,211,0,35,176,8
11803,2026-03-17,P020,176,0,34,142,12
11804,2026-03-18,P020,142,149,33,258,13
11805,2026-03-19,P020,258,0,32,226,1
11806,2026-03-20,P020,226,0,32,194,0
11807,2026-03-21,P020,194,0,31,163,4
11808,2026-03-22,P020,163,0,29,134,5
11809,2026-03-23,P020,134,0,36,98,14
11810,2026-03-24,P020,98,159,39,218,11
11811,2026-03-25,P020,218,0,31,187,6
11812,2026-03-26,P020,187,0,28,159,2
11813,2026-03-27,P020,159,0,38,121,15
11814,2026-03-28,P020,121,0,37,84,11
11815,2026-03-29,P020,84,188,35,237,10
11816,2026-03-30,P020,237,0,38,199,13
11817,2026-03-31,P020,199,0,39,160,4
11818,2026-04-01,P020,160,0,35,125,15
11819,2026-04-02,P020,125,137,35,227,7
11820,2026-04-03,P020,227,0,37,190,9
11821,2026-04-04,P020,190,0,29,161,3
11822,2026-04-05,P020,161,0,25,136,4
11823,2026-04-06,P020,136,140,40,236,9
11824,2026-04-07,P020,236,0,38,198,7
11825,2026-04-08,P020,198,0,29,169,15
11826,2026-04-09,P020,169,0,36,133,0
11827,2026-04-10,P020,133,153,44,242,5
11828,2026-04-11,P020,242,0,32,210,12
11829,2026-04-12,P020,210,0,26,184,13
11830,2026-04-13,P020,184,0,36,148,11
11831,2026-04-14,P020,148,0,30,118,15
11832,2026-04-15,P020,118,186,35,269,2
11833,2026-04-16,P020,269,0,36,233,12
11834,2026-04-17,P020,233,0,40,193,3
11835,2026-04-18,P020,193,0,26,167,6
11836,2026-04-19,P020,167,0,32,135,8
11837,2026-04-20,P020,135,187,34,288,7
11838,2026-04-21,P020,288,0,33,255,7
11839,2026-04-22,P020,255,0,45,210,4
11840,2026-04-23,P020,210,0,34,176,15
11841,2026-04-24,P020,176,0,37,139,12
11842,2026-04-25,P020,139,0,26,113,12
11843,2026-04-26,P020,113,0,35,78,2
11844,2026-04-27,P020,78,137,30,185,8
11845,2026-04-28,P020,185,0,33,152,3
11846,2026-04-29,P020,152,0,35,117,3
11847,2026-04-30,P020,117,129,42,204,10
11848,2026-05-01,P020,204,0,29,175,3
11849,2026-05-02,P020,175,0,20,155,5
11850,2026-05-03,P020,155,0,28,127,10
11851,2026-05-04,P020,127,176,33,270,3
11852,2026-05-05,P020,270,0,39,231,11
11853,2026-05-06,P020,231,0,36,195,6
11854,2026-05-07,P020,195,0,34,161,5
11855,2026-05-08,P020,161,0,32,129,9
11856,2026-05-09,P020,129,0,19,110,13
11857,2026-05-10,P020,110,191,26,275,12
11858,2026-05-11,P020,275,0,39,236,7
11859,2026-05-12,P020,236,0,32,204,3
11860,2026-05-13,P020,204,0,33,171,0
11861,2026-05-14,P020,171,0,35,136,10
11862,2026-05-15,P020,136,132,32,236,1
11863,2026-05-16,P020,236,0,32,204,12
11864,2026-05-17,P020,204,0,33,171,0
11865,2026-05-18,P020,171,0,41,130,7
11866,2026-05-19,P020,130,190,29,291,12
11867,2026-05-20,P020,291,0,31,260,1
11868,2026-05-21,P020,260,0,23,237,1
11869,2026-05-22,P020,237,0,37,200,15
11870,2026-05-23,P020,200,0,31,169,8
11871,2026-05-24,P020,169,0,37,132,6
11872,2026-05-25,P020,132,110,46,196,12
11873,2026-05-26,P020,196,0,32,164,3
11874,2026-05-27,P020,164,0,32,132,15
11875,2026-05-28,P020,132,136,31,237,4
11876,2026-05-29,P020,237,0,27,210,1
11877,2026-05-30,P020,210,0,31,179,14
11878,2026-05-31,P020,179,0,26,153,11
11879,2026-06-01,P020,153,0,33,120,2
11880,2026-06-02,P020,120,148,30,238,13
11881,2026-06-03,P020,238,0,32,206,10
11882,2026-06-04,P020,206,0,34,172,14
11883,2026-06-05,P020,172,0,37,135,13
11884,2026-06-06,P020,135,181,31,285,3
11885,2026-06-07,P020,285,0,28,257,0
11886,2026-06-08,P020,257,0,38,219,7
11887,2026-06-09,P020,219,0,36,183,5
11888,2026-06-10,P020,183,0,29,154,1
11889,2026-06-11,P020,154,0,34,120,4
11890,2026-06-12,P020,120,110,31,199,3
11891,2026-06-13,P020,199,0,26,173,15
11892,2026-06-14,P020,173,0,34,139,7
11893,2026-06-15,P020,139,181,31,289,2
11894,2026-06-16,P020,289,0,42,247,10
11895,2026-06-17,P020,247,0,35,212,10
11896,2026-06-18,P020,212,0,32,180,9
11897,2026-06-19,P020,180,0,34,146,6
11898,2026-06-20,P020,146,0,31,115,2
11899,2026-06-21,P020,115,191,23,283,13
11900,2026-06-22,P020,283,0,38,245,15
11901,2026-06-23,P020,245,0,35,210,8
11902,2026-06-24,P020,210,0,39,171,0
11903,2026-06-25,P020,171,0,35,136,0
11904,2026-06-26,P020,136,0,29,107,9
11905,2026-06-27,P020,107,148,36,219,7
11906,2026-06-28,P020,219,0,38,181,14
11907,2026-06-29,P020,181,0,46,135,3
11908,2026-06-30,P020,135,0,28,107,2
11909,2026-07-01,P020,107,157,31,233,14
11910,2026-07-02,P020,233,0,36,197,7
11911,2026-07-03,P020,197,0,31,166,13
11912,2026-07-04,P020,166,0,24,142,1
11913,2026-07-05,P020,142,0,28,114,13
11914,2026-07-06,P020,114,139,28,225,8
11915,2026-07-07,P020,225,0,28,197,1
11916,2026-07-08,P020,197,0,33,164,11
11917,2026-07-09,P020,164,0,59,105,2
11918,2026-07-10,P020,105,0,35,70,1
11919,2026-07-11,P020,70,169,38,201,5
11920,2026-07-12,P020,201,0,30,171,7
11921,2026-07-13,P020,171,0,35,136,11
11922,2026-07-14,P020,136,167,37,266,3
11923,2026-07-15,P020,266,0,35,231,5
11924,2026-07-16,P020,231,0,33,198,7
11925,2026-07-17,P020,198,0,33,165,7
11926,2026-07-18,P020,165,0,28,137,3
11927,2026-07-19,P020,137,125,37,225,13
11928,2026-07-20,P020,225,0,44,181,4
11929,2026-07-21,P020,181,0,34,147,13
11930,2026-07-22,P020,147,0,33,114,2
11931,2026-07-23,P020,114,152,30,236,9
11932,2026-07-24,P020,236,0,46,190,2
11933,2026-07-25,P020,190,0,27,163,9
11934,2026-07-26,P020,163,0,31,132,9
11935,2026-07-27,P020,132,193,31,294,7
11936,2026-07-28,P020,294,0,37,257,7
11937,2026-07-29,P020,257,0,45,212,11
11938,2026-07-30,P020,212,0,30,182,4
11939,2026-07-31,P020,182,0,32,150,3
11940,2026-08-01,P020,150,116,44,222,4
11941,2026-08-02,P020,222,0,39,183,6
11942,2026-08-03,P020,183,0,47,136,5
11943,2026-08-04,P020,136,173,46,263,9
11944,2026-08-05,P020,263,0,47,216,12
11945,2026-08-06,P020,216,0,52,164,15
11946,2026-08-07,P020,164,0,51,113,4
11947,2026-08-08,P020,113,0,37,76,2
11948,2026-08-09,P020,76,155,27,204,2
11949,2026-08-10,P020,204,0,35,169,7
11950,2026-08-11,P020,169,0,31,138,14
11951,2026-08-12,P020,138,154,52,240,14
11952,2026-08-13,P020,240,0,29,211,14
11953,2026-08-14,P020,211,0,35,176,0
11954,2026-08-15,P020,176,0,21,155,15
11955,2026-08-16,P020,155,0,33,122,9
11956,2026-08-17,P020,122,175,35,262,13
11957,2026-08-18,P020,262,0,51,211,15
11958,2026-08-19,P020,211,0,45,166,7
11959,2026-08-20,P020,166,0,44,122,6
11960,2026-08-21,P020,122,138,48,212,9
