sale_id,sale_date,product_id,units_sold,unit_price,promotion,discount_pct,sales_channel
1,2025-01-01,P001,19,74999,False,0,Online
2,2025-01-02,P001,18,74999,False,0,Online
3,2025-01-03,P001,19,74999,False,0,Retail
4,2025-01-04,P001,19,74999,False,0,Online
5,2025-01-05,P001,18,74999,True,10,Retail
6,2025-01-06,P001,18,74999,False,0,Online
7,2025-01-07,P001,21,74999,False,0,B2B
8,2025-01-08,P001,20,74999,False,0,Retail
9,2025-01-09,P001,17,74999,False,0,Online
10,2025-01-10,P001,19,74999,False,0,Retail
11,2025-01-11,P001,19,74999,True,15,Online
12,2025-01-12,P001,15,74999,False,0,Online
13,2025-01-13,P001,19,74999,False,0,Online
14,2025-01-14,P001,14,74999,False,0,Retail
15,2025-01-15,P001,14,74999,False,0,Online
16,2025-01-16,P001,21,74999,True,15,Online
17,2025-01-17,P001,16,74999,False,0,Online
18,2025-01-18,P001,17,74999,False,0,B2B
19,2025-01-19,P001,14,74999,False,0,Retail
20,2025-01-20,P001,15,74999,False,0,B2B
21,2025-01-21,P001,46,74999,True,20,Retail
22,2025-01-22,P001,18,74999,False,0,Online
23,2025-01-23,P001,18,74999,False,0,Retail
24,2025-01-24,P001,15,74999,False,0,Retail
25,2025-01-25,P001,15,74999,False,0,Online
26,2025-01-26,P001,16,74999,False,0,Online
27,2025-01-27,P001,16,74999,False,0,Online
28,2025-01-28,P001,19,74999,False,0,Online
29,2025-01-29,P001,17,74999,False,0,Retail
30,2025-01-30,P001,18,74999,False,0,Online
31,2025-01-31,P001,17,74999,False,0,B2B
32,2025-02-01,P001,19,74999,False,0,Online
33,2025-02-02,P001,16,74999,False,0,Retail
34,2025-02-03,P001,16,74999,False,0,Retail
35,2025-02-04,P001,20,74999,False,0,Retail
36,2025-02-05,P001,16,74999,False,0,Retail
37,2025-02-06,P001,19,74999,False,0,Online
38,2025-02-07,P001,14,74999,False,0,Online
39,2025-02-08,P001,13,74999,False,0,Online
40,2025-02-09,P001,16,74999,False,0,B2B
41,2025-02-10,P001,20,74999,False,0,Online
42,2025-02-11,P001,19,74999,False,0,Retail
43,2025-02-12,P001,18,74999,False,0,Online
44,2025-02-13,P001,18,74999,False,0,Online
45,2025-02-14,P001,17,74999,True,10,Retail
46,2025-02-15,P001,19,74999,True,20,Online
47,2025-02-16,P001,15,74999,False,0,Retail
48,2025-02-17,P001,27,74999,True,20,B2B
49,2025-02-18,P001,19,74999,False,0,Retail
50,2025-02-19,P001,14,74999,False,0,B2B
51,2025-02-20,P001,19,74999,False,0,Online
52,2025-02-21,P001,17,74999,False,0,Retail
53,2025-02-22,P001,15,74999,False,0,B2B
54,2025-02-23,P001,17,74999,False,0,Online
55,2025-02-24,P001,21,74999,False,0,Online
56,2025-02-25,P001,20,74999,False,0,Online
57,2025-02-26,P001,17,74999,False,0,Online
58,2025-02-27,P001,22,74999,True,15,Online
59,2025-02-28,P001,21,74999,True,5,Online
60,2025-03-01,P001,19,74999,False,0,Retail
61,2025-03-02,P001,16,74999,False,0,Retail
62,2025-03-03,P001,19,74999,False,0,Online
63,2025-03-04,P001,17,74999,False,0,Online
64,2025-03-05,P001,16,74999,False,0,Online
65,2025-03-06,P001,24,74999,True,10,Retail
66,2025-03-07,P001,23,74999,False,0,B2B
67,2025-03-08,P001,17,74999,False,0,Online
68,2025-03-09,P001,19,74999,False,0,Retail
69,2025-03-10,P001,20,74999,False,0,Retail
70,2025-03-11,P001,18,74999,False,0,B2B
71,2025-03-12,P001,20,74999,False,0,Online
72,2025-03-13,P001,23,74999,False,0,B2B
73,2025-03-14,P001,25,74999,True,20,Online
74,2025-03-15,P001,20,74999,False,0,B2B
75,2025-03-16,P001,12,74999,False,0,Online
76,2025-03-17,P001,21,74999,False,0,Online
77,2025-03-18,P001,26,74999,True,20,Retail
78,2025-03-19,P001,19,74999,False,0,Retail
79,2025-03-20,P001,19,74999,False,0,Online
80,2025-03-21,P001,15,74999,False,0,Online
81,2025-03-22,P001,17,74999,False,0,Online
82,2025-03-23,P001,18,74999,False,0,Online
83,2025-03-24,P001,23,74999,False,0,Online
84,2025-03-25,P001,18,74999,False,0,Retail
85,2025-03-26,P001,17,74999,False,0,Online
86,2025-03-27,P001,21,74999,True,10,B2B
87,2025-03-28,P001,21,74999,False,0,B2B
88,2025-03-29,P001,18,74999,False,0,Online
89,2025-03-30,P001,16,74999,False,0,B2B
90,2025-03-31,P001,21,74999,False,0,Online
91,2025-04-01,P001,23,74999,True,10,B2B
92,2025-04-02,P001,21,74999,False,0,Online
93,2025-04-03,P001,18,74999,False,0,Online
94,2025-04-04,P001,19,74999,False,0,Online
95,2025-04-05,P001,18,74999,True,5,Online
96,2025-04-06,P001,14,74999,False,0,Online
97,2025-04-07,P001,26,74999,True,20,Online
98,2025-04-08,P001,20,74999,False,0,B2B
99,2025-04-09,P001,19,74999,False,0,Retail
100,2025-04-10,P001,19,74999,False,0,Online
101,2025-04-11,P001,16,74999,False,0,Online
102,2025-04-12,P001,16,74999,False,0,Retail
103,2025-04-13,P001,17,74999,False,0,Online
104,2025-04-14,P001,17,74999,False,0,Online
105,2025-04-15,P001,19,74999,False,0,Retail
106,2025-04-16,P001,20,74999,False,0,B2B
107,2025-04-17,P001,29,74999,True,15,Retail
108,2025-04-18,P001,20,74999,False,0,Online
109,2025-04-19,P001,18,74999,False,0,B2B
110,2025-04-20,P001,17,74999,False,0,Online
111,2025-04-21,P001,15,74999,False,0,Retail
112,2025-04-22,P001,19,74999,False,0,Online
113,2025-04-23,P001,19,74999,False,0,B2B
114,2025-04-24,P001,34,74999,True,20,Online
115,2025-04-25,P001,19,74999,False,0,Retail
116,2025-04-26,P001,18,74999,False,0,Online
117,2025-04-27,P001,17,74999,False,0,Retail
118,2025-04-28,P001,17,74999,False,0,Retail
119,2025-04-29,P001,22,74999,False,0,Online
120,2025-04-30,P001,21,74999,False,0,Retail
121,2025-05-01,P001,20,74999,False,0,B2B
122,2025-05-02,P001,16,74999,False,0,B2B
123,2025-05-03,P001,19,74999,False,0,Online
124,2025-05-04,P001,14,74999,False,0,Online
125,2025-05-05,P001,20,74999,False,0,Retail
126,2025-05-06,P001,24,74999,False,0,Retail
127,2025-05-07,P001,16,74999,False,0,Online
128,2025-05-08,P001,17,74999,False,0,Retail
129,2025-05-09,P001,19,74999,False,0,Retail
130,2025-05-10,P001,16,74999,False,0,Retail
131,2025-05-11,P001,14,74999,False,0,Online
132,2025-05-12,P001,19,74999,False,0,B2B
133,2025-05-13,P001,16,74999,False,0,Retail
134,2025-05-14,P001,20,74999,False,0,Online
135,2025-05-15,P001,17,74999,False,0,Retail
136,2025-05-16,P001,23,74999,False,0,Online
137,2025-05-17,P001,15,74999,False,0,B2B
138,2025-05-18,P001,19,74999,True,15,Retail
139,2025-05-19,P001,20,74999,False,0,B2B
140,2025-05-20,P001,16,74999,False,0,Online
141,2025-05-21,P001,19,74999,False,0,Online
142,2025-05-22,P001,22,74999,False,0,Online
143,2025-05-23,P001,15,74999,False,0,Online
144,2025-05-24,P001,17,74999,False,0,Online
145,2025-05-25,P001,22,74999,True,20,Retail
146,2025-05-26,P001,20,74999,False,0,Retail
147,2025-05-27,P001,16,74999,False,0,Retail
148,2025-05-28,P001,15,74999,False,0,Online
149,2025-05-29,P001,20,74999,False,0,Online
150,2025-05-30,P001,20,74999,False,0,Retail
151,2025-05-31,P001,17,74999,False,0,Retail
152,2025-06-01,P001,17,74999,False,0,Retail
153,2025-06-02,P001,17,74999,False,0,Retail
154,2025-06-03,P001,19,74999,False,0,Retail
155,2025-06-04,P001,20,74999,False,0,Online
156,2025-06-05,P001,17,74999,False,0,Online
157,2025-06-06,P001,23,74999,False,0,Online
158,2025-06-07,P001,17,74999,False,0,B2B
159,2025-06-08,P001,14,74999,False,0,Online
160,2025-06-09,P001,21,74999,False,0,Online
161,2025-06-10,P001,17,74999,False,0,B2B
162,2025-06-11,P001,21,74999,False,0,Retail
163,2025-06-12,P001,35,74999,False,0,Online
164,2025-06-13,P001,17,74999,False,0,Online
165,2025-06-14,P001,19,74999,False,0,Online
166,2025-06-15,P001,17,74999,False,0,Retail
167,2025-06-16,P001,21,74999,False,0,Retail
168,2025-06-17,P001,23,74999,False,0,Online
169,2025-06-18,P001,19,74999,False,0,Retail
170,2025-06-19,P001,17,74999,False,0,Retail
171,2025-06-20,P001,17,74999,False,0,B2B
172,2025-06-21,P001,15,74999,False,0,B2B
173,2025-06-22,P001,16,74999,False,0,Online
174,2025-06-23,P001,19,74999,False,0,Online
175,2025-06-24,P001,20,74999,False,0,Online
176,2025-06-25,P001,21,74999,False,0,Online
177,2025-06-26,P001,18,74999,False,0,Online
178,2025-06-27,P001,22,74999,False,0,Online
179,2025-06-28,P001,16,74999,False,0,Retail
180,2025-06-29,P001,22,74999,False,0,Retail
181,2025-06-30,P001,20,74999,False,0,Retail
182,2025-07-01,P001,17,74999,False,0,Online
183,2025-07-02,P001,16,74999,False,0,Online
184,2025-07-03,P001,20,74999,False,0,Online
185,2025-07-04,P001,18,74999,False,0,Retail
186,2025-07-05,P001,18,74999,False,0,Retail
187,2025-07-06,P001,18,74999,False,0,Retail
188,2025-07-07,P001,18,74999,False,0,Online
189,2025-07-08,P001,16,74999,False,0,B2B
190,2025-07-09,P001,15,74999,False,0,Retail
191,2025-07-10,P001,18,74999,False,0,Retail
192,2025-07-11,P001,21,74999,False,0,Retail
193,2025-07-12,P001,17,74999,False,0,Retail
194,2025-07-13,P001,15,74999,False,0,Online
195,2025-07-14,P001,20,74999,False,0,Online
196,2025-07-15,P001,19,74999,False,0,Retail
197,2025-07-16,P001,17,74999,False,0,Online
198,2025-07-17,P001,20,74999,False,0,Online
199,2025-07-18,P001,20,74999,False,0,Online
200,2025-07-19,P001,15,74999,False,0,B2B
201,2025-07-20,P001,17,74999,False,0,Online
202,2025-07-21,P001,20,74999,False,0,Retail
203,2025-07-22,P001,21,74999,False,0,Online
204,2025-07-23,P001,21,74999,False,0,Retail
205,2025-07-24,P001,16,74999,False,0,Retail
206,2025-07-25,P001,17,74999,False,0,Online
207,2025-07-26,P001,18,74999,False,0,Online
208,2025-07-27,P001,17,74999,False,0,Retail
209,2025-07-28,P001,21,74999,False,0,Online
210,2025-07-29,P001,28,74999,False,0,Online
211,2025-07-30,P001,21,74999,False,0,Online
212,2025-07-31,P001,24,74999,True,5,Retail
213,2025-08-01,P001,25,74999,False,0,Retail
214,2025-08-02,P001,21,74999,False,0,Retail
215,2025-08-03,P001,19,74999,False,0,Online
216,2025-08-04,P001,31,74999,True,15,Retail
217,2025-08-05,P001,21,74999,False,0,Online
218,2025-08-06,P001,22,74999,False,0,Online
219,2025-08-07,P001,22,74999,False,0,Online
220,2025-08-08,P001,24,74999,False,0,Online
221,2025-08-09,P001,25,74999,False,0,Retail
222,2025-08-10,P001,15,74999,False,0,Online
223,2025-08-11,P001,26,74999,False,0,Online
224,2025-08-12,P001,18,74999,False,0,Online
225,2025-08-13,P001,21,74999,False,0,Online
226,2025-08-14,P001,29,74999,True,5,Online
227,2025-08-15,P001,24,74999,False,0,Retail
228,2025-08-16,P001,17,74999,False,0,Online
229,2025-08-17,P001,18,74999,False,0,B2B
230,2025-08-18,P001,25,74999,False,0,Retail
231,2025-08-19,P001,21,74999,False,0,B2B
232,2025-08-20,P001,23,74999,False,0,Online
233,2025-08-21,P001,23,74999,False,0,Retail
234,2025-08-22,P001,27,74999,True,20,Online
235,2025-08-23,P001,28,74999,True,5,Online
236,2025-08-24,P001,22,74999,False,0,B2B
237,2025-08-25,P001,17,74999,False,0,Online
238,2025-08-26,P001,23,74999,False,0,Online
239,2025-08-27,P001,22,74999,False,0,Online
240,2025-08-28,P001,25,74999,False,0,Online
241,2025-08-29,P001,21,74999,False,0,Online
242,2025-08-30,P001,20,74999,False,0,Retail
243,2025-08-31,P001,23,74999,True,5,Online
244,2025-09-01,P001,25,74999,False,0,Retail
245,2025-09-02,P001,22,74999,True,10,Online
246,2025-09-03,P001,22,74999,False,0,Retail
247,2025-09-04,P001,21,74999,False,0,Online
248,2025-09-05,P001,20,74999,False,0,B2B
249,2025-09-06,P001,26,74999,False,0,Online
250,2025-09-07,P001,20,74999,False,0,Online
251,2025-09-08,P001,20,74999,False,0,Online
252,2025-09-09,P001,25,74999,False,0,Retail
253,2025-09-10,P001,30,74999,False,0,B2B
254,2025-09-11,P001,26,74999,False,0,Online
255,2025-09-12,P001,19,74999,False,0,Retail
256,2025-09-13,P001,18,74999,False,0,B2B
257,2025-09-14,P001,24,74999,False,0,Online
258,2025-09-15,P001,21,74999,False,0,B2B
259,2025-09-16,P001,24,74999,False,0,Online
260,2025-09-17,P001,26,74999,False,0,Online
261,2025-09-18,P001,20,74999,False,0,B2B
262,2025-09-19,P001,22,74999,False,0,B2B
263,2025-09-20,P001,13,74999,False,0,Online
264,2025-09-21,P001,17,74999,False,0,Retail
265,2025-09-22,P001,21,74999,False,0,B2B
266,2025-09-23,P001,21,74999,False,0,Online
267,2025-09-24,P001,32,74999,True,10,B2B
268,2025-09-25,P001,20,74999,False,0,Online
269,2025-09-26,P001,21,74999,False,0,Online
270,2025-09-27,P001,21,74999,False,0,Online
271,2025-09-28,P001,23,74999,False,0,Retail
272,2025-09-29,P001,19,74999,False,0,Online
273,2025-09-30,P001,26,74999,False,0,Online
274,2025-10-01,P001,23,74999,False,0,Retail
275,2025-10-02,P001,20,74999,False,0,Online
276,2025-10-03,P001,23,74999,False,0,Retail
277,2025-10-04,P001,20,74999,False,0,Retail
278,2025-10-05,P001,19,74999,False,0,B2B
279,2025-10-06,P001,21,74999,False,0,Retail
280,2025-10-07,P001,24,74999,True,10,Retail
281,2025-10-08,P001,23,74999,False,0,Online
282,2025-10-09,P001,24,74999,False,0,Retail
283,2025-10-10,P001,26,74999,False,0,Retail
284,2025-10-11,P001,16,74999,False,0,Online
285,2025-10-12,P001,23,74999,False,0,B2B
286,2025-10-13,P001,17,74999,False,0,Online
287,2025-10-14,P001,22,74999,False,0,Retail
288,2025-10-15,P001,25,74999,False,0,Online
289,2025-10-16,P001,24,74999,False,0,Online
290,2025-10-17,P001,22,74999,False,0,B2B
291,2025-10-18,P001,19,74999,False,0,Online
292,2025-10-19,P001,19,74999,False,0,Online
293,2025-10-20,P001,20,74999,False,0,Retail
294,2025-10-21,P001,24,74999,False,0,Online
295,2025-10-22,P001,24,74999,False,0,Online
296,2025-10-23,P001,22,74999,False,0,Retail
297,2025-10-24,P001,24,74999,False,0,B2B
298,2025-10-25,P001,20,74999,False,0,Online
299,2025-10-26,P001,20,74999,False,0,Online
300,2025-10-27,P001,24,74999,False,0,B2B
301,2025-10-28,P001,20,74999,False,0,Retail
302,2025-10-29,P001,21,74999,False,0,Online
303,2025-10-30,P001,25,74999,False,0,Retail
304,2025-10-31,P001,23,74999,False,0,B2B
305,2025-11-01,P001,19,74999,False,0,Online
306,2025-11-02,P001,21,74999,False,0,Online
307,2025-11-03,P001,25,74999,False,0,Online
308,2025-11-04,P001,25,74999,True,15,B2B
309,2025-11-05,P001,24,74999,False,0,Retail
310,2025-11-06,P001,22,74999,False,0,Online
311,2025-11-07,P001,28,74999,True,15,B2B
312,2025-11-08,P001,21,74999,False,0,Online
313,2025-11-09,P001,22,74999,False,0,Online
314,2025-11-10,P001,25,74999,False,0,Online
315,2025-11-11,P001,26,74999,False,0,Retail
316,2025-11-12,P001,23,74999,False,0,Online
317,2025-11-13,P001,24,74999,False,0,Online
318,2025-11-14,P001,21,74999,False,0,Online
319,2025-11-15,P001,22,74999,False,0,Online
320,2025-11-16,P001,19,74999,False,0,Retail
321,2025-11-17,P001,23,74999,False,0,Retail
322,2025-11-18,P001,24,74999,False,0,B2B
323,2025-11-19,P001,20,74999,False,0,B2B
324,2025-11-20,P001,27,74999,False,0,Online
325,2025-11-21,P001,19,74999,False,0,Online
326,2025-11-22,P001,18,74999,False,0,Online
327,2025-11-23,P001,22,74999,False,0,Online
328,2025-11-24,P001,25,74999,False,0,Online
329,2025-11-25,P001,24,74999,False,0,Online
330,2025-11-26,P001,26,74999,False,0,Retail
331,2025-11-27,P001,22,74999,False,0,Online
332,2025-11-28,P001,20,74999,False,0,B2B
333,2025-11-29,P001,21,74999,False,0,B2B
334,2025-11-30,P001,19,74999,False,0,Online
335,2025-12-01,P001,24,74999,False,0,B2B
336,2025-12-02,P001,22,74999,False,0,Online
337,2025-12-03,P001,20,74999,False,0,Online
338,2025-12-04,P001,22,74999,False,0,Online
339,2025-12-05,P001,22,74999,False,0,Online
340,2025-12-06,P001,18,74999,False,0,Online
341,2025-12-07,P001,18,74999,False,0,Online
342,2025-12-08,P001,23,74999,False,0,Retail
343,2025-12-09,P001,24,74999,False,0,Online
344,2025-12-10,P001,23,74999,False,0,Online
345,2025-12-11,P001,22,74999,False,0,Online
346,2025-12-12,P001,24,74999,False,0,Online
347,2025-12-13,P001,17,74999,False,0,Online
348,2025-12-14,P001,16,74999,False,0,Retail
349,2025-12-15,P001,21,74999,False,0,Retail
350,2025-12-16,P001,27,74999,True,15,B2B
351,2025-12-17,P001,24,74999,False,0,Retail
352,2025-12-18,P001,25,74999,False,0,Retail
353,2025-12-19,P001,26,74999,False,0,Retail
354,2025-12-20,P001,19,74999,False,0,Retail
355,2025-12-21,P001,19,74999,False,0,B2B
356,2025-12-22,P001,23,74999,True,15,Online
357,2025-12-23,P001,22,74999,False,0,Online
358,2025-12-24,P001,23,74999,False,0,Online
359,2025-12-25,P001,24,74999,False,0,Online
360,2025-12-26,P001,22,74999,False,0,Retail
361,2025-12-27,P001,22,74999,False,0,Retail
362,2025-12-28,P001,23,74999,False,0,Online
363,2025-12-29,P001,22,74999,False,0,Retail
364,2025-12-30,P001,24,74999,False,0,Online
365,2025-12-31,P001,25,74999,False,0,Online
366,2026-01-01,P001,19,74999,False,0,Online
367,2026-01-02,P001,20,74999,False,0,Online
368,2026-01-03,P001,24,74999,True,20,Retail
369,2026-01-04,P001,17,74999,False,0,Retail
370,2026-01-05,P001,17,74999,False,0,Online
371,2026-01-06,P001,19,74999,False,0,Online
372,2026-01-07,P001,20,74999,False,0,Retail
373,2026-01-08,P001,22,74999,False,0,Online
374,2026-01-09,P001,22,74999,False,0,Retail
375,2026-01-10,P001,23,74999,False,0,Online
376,2026-01-11,P001,16,74999,False,0,Retail
377,2026-01-12,P001,26,74999,True,10,Retail
378,2026-01-13,P001,28,74999,True,20,Online
379,2026-01-14,P001,26,74999,False,0,Online
380,2026-01-15,P001,17,74999,False,0,Online
381,2026-01-16,P001,18,74999,False,0,B2B
382,2026-01-17,P001,15,74999,False,0,Retail
383,2026-01-18,P001,13,74999,False,0,Retail
384,2026-01-19,P001,17,74999,False,0,Retail
385,2026-01-20,P001,17,74999,False,0,Online
386,2026-01-21,P001,20,74999,False,0,Online
387,2026-01-22,P001,22,74999,False,0,Online
388,2026-01-23,P001,24,74999,False,0,Online
389,2026-01-24,P001,20,74999,False,0,Online
390,2026-01-25,P001,16,74999,False,0,Online
391,2026-01-26,P001,18,74999,False,0,Retail
392,2026-01-27,P001,22,74999,False,0,Online
393,2026-01-28,P001,16,74999,False,0,Online
394,2026-01-29,P001,26,74999,False,0,B2B
395,2026-01-30,P001,24,74999,False,0,Retail
396,2026-01-31,P001,17,74999,False,0,Retail
397,2026-02-01,P001,14,74999,False,0,Online
398,2026-02-02,P001,24,74999,False,0,Retail
399,2026-02-03,P001,19,74999,False,0,Retail
400,2026-02-04,P001,24,74999,False,0,Online
401,2026-02-05,P001,15,74999,False,0,Retail
402,2026-02-06,P001,19,74999,False,0,Online
403,2026-02-07,P001,19,74999,True,10,Online
404,2026-02-08,P001,19,74999,True,5,Online
405,2026-02-09,P001,26,74999,True,20,Online
406,2026-02-10,P001,22,74999,False,0,Online
407,2026-02-11,P001,18,74999,False,0,Online
408,2026-02-12,P001,18,74999,False,0,Online
409,2026-02-13,P001,21,74999,False,0,Online
410,2026-02-14,P001,18,74999,False,0,Retail
411,2026-02-15,P001,20,74999,False,0,Online
412,2026-02-16,P001,17,74999,False,0,Online
413,2026-02-17,P001,15,74999,False,0,Online
414,2026-02-18,P001,24,74999,False,0,B2B
415,2026-02-19,P001,21,74999,True,5,Retail
416,2026-02-20,P001,19,74999,False,0,Online
417,2026-02-21,P001,21,74999,False,0,Online
418,2026-02-22,P001,19,74999,False,0,Retail
419,2026-02-23,P001,23,74999,False,0,Online
420,2026-02-24,P001,21,74999,False,0,Online
421,2026-02-25,P001,24,74999,False,0,Retail
422,2026-02-26,P001,23,74999,False,0,Online
423,2026-02-27,P001,19,74999,False,0,Retail
424,2026-02-28,P001,20,74999,False,0,Online
425,2026-03-01,P001,20,74999,False,0,B2B
426,2026-03-02,P001,23,74999,False,0,Online
427,2026-03-03,P001,18,74999,False,0,Online
428,2026-03-04,P001,29,74999,True,20,Online
429,2026-03-05,P001,25,74999,False,0,Retail
430,2026-03-06,P001,17,74999,False,0,Retail
431,2026-03-07,P001,16,74999,False,0,B2B
432,2026-03-08,P001,14,74999,False,0,B2B
433,2026-03-09,P001,19,74999,False,0,Online
434,2026-03-10,P001,23,74999,False,0,Retail
435,2026-03-11,P001,26,74999,False,0,Online
436,2026-03-12,P001,20,74999,False,0,Online
437,2026-03-13,P001,27,74999,False,0,B2B
438,2026-03-14,P001,15,74999,False,0,Online
439,2026-03-15,P001,14,74999,False,0,Retail
440,2026-03-16,P001,21,74999,False,0,Online
441,2026-03-17,P001,23,74999,False,0,Retail
442,2026-03-18,P001,20,74999,False,0,Retail
443,2026-03-19,P001,16,74999,False,0,Online
444,2026-03-20,P001,22,74999,False,0,Retail
445,2026-03-21,P001,17,74999,True,5,Online
446,2026-03-22,P001,23,74999,True,5,Retail
447,2026-03-23,P001,35,74999,False,0,Online
448,2026-03-24,P001,17,74999,False,0,B2B
449,2026-03-25,P001,44,74999,True,20,Retail
450,2026-03-26,P001,19,74999,False,0,Retail
451,2026-03-27,P001,21,74999,False,0,B2B
452,2026-03-28,P001,21,74999,False,0,Online
453,2026-03-29,P001,16,74999,False,0,B2B
454,2026-03-30,P001,22,74999,False,0,Online
455,2026-03-31,P001,23,74999,True,5,Online
456,2026-04-01,P001,21,74999,True,5,Online
457,2026-04-02,P001,22,74999,False,0,B2B
458,2026-04-03,P001,20,74999,False,0,Online
459,2026-04-04,P001,19,74999,False,0,Online
460,2026-04-05,P001,17,74999,False,0,Retail
461,2026-04-06,P001,27,74999,False,0,Online
462,2026-04-07,P001,20,74999,False,0,Retail
463,2026-04-08,P001,21,74999,False,0,Retail
464,2026-04-09,P001,23,74999,False,0,Online
465,2026-04-10,P001,22,74999,False,0,Online
466,2026-04-11,P001,19,74999,False,0,Online
467,2026-04-12,P001,19,74999,False,0,Retail
468,2026-04-13,P001,25,74999,False,0,Retail
469,2026-04-14,P001,20,74999,False,0,Online
470,2026-04-15,P001,19,74999,False,0,Retail
471,2026-04-16,P001,20,74999,False,0,Online
472,2026-04-17,P001,15,74999,False,0,Online
473,2026-04-18,P001,15,74999,False,0,Online
474,2026-04-19,P001,23,74999,False,0,Online
475,2026-04-20,P001,26,74999,False,0,Online
476,2026-04-21,P001,21,74999,False,0,B2B
477,2026-04-22,P001,21,74999,False,0,Retail
478,2026-04-23,P001,22,74999,False,0,Retail
479,2026-04-24,P001,30,74999,False,0,Online
480,2026-04-25,P001,20,74999,False,0,Online
481,2026-04-26,P001,19,74999,False,0,Retail
482,2026-04-27,P001,19,74999,False,0,Online
483,2026-04-28,P001,16,74999,False,0,Online
484,2026-04-29,P001,23,74999,False,0,Retail
485,2026-04-30,P001,20,74999,False,0,Retail
486,2026-05-01,P001,17,74999,False,0,Online
487,2026-05-02,P001,16,74999,False,0,B2B
488,2026-05-03,P001,16,74999,False,0,Retail
489,2026-05-04,P001,24,74999,False,0,B2B
490,2026-05-05,P001,21,74999,False,0,Retail
491,2026-05-06,P001,22,74999,False,0,Retail
492,2026-05-07,P001,22,74999,False,0,Retail
493,2026-05-08,P001,19,74999,False,0,Online
494,2026-05-09,P001,16,74999,False,0,Retail
495,2026-05-10,P001,21,74999,False,0,B2B
496,2026-05-11,P001,26,74999,True,15,Retail
497,2026-05-12,P001,18,74999,False,0,Online
498,2026-05-13,P001,20,74999,False,0,Retail
499,2026-05-14,P001,19,74999,False,0,Online
500,2026-05-15,P001,18,74999,False,0,Online
501,2026-05-16,P001,21,74999,False,0,Online
502,2026-05-17,P001,21,74999,False,0,Retail
503,2026-05-18,P001,16,74999,False,0,Online
504,2026-05-19,P001,27,74999,True,10,Online
505,2026-05-20,P001,20,74999,False,0,Online
506,2026-05-21,P001,20,74999,False,0,Online
507,2026-05-22,P001,24,74999,True,15,Retail
508,2026-05-23,P001,15,74999,False,0,Online
509,2026-05-24,P001,17,74999,False,0,Online
510,2026-05-25,P001,18,74999,False,0,Online
511,2026-05-26,P001,19,74999,False,0,Retail
512,2026-05-27,P001,20,74999,False,0,Retail
513,2026-05-28,P001,23,74999,True,5,Retail
514,2026-05-29,P001,18,74999,False,0,Retail
515,2026-05-30,P001,17,74999,False,0,Online
516,2026-05-31,P001,19,74999,False,0,Online
517,2026-06-01,P001,20,74999,False,0,B2B
518,2026-06-02,P001,18,74999,False,0,Online
519,2026-06-03,P001,19,74999,False,0,Online
520,2026-06-04,P001,23,74999,False,0,Online
521,2026-06-05,P001,16,74999,False,0,Online
522,2026-06-06,P001,18,74999,False,0,Retail
523,2026-06-07,P001,17,74999,False,0,Online
524,2026-06-08,P001,21,74999,False,0,Retail
525,2026-06-09,P001,18,74999,False,0,Online
526,2026-06-10,P001,15,74999,False,0,Online
527,2026-06-11,P001,15,74999,False,0,Retail
528,2026-06-12,P001,21,74999,False,0,Online
529,2026-06-13,P001,19,74999,False,0,B2B
530,2026-06-14,P001,16,74999,False,0,Online
531,2026-06-15,P001,21,74999,False,0,Retail
532,2026-06-16,P001,16,74999,False,0,Online
533,2026-06-17,P001,23,74999,True,5,Online
534,2026-06-18,P001,19,74999,False,0,Retail
535,2026-06-19,P001,19,74999,False,0,Online
536,2026-06-20,P001,21,74999,True,15,Retail
537,2026-06-21,P001,15,74999,False,0,Retail
538,2026-06-22,P001,21,74999,False,0,Retail
539,2026-06-23,P001,21,74999,False,0,Online
540,2026-06-24,P001,18,74999,False,0,Online
541,2026-06-25,P001,21,74999,False,0,Retail
542,2026-06-26,P001,17,74999,False,0,Retail
543,2026-06-27,P001,20,74999,True,5,Retail
544,2026-06-28,P001,22,74999,False,0,Online
545,2026-06-29,P001,15,74999,False,0,Online
546,2026-06-30,P001,20,74999,False,0,B2B
547,2026-07-01,P001,23,74999,False,0,Retail
548,2026-07-02,P001,20,74999,False,0,Retail
549,2026-07-03,P001,20,74999,False,0,B2B
550,2026-07-04,P001,23,74999,True,20,Online
551,2026-07-05,P001,16,74999,False,0,Retail
552,2026-07-06,P001,19,74999,False,0,B2B
553,2026-07-07,P001,22,74999,False,0,Online
554,2026-07-08,P001,23,74999,False,0,Online
555,2026-07-09,P001,22,74999,False,0,Retail
556,2026-07-10,P001,18,74999,False,0,Online
557,2026-07-11,P001,22,74999,True,15,B2B
558,2026-07-12,P001,17,74999,False,0,Online
559,2026-07-13,P001,23,74999,False,0,B2B
560,2026-07-14,P001,18,74999,False,0,Online
561,2026-07-15,P001,23,74999,False,0,Online
562,2026-07-16,P001,27,74999,False,0,Retail
563,2026-07-17,P001,21,74999,False,0,B2B
564,2026-07-18,P001,16,74999,False,0,Retail
565,2026-07-19,P001,20,74999,False,0,Online
566,2026-07-20,P001,23,74999,True,15,Retail
567,2026-07-21,P001,17,74999,False,0,Online
568,2026-07-22,P001,18,74999,False,0,Online
569,2026-07-23,P001,17,74999,False,0,Online
570,2026-07-24,P001,20,74999,False,0,B2B
571,2026-07-25,P001,20,74999,False,0,B2B
572,2026-07-26,P001,22,74999,False,0,Retail
573,2026-07-27,P001,24,74999,False,0,Online
574,2026-07-28,P001,19,74999,False,0,Online
575,2026-07-29,P001,22,74999,False,0,Online
576,2026-07-30,P001,15,74999,False,0,Online
577,2026-07-31,P001,22,74999,True,10,Online
578,2026-08-01,P001,23,74999,False,0,Retail
579,2026-08-02,P001,19,74999,False,0,B2B
580,2026-08-03,P001,27,74999,False,0,Online
581,2026-08-04,P001,31,74999,True,10,Retail
582,2026-08-05,P001,25,74999,False,0,Retail
583,2026-08-06,P001,28,74999,False,0,Online
584,2026-08-07,P001,34,74999,False,0,Retail
585,2026-08-08,P001,20,74999,False,0,Online
586,2026-08-09,P001,24,74999,False,0,Online
587,2026-08-10,P001,23,74999,False,0,Online
588,2026-08-11,P001,21,74999,False,0,Retail
589,2026-08-12,P001,26,74999,False,0,B2B
590,2026-08-13,P001,21,74999,False,0,Online
591,2026-08-14,P001,27,74999,False,0,B2B
592,2026-08-15,P001,22,74999,False,0,Online
593,2026-08-16,P001,24,74999,False,0,Online
594,2026-08-17,P001,26,74999,False,0,Retail
595,2026-08-18,P001,31,74999,False,0,Online
596,2026-08-19,P001,22,74999,False,0,Retail
597,2026-08-20,P001,22,74999,False,0,Online
598,2026-08-21,P001,23,74999,False,0,Online
599,2025-01-01,P002,57,69999,False,0,Retail
600,2025-01-02,P002,82,69999,True,20,Retail
601,2025-01-03,P002,65,69999,False,0,Online
602,2025-01-04,P002,47,69999,False,0,Online
603,2025-01-05,P002,58,69999,False,0,Online
604,2025-01-06,P002,70,69999,False,0,B2B
605,2025-01-07,P002,63,69999,False,0,Online
606,2025-01-08,P002,79,69999,True,5,Retail
607,2025-01-09,P002,55,69999,False,0,Retail
608,2025-01-10,P002,51,69999,False,0,B2B
609,2025-01-11,P002,42,69999,False,0,Online
610,2025-01-12,P002,62,69999,False,0,Retail
611,2025-01-13,P002,65,69999,False,0,Online
612,2025-01-14,P002,60,69999,False,0,Online
613,2025-01-15,P002,62,69999,False,0,Retail
614,2025-01-16,P002,52,69999,False,0,Online
615,2025-01-17,P002,78,69999,False,0,B2B
616,2025-01-18,P002,66,69999,True,15,B2B
617,2025-01-19,P002,54,69999,False,0,Retail
618,2025-01-20,P002,65,69999,False,0,Online
619,2025-01-21,P002,64,69999,False,0,Online
620,2025-01-22,P002,62,69999,False,0,Retail
621,2025-01-23,P002,55,69999,False,0,Online
622,2025-01-24,P002,64,69999,False,0,Online
623,2025-01-25,P002,65,69999,False,0,Online
624,2025-01-26,P002,62,69999,False,0,Retail
625,2025-01-27,P002,94,69999,True,20,Online
626,2025-01-28,P002,57,69999,False,0,Online
627,2025-01-29,P002,53,69999,False,0,Online
628,2025-01-30,P002,73,69999,True,15,Online
629,2025-01-31,P002,61,69999,False,0,B2B
630,2025-02-01,P002,79,69999,True,20,Online
631,2025-02-02,P002,42,69999,False,0,Online
632,2025-02-03,P002,72,69999,False,0,Online
633,2025-02-04,P002,60,69999,False,0,B2B
634,2025-02-05,P002,57,69999,False,0,B2B
635,2025-02-06,P002,53,69999,False,0,Retail
636,2025-02-07,P002,56,69999,True,10,B2B
637,2025-02-08,P002,58,69999,False,0,Online
638,2025-02-09,P002,54,69999,False,0,Online
639,2025-02-10,P002,51,69999,False,0,Retail
640,2025-02-11,P002,51,69999,False,0,Retail
641,2025-02-12,P002,59,69999,False,0,Online
642,2025-02-13,P002,72,69999,False,0,Online
643,2025-02-14,P002,59,69999,False,0,Online
644,2025-02-15,P002,44,69999,False,0,Online
645,2025-02-16,P002,52,69999,False,0,Online
646,2025-02-17,P002,59,69999,False,0,Retail
647,2025-02-18,P002,41,69999,False,0,Online
648,2025-02-19,P002,61,69999,False,0,Retail
649,2025-02-20,P002,59,69999,False,0,Retail
650,2025-02-21,P002,66,69999,False,0,Retail
651,2025-02-22,P002,66,69999,False,0,Online
652,2025-02-23,P002,79,69999,True,20,Retail
653,2025-02-24,P002,59,69999,False,0,Retail
654,2025-02-25,P002,53,69999,False,0,Online
655,2025-02-26,P002,98,69999,True,15,Online
656,2025-02-27,P002,76,69999,True,15,Online
657,2025-02-28,P002,75,69999,True,15,Retail
658,2025-03-01,P002,56,69999,False,0,Online
659,2025-03-02,P002,58,69999,False,0,Online
660,2025-03-03,P002,63,69999,False,0,Retail
661,2025-03-04,P002,59,69999,False,0,Online
662,2025-03-05,P002,59,69999,False,0,Online
663,2025-03-06,P002,64,69999,False,0,B2B
664,2025-03-07,P002,61,69999,False,0,B2B
665,2025-03-08,P002,52,69999,False,0,Retail
666,2025-03-09,P002,70,69999,True,15,Online
667,2025-03-10,P002,62,69999,False,0,Online
668,2025-03-11,P002,75,69999,False,0,Retail
669,2025-03-12,P002,44,69999,False,0,Online
670,2025-03-13,P002,72,69999,False,0,Online
671,2025-03-14,P002,73,69999,False,0,Online
672,2025-03-15,P002,43,69999,False,0,Online
673,2025-03-16,P002,54,69999,False,0,Online
674,2025-03-17,P002,62,69999,False,0,Online
675,2025-03-18,P002,53,69999,False,0,Online
676,2025-03-19,P002,59,69999,False,0,Online
677,2025-03-20,P002,56,69999,False,0,Retail
678,2025-03-21,P002,79,69999,False,0,Retail
679,2025-03-22,P002,64,69999,False,0,Online
680,2025-03-23,P002,64,69999,False,0,Online
681,2025-03-24,P002,71,69999,False,0,Retail
682,2025-03-25,P002,55,69999,False,0,B2B
683,2025-03-26,P002,61,69999,False,0,Online
684,2025-03-27,P002,69,69999,False,0,Retail
685,2025-03-28,P002,56,69999,False,0,B2B
686,2025-03-29,P002,61,69999,False,0,Online
687,2025-03-30,P002,55,69999,False,0,Retail
688,2025-03-31,P002,62,69999,False,0,Online
689,2025-04-01,P002,69,69999,False,0,B2B
690,2025-04-02,P002,69,69999,False,0,Online
691,2025-04-03,P002,62,69999,False,0,Online
692,2025-04-04,P002,73,69999,False,0,Online
693,2025-04-05,P002,49,69999,False,0,Online
694,2025-04-06,P002,62,69999,False,0,Retail
695,2025-04-07,P002,70,69999,False,0,Retail
696,2025-04-08,P002,62,69999,False,0,Retail
697,2025-04-09,P002,66,69999,False,0,B2B
698,2025-04-10,P002,55,69999,False,0,Online
699,2025-04-11,P002,72,69999,False,0,Retail
700,2025-04-12,P002,56,69999,False,0,Retail
701,2025-04-13,P002,53,69999,False,0,Online
702,2025-04-14,P002,72,69999,False,0,Online
703,2025-04-15,P002,58,69999,False,0,Online
704,2025-04-16,P002,54,69999,False,0,Online
705,2025-04-17,P002,53,69999,False,0,Online
706,2025-04-18,P002,68,69999,False,0,Online
707,2025-04-19,P002,49,69999,False,0,Online
708,2025-04-20,P002,70,69999,False,0,Online
709,2025-04-21,P002,48,69999,False,0,B2B
710,2025-04-22,P002,79,69999,False,0,Online
711,2025-04-23,P002,71,69999,True,5,Online
712,2025-04-24,P002,63,69999,False,0,Retail
713,2025-04-25,P002,62,69999,False,0,Online
714,2025-04-26,P002,61,69999,False,0,Online
715,2025-04-27,P002,56,69999,False,0,Retail
716,2025-04-28,P002,72,69999,False,0,Retail
717,2025-04-29,P002,66,69999,False,0,Retail
718,2025-04-30,P002,66,69999,False,0,Online
719,2025-05-01,P002,59,69999,False,0,Retail
720,2025-05-02,P002,61,69999,False,0,Online
721,2025-05-03,P002,57,69999,False,0,Online
722,2025-05-04,P002,56,69999,True,20,Online
723,2025-05-05,P002,52,69999,False,0,Retail
724,2025-05-06,P002,68,69999,False,0,Online
725,2025-05-07,P002,63,69999,False,0,Retail
726,2025-05-08,P002,61,69999,False,0,B2B
727,2025-05-09,P002,61,69999,False,0,Online
728,2025-05-10,P002,58,69999,False,0,Retail
729,2025-05-11,P002,62,69999,True,15,B2B
730,2025-05-12,P002,56,69999,False,0,Retail
731,2025-05-13,P002,63,69999,False,0,Retail
732,2025-05-14,P002,55,69999,False,0,Online
733,2025-05-15,P002,64,69999,False,0,Online
734,2025-05-16,P002,50,69999,False,0,Online
735,2025-05-17,P002,63,69999,False,0,Online
736,2025-05-18,P002,59,69999,False,0,Online
737,2025-05-19,P002,66,69999,False,0,Online
738,2025-05-20,P002,68,69999,False,0,Online
739,2025-05-21,P002,76,69999,False,0,Online
740,2025-05-22,P002,69,69999,False,0,Online
741,2025-05-23,P002,49,69999,False,0,B2B
742,2025-05-24,P002,47,69999,False,0,Retail
743,2025-05-25,P002,50,69999,False,0,Online
744,2025-05-26,P002,62,69999,False,0,Retail
745,2025-05-27,P002,65,69999,False,0,Retail
746,2025-05-28,P002,56,69999,False,0,Online
747,2025-05-29,P002,65,69999,False,0,B2B
748,2025-05-30,P002,58,69999,False,0,Retail
749,2025-05-31,P002,50,69999,False,0,Online
750,2025-06-01,P002,45,69999,False,0,B2B
751,2025-06-02,P002,55,69999,False,0,B2B
752,2025-06-03,P002,53,69999,False,0,Retail
753,2025-06-04,P002,55,69999,False,0,Online
754,2025-06-05,P002,69,69999,False,0,Online
755,2025-06-06,P002,56,69999,False,0,Retail
756,2025-06-07,P002,71,69999,False,0,Retail
757,2025-06-08,P002,57,69999,False,0,Online
758,2025-06-09,P002,63,69999,False,0,Online
759,2025-06-10,P002,57,69999,False,0,Online
760,2025-06-11,P002,66,69999,False,0,Online
761,2025-06-12,P002,59,69999,False,0,Retail
762,2025-06-13,P002,62,69999,False,0,Retail
763,2025-06-14,P002,70,69999,False,0,B2B
764,2025-06-15,P002,54,69999,False,0,Online
765,2025-06-16,P002,69,69999,False,0,Online
766,2025-06-17,P002,58,69999,False,0,Online
767,2025-06-18,P002,64,69999,False,0,Online
768,2025-06-19,P002,76,69999,False,0,Online
769,2025-06-20,P002,59,69999,False,0,B2B
770,2025-06-21,P002,66,69999,False,0,Retail
771,2025-06-22,P002,60,69999,False,0,Retail
772,2025-06-23,P002,57,69999,False,0,Online
773,2025-06-24,P002,68,69999,False,0,Online
774,2025-06-25,P002,69,69999,False,0,Retail
775,2025-06-26,P002,69,69999,False,0,B2B
776,2025-06-27,P002,50,69999,False,0,Online
777,2025-06-28,P002,50,69999,False,0,Retail
778,2025-06-29,P002,54,69999,False,0,Retail
779,2025-06-30,P002,62,69999,False,0,Online
780,2025-07-01,P002,68,69999,False,0,Retail
781,2025-07-02,P002,64,69999,False,0,B2B
782,2025-07-03,P002,51,69999,False,0,Retail
783,2025-07-04,P002,67,69999,False,0,Online
784,2025-07-05,P002,58,69999,False,0,Online
785,2025-07-06,P002,60,69999,False,0,Online
786,2025-07-07,P002,73,69999,False,0,Online
787,2025-07-08,P002,67,69999,False,0,Online
788,2025-07-09,P002,66,69999,False,0,Retail
789,2025-07-10,P002,65,69999,False,0,Retail
790,2025-07-11,P002,51,69999,False,0,Retail
791,2025-07-12,P002,60,69999,False,0,Retail
792,2025-07-13,P002,57,69999,False,0,Online
793,2025-07-14,P002,63,69999,False,0,Retail
794,2025-07-15,P002,55,69999,False,0,Retail
795,2025-07-16,P002,53,69999,False,0,Retail
796,2025-07-17,P002,72,69999,False,0,Online
797,2025-07-18,P002,65,69999,False,0,Retail
798,2025-07-19,P002,61,69999,False,0,B2B
799,2025-07-20,P002,57,69999,False,0,Online
800,2025-07-21,P002,64,69999,False,0,Online
801,2025-07-22,P002,92,69999,True,20,Online
802,2025-07-23,P002,59,69999,False,0,Retail
803,2025-07-24,P002,65,69999,False,0,Retail
804,2025-07-25,P002,62,69999,False,0,B2B
805,2025-07-26,P002,55,69999,False,0,B2B
806,2025-07-27,P002,56,69999,False,0,Online
807,2025-07-28,P002,66,69999,False,0,Retail
808,2025-07-29,P002,61,69999,False,0,Retail
809,2025-07-30,P002,71,69999,False,0,Online
810,2025-07-31,P002,57,69999,False,0,B2B
811,2025-08-01,P002,74,69999,False,0,Online
812,2025-08-02,P002,63,69999,False,0,Retail
813,2025-08-03,P002,78,69999,False,0,Online
814,2025-08-04,P002,80,69999,False,0,Online
815,2025-08-05,P002,83,69999,False,0,Retail
816,2025-08-06,P002,61,69999,False,0,Retail
817,2025-08-07,P002,80,69999,False,0,Online
818,2025-08-08,P002,87,69999,False,0,Retail
819,2025-08-09,P002,70,69999,False,0,Online
820,2025-08-10,P002,77,69999,False,0,Retail
821,2025-08-11,P002,74,69999,False,0,B2B
822,2025-08-12,P002,88,69999,False,0,Online
823,2025-08-13,P002,100,69999,False,0,Online
824,2025-08-14,P002,74,69999,False,0,Retail
825,2025-08-15,P002,74,69999,False,0,Online
826,2025-08-16,P002,78,69999,False,0,B2B
827,2025-08-17,P002,82,69999,False,0,Online
828,2025-08-18,P002,70,69999,False,0,Online
829,2025-08-19,P002,72,69999,False,0,B2B
830,2025-08-20,P002,74,69999,False,0,Retail
831,2025-08-21,P002,63,69999,False,0,Online
832,2025-08-22,P002,69,69999,False,0,Retail
833,2025-08-23,P002,61,69999,False,0,Online
834,2025-08-24,P002,60,69999,False,0,Online
835,2025-08-25,P002,75,69999,False,0,Online
836,2025-08-26,P002,79,69999,False,0,Online
837,2025-08-27,P002,89,69999,False,0,B2B
838,2025-08-28,P002,81,69999,True,15,Retail
839,2025-08-29,P002,82,69999,False,0,Online
840,2025-08-30,P002,66,69999,False,0,Online
841,2025-08-31,P002,67,69999,False,0,Online
842,2025-09-01,P002,79,69999,False,0,Retail
843,2025-09-02,P002,66,69999,False,0,Retail
844,2025-09-03,P002,78,69999,False,0,Online
845,2025-09-04,P002,81,69999,False,0,Online
846,2025-09-05,P002,97,69999,True,10,Retail
847,2025-09-06,P002,77,69999,True,10,Retail
848,2025-09-07,P002,88,69999,False,0,Online
849,2025-09-08,P002,72,69999,False,0,Retail
850,2025-09-09,P002,73,69999,False,0,Retail
851,2025-09-10,P002,78,69999,True,5,Retail
852,2025-09-11,P002,72,69999,False,0,Online
853,2025-09-12,P002,84,69999,True,10,Online
854,2025-09-13,P002,76,69999,False,0,B2B
855,2025-09-14,P002,76,69999,False,0,Retail
856,2025-09-15,P002,73,69999,False,0,Retail
857,2025-09-16,P002,115,69999,False,0,Online
858,2025-09-17,P002,94,69999,True,10,B2B
859,2025-09-18,P002,71,69999,False,0,Online
860,2025-09-19,P002,80,69999,False,0,Online
861,2025-09-20,P002,67,69999,False,0,B2B
862,2025-09-21,P002,58,69999,False,0,Retail
863,2025-09-22,P002,96,69999,True,5,Retail
864,2025-09-23,P002,98,69999,False,0,Online
865,2025-09-24,P002,81,69999,True,10,Online
866,2025-09-25,P002,74,69999,False,0,Retail
867,2025-09-26,P002,79,69999,False,0,Online
868,2025-09-27,P002,69,69999,False,0,Online
869,2025-09-28,P002,76,69999,False,0,B2B
870,2025-09-29,P002,95,69999,False,0,Retail
871,2025-09-30,P002,73,69999,False,0,B2B
872,2025-10-01,P002,64,69999,False,0,B2B
873,2025-10-02,P002,63,69999,True,5,Retail
874,2025-10-03,P002,70,69999,False,0,Online
875,2025-10-04,P002,62,69999,False,0,Retail
876,2025-10-05,P002,80,69999,False,0,B2B
877,2025-10-06,P002,70,69999,False,0,Online
878,2025-10-07,P002,73,69999,False,0,Retail
879,2025-10-08,P002,76,69999,False,0,Online
880,2025-10-09,P002,84,69999,False,0,Retail
881,2025-10-10,P002,101,69999,False,0,Online
882,2025-10-11,P002,59,69999,False,0,Online
883,2025-10-12,P002,58,69999,False,0,Online
884,2025-10-13,P002,83,69999,False,0,B2B
885,2025-10-14,P002,79,69999,False,0,Retail
886,2025-10-15,P002,94,69999,False,0,Online
887,2025-10-16,P002,81,69999,False,0,Retail
888,2025-10-17,P002,71,69999,False,0,Online
889,2025-10-18,P002,69,69999,False,0,Online
890,2025-10-19,P002,75,69999,False,0,Online
891,2025-10-20,P002,78,69999,False,0,Online
892,2025-10-21,P002,78,69999,False,0,Online
893,2025-10-22,P002,87,69999,False,0,Online
894,2025-10-23,P002,82,69999,False,0,Online
895,2025-10-24,P002,82,69999,False,0,Retail
896,2025-10-25,P002,67,69999,False,0,Online
897,2025-10-26,P002,62,69999,False,0,Retail
898,2025-10-27,P002,71,69999,False,0,Online
899,2025-10-28,P002,81,69999,False,0,B2B
900,2025-10-29,P002,65,69999,False,0,Retail
901,2025-10-30,P002,81,69999,False,0,Online
902,2025-10-31,P002,73,69999,False,0,Retail
903,2025-11-01,P002,64,69999,False,0,Online
904,2025-11-02,P002,79,69999,False,0,Online
905,2025-11-03,P002,73,69999,False,0,Online
906,2025-11-04,P002,77,69999,False,0,Online
907,2025-11-05,P002,60,69999,False,0,B2B
908,2025-11-06,P002,84,69999,False,0,Online
909,2025-11-07,P002,76,69999,False,0,Retail
910,2025-11-08,P002,86,69999,False,0,Retail
911,2025-11-09,P002,65,69999,False,0,Online
912,2025-11-10,P002,76,69999,False,0,Online
913,2025-11-11,P002,80,69999,False,0,Retail
914,2025-11-12,P002,92,69999,False,0,Online
915,2025-11-13,P002,75,69999,False,0,Online
916,2025-11-14,P002,74,69999,False,0,B2B
917,2025-11-15,P002,70,69999,False,0,Retail
918,2025-11-16,P002,69,69999,False,0,Online
919,2025-11-17,P002,70,69999,False,0,Online
920,2025-11-18,P002,75,69999,False,0,B2B
921,2025-11-19,P002,86,69999,False,0,Retail
922,2025-11-20,P002,63,69999,False,0,Online
923,2025-11-21,P002,76,69999,False,0,Online
924,2025-11-22,P002,69,69999,True,5,Online
925,2025-11-23,P002,94,69999,True,15,Online
926,2025-11-24,P002,58,69999,False,0,Retail
927,2025-11-25,P002,70,69999,False,0,B2B
928,2025-11-26,P002,81,69999,False,0,Online
929,2025-11-27,P002,91,69999,False,0,Online
930,2025-11-28,P002,75,69999,False,0,Online
931,2025-11-29,P002,58,69999,False,0,Online
932,2025-11-30,P002,79,69999,False,0,Online
933,2025-12-01,P002,64,69999,True,5,Retail
934,2025-12-02,P002,57,69999,False,0,Online
935,2025-12-03,P002,82,69999,False,0,Online
936,2025-12-04,P002,80,69999,True,10,Online
937,2025-12-05,P002,62,69999,False,0,Retail
938,2025-12-06,P002,76,69999,False,0,Retail
939,2025-12-07,P002,70,69999,False,0,Retail
940,2025-12-08,P002,72,69999,False,0,Online
941,2025-12-09,P002,69,69999,True,5,Online
942,2025-12-10,P002,86,69999,False,0,Retail
943,2025-12-11,P002,80,69999,False,0,Retail
944,2025-12-12,P002,72,69999,False,0,Retail
945,2025-12-13,P002,79,69999,False,0,Online
946,2025-12-14,P002,56,69999,False,0,Retail
947,2025-12-15,P002,65,69999,False,0,Online
948,2025-12-16,P002,67,69999,False,0,Retail
949,2025-12-17,P002,78,69999,False,0,Online
950,2025-12-18,P002,73,69999,False,0,Online
951,2025-12-19,P002,77,69999,False,0,Online
952,2025-12-20,P002,67,69999,False,0,Retail
953,2025-12-21,P002,55,69999,False,0,Online
954,2025-12-22,P002,87,69999,False,0,Retail
955,2025-12-23,P002,74,69999,False,0,Online
956,2025-12-24,P002,90,69999,False,0,Online
957,2025-12-25,P002,79,69999,False,0,Online
958,2025-12-26,P002,75,69999,False,0,Online
959,2025-12-27,P002,69,69999,False,0,Online
960,2025-12-28,P002,67,69999,False,0,Retail
961,2025-12-29,P002,80,69999,False,0,Retail
962,2025-12-30,P002,93,69999,False,0,Retail
963,2025-12-31,P002,81,69999,False,0,Online
964,2026-01-01,P002,74,69999,False,0,Online
965,2026-01-02,P002,64,69999,False,0,Retail
966,2026-01-03,P002,68,69999,False,0,Online
967,2026-01-04,P002,60,69999,True,5,Online
968,2026-01-05,P002,83,69999,False,0,Online
969,2026-01-06,P002,64,69999,False,0,B2B
970,2026-01-07,P002,57,69999,True,5,Retail
971,2026-01-08,P002,68,69999,False,0,Retail
972,2026-01-09,P002,65,69999,False,0,Online
973,2026-01-10,P002,66,69999,False,0,Retail
974,2026-01-11,P002,53,69999,False,0,Retail
975,2026-01-12,P002,66,69999,False,0,Online
976,2026-01-13,P002,66,69999,True,15,Online
977,2026-01-14,P002,60,69999,False,0,Online
978,2026-01-15,P002,46,69999,False,0,Retail
979,2026-01-16,P002,57,69999,False,0,Online
980,2026-01-17,P002,65,69999,False,0,Retail
981,2026-01-18,P002,60,69999,False,0,Online
982,2026-01-19,P002,73,69999,False,0,Online
983,2026-01-20,P002,75,69999,True,15,Online
984,2026-01-21,P002,70,69999,False,0,Retail
985,2026-01-22,P002,65,69999,False,0,Online
986,2026-01-23,P002,53,69999,False,0,B2B
987,2026-01-24,P002,68,69999,False,0,Retail
988,2026-01-25,P002,61,69999,False,0,Retail
989,2026-01-26,P002,64,69999,False,0,Online
990,2026-01-27,P002,68,69999,False,0,Online
991,2026-01-28,P002,80,69999,True,15,Online
992,2026-01-29,P002,56,69999,True,10,Online
993,2026-01-30,P002,59,69999,False,0,Online
994,2026-01-31,P002,50,69999,False,0,Online
995,2026-02-01,P002,47,69999,False,0,Retail
996,2026-02-02,P002,63,69999,False,0,Online
997,2026-02-03,P002,79,69999,False,0,Online
998,2026-02-04,P002,74,69999,False,0,Retail
999,2026-02-05,P002,60,69999,False,0,Online
1000,2026-02-06,P002,75,69999,False,0,Retail
1001,2026-02-07,P002,69,69999,False,0,Online
1002,2026-02-08,P002,65,69999,True,5,Online
1003,2026-02-09,P002,64,69999,False,0,Online
1004,2026-02-10,P002,58,69999,False,0,Online
1005,2026-02-11,P002,75,69999,False,0,Retail
1006,2026-02-12,P002,68,69999,False,0,Online
1007,2026-02-13,P002,100,69999,True,20,B2B
1008,2026-02-14,P002,60,69999,False,0,Online
1009,2026-02-15,P002,71,69999,False,0,Online
1010,2026-02-16,P002,64,69999,False,0,Online
1011,2026-02-17,P002,76,69999,False,0,Online
1012,2026-02-18,P002,70,69999,False,0,Online
1013,2026-02-19,P002,83,69999,False,0,Online
1014,2026-02-20,P002,63,69999,False,0,Online
1015,2026-02-21,P002,65,69999,False,0,Online
1016,2026-02-22,P002,57,69999,False,0,Retail
1017,2026-02-23,P002,63,69999,False,0,Online
1018,2026-02-24,P002,63,69999,False,0,B2B
1019,2026-02-25,P002,82,69999,True,15,Retail
1020,2026-02-26,P002,73,69999,False,0,B2B
1021,2026-02-27,P002,74,69999,False,0,Online
1022,2026-02-28,P002,52,69999,False,0,Online
1023,2026-03-01,P002,65,69999,False,0,Online
1024,2026-03-02,P002,91,69999,False,0,Online
1025,2026-03-03,P002,88,69999,False,0,B2B
1026,2026-03-04,P002,86,69999,True,10,Retail
1027,2026-03-05,P002,71,69999,False,0,Online
1028,2026-03-06,P002,74,69999,False,0,Online
1029,2026-03-07,P002,67,69999,False,0,B2B
1030,2026-03-08,P002,57,69999,False,0,Retail
1031,2026-03-09,P002,64,69999,False,0,Online
1032,2026-03-10,P002,52,69999,False,0,B2B
1033,2026-03-11,P002,75,69999,True,5,Online
1034,2026-03-12,P002,76,69999,False,0,Retail
1035,2026-03-13,P002,68,69999,False,0,Retail
1036,2026-03-14,P002,68,69999,False,0,Online
1037,2026-03-15,P002,60,69999,True,5,Retail
1038,2026-03-16,P002,62,69999,False,0,Online
1039,2026-03-17,P002,73,69999,False,0,Retail
1040,2026-03-18,P002,74,69999,False,0,Online
1041,2026-03-19,P002,81,69999,False,0,Retail
1042,2026-03-20,P002,67,69999,False,0,Retail
1043,2026-03-21,P002,73,69999,False,0,Retail
1044,2026-03-22,P002,64,69999,False,0,Retail
1045,2026-03-23,P002,69,69999,False,0,Retail
1046,2026-03-24,P002,79,69999,False,0,Retail
1047,2026-03-25,P002,82,69999,False,0,Retail
1048,2026-03-26,P002,60,69999,False,0,Retail
1049,2026-03-27,P002,81,69999,False,0,Online
1050,2026-03-28,P002,72,69999,False,0,B2B
1051,2026-03-29,P002,58,69999,False,0,Online
1052,2026-03-30,P002,71,69999,False,0,Online
1053,2026-03-31,P002,79,69999,False,0,Retail
1054,2026-04-01,P002,73,69999,False,0,Online
1055,2026-04-02,P002,64,69999,False,0,Retail
1056,2026-04-03,P002,62,69999,False,0,Online
1057,2026-04-04,P002,66,69999,False,0,Retail
1058,2026-04-05,P002,67,69999,False,0,Retail
1059,2026-04-06,P002,80,69999,False,0,Retail
1060,2026-04-07,P002,74,69999,True,5,Online
1061,2026-04-08,P002,82,69999,False,0,Online
1062,2026-04-09,P002,49,69999,False,0,B2B
1063,2026-04-10,P002,82,69999,False,0,Retail
1064,2026-04-11,P002,48,69999,False,0,Retail
1065,2026-04-12,P002,56,69999,False,0,B2B
1066,2026-04-13,P002,64,69999,False,0,Online
1067,2026-04-14,P002,63,69999,False,0,Online
1068,2026-04-15,P002,84,69999,False,0,Online
1069,2026-04-16,P002,66,69999,False,0,Online
1070,2026-04-17,P002,70,69999,False,0,Retail
1071,2026-04-18,P002,67,69999,False,0,Online
1072,2026-04-19,P002,65,69999,False,0,Online
1073,2026-04-20,P002,70,69999,False,0,Online
1074,2026-04-21,P002,62,69999,False,0,Online
1075,2026-04-22,P002,84,69999,False,0,Online
1076,2026-04-23,P002,72,69999,False,0,Online
1077,2026-04-24,P002,65,69999,True,5,Retail
1078,2026-04-25,P002,55,69999,False,0,Online
1079,2026-04-26,P002,78,69999,False,0,Online
1080,2026-04-27,P002,81,69999,False,0,Retail
1081,2026-04-28,P002,68,69999,False,0,Retail
1082,2026-04-29,P002,70,69999,False,0,Retail
1083,2026-04-30,P002,75,69999,True,10,Retail
1084,2026-05-01,P002,105,69999,False,0,Retail
1085,2026-05-02,P002,64,69999,False,0,Online
1086,2026-05-03,P002,60,69999,False,0,B2B
1087,2026-05-04,P002,76,69999,False,0,Online
1088,2026-05-05,P002,82,69999,True,10,Online
1089,2026-05-06,P002,82,69999,True,10,Online
1090,2026-05-07,P002,66,69999,False,0,Retail
1091,2026-05-08,P002,65,69999,False,0,B2B
1092,2026-05-09,P002,70,69999,True,15,B2B
1093,2026-05-10,P002,84,69999,True,15,Online
1094,2026-05-11,P002,67,69999,False,0,Retail
1095,2026-05-12,P002,76,69999,False,0,Online
1096,2026-05-13,P002,68,69999,False,0,Retail
1097,2026-05-14,P002,68,69999,False,0,Retail
1098,2026-05-15,P002,53,69999,False,0,Retail
1099,2026-05-16,P002,71,69999,False,0,B2B
1100,2026-05-17,P002,65,69999,False,0,Online
1101,2026-05-18,P002,70,69999,False,0,Online
1102,2026-05-19,P002,47,69999,False,0,Online
1103,2026-05-20,P002,92,69999,False,0,Retail
1104,2026-05-21,P002,71,69999,False,0,Online
1105,2026-05-22,P002,72,69999,False,0,B2B
1106,2026-05-23,P002,53,69999,False,0,Retail
1107,2026-05-24,P002,66,69999,True,5,Online
1108,2026-05-25,P002,59,69999,False,0,Online
1109,2026-05-26,P002,67,69999,False,0,Online
1110,2026-05-27,P002,76,69999,False,0,B2B
1111,2026-05-28,P002,63,69999,False,0,Online
1112,2026-05-29,P002,65,69999,False,0,Retail
1113,2026-05-30,P002,68,69999,False,0,Online
1114,2026-05-31,P002,67,69999,False,0,Retail
1115,2026-06-01,P002,68,69999,False,0,Retail
1116,2026-06-02,P002,73,69999,False,0,Online
1117,2026-06-03,P002,87,69999,False,0,Online
1118,2026-06-04,P002,68,69999,False,0,Online
1119,2026-06-05,P002,73,69999,False,0,Online
1120,2026-06-06,P002,72,69999,False,0,Online
1121,2026-06-07,P002,65,69999,False,0,B2B
1122,2026-06-08,P002,77,69999,False,0,Online
1123,2026-06-09,P002,69,69999,False,0,Retail
1124,2026-06-10,P002,58,69999,False,0,Online
1125,2026-06-11,P002,88,69999,False,0,Online
1126,2026-06-12,P002,57,69999,False,0,Online
1127,2026-06-13,P002,65,69999,False,0,Retail
1128,2026-06-14,P002,50,69999,False,0,B2B
1129,2026-06-15,P002,69,69999,False,0,Online
1130,2026-06-16,P002,66,69999,False,0,B2B
1131,2026-06-17,P002,66,69999,False,0,Online
1132,2026-06-18,P002,69,69999,False,0,Online
1133,2026-06-19,P002,76,69999,False,0,Online
1134,2026-06-20,P002,87,69999,True,20,Retail
1135,2026-06-21,P002,53,69999,False,0,Retail
1136,2026-06-22,P002,76,69999,False,0,Retail
1137,2026-06-23,P002,74,69999,False,0,Retail
1138,2026-06-24,P002,72,69999,True,10,Online
1139,2026-06-25,P002,84,69999,True,15,Online
1140,2026-06-26,P002,68,69999,False,0,Online
1141,2026-06-27,P002,60,69999,False,0,Retail
1142,2026-06-28,P002,77,69999,False,0,Online
1143,2026-06-29,P002,71,69999,False,0,Retail
1144,2026-06-30,P002,73,69999,False,0,Online
1145,2026-07-01,P002,62,69999,False,0,Online
1146,2026-07-02,P002,65,69999,False,0,Retail
1147,2026-07-03,P002,65,69999,False,0,Retail
1148,2026-07-04,P002,51,69999,False,0,Online
1149,2026-07-05,P002,77,69999,False,0,Retail
1150,2026-07-06,P002,67,69999,False,0,Retail
1151,2026-07-07,P002,60,69999,False,0,Online
1152,2026-07-08,P002,49,69999,False,0,Online
1153,2026-07-09,P002,67,69999,False,0,Retail
1154,2026-07-10,P002,70,69999,True,15,Retail
1155,2026-07-11,P002,65,69999,False,0,Retail
1156,2026-07-12,P002,65,69999,False,0,Online
1157,2026-07-13,P002,65,69999,False,0,Retail
1158,2026-07-14,P002,79,69999,False,0,Online
1159,2026-07-15,P002,80,69999,False,0,Retail
1160,2026-07-16,P002,66,69999,False,0,Retail
1161,2026-07-17,P002,46,69999,False,0,Retail
1162,2026-07-18,P002,82,69999,False,0,Online
1163,2026-07-19,P002,51,69999,False,0,Retail
1164,2026-07-20,P002,60,69999,False,0,Online
1165,2026-07-21,P002,70,69999,False,0,Retail
1166,2026-07-22,P002,90,69999,False,0,B2B
1167,2026-07-23,P002,84,69999,False,0,Online
1168,2026-07-24,P002,72,69999,False,0,Online
1169,2026-07-25,P002,71,69999,False,0,Online
1170,2026-07-26,P002,71,69999,False,0,Online
1171,2026-07-27,P002,68,69999,False,0,Online
1172,2026-07-28,P002,78,69999,False,0,Retail
1173,2026-07-29,P002,65,69999,False,0,B2B
1174,2026-07-30,P002,71,69999,False,0,Online
1175,2026-07-31,P002,66,69999,False,0,Retail
1176,2026-08-01,P002,94,69999,True,20,Online
1177,2026-08-02,P002,61,69999,False,0,Retail
1178,2026-08-03,P002,84,69999,False,0,Online
1179,2026-08-04,P002,73,69999,False,0,Online
1180,2026-08-05,P002,67,69999,False,0,Retail
1181,2026-08-06,P002,78,69999,False,0,Online
1182,2026-08-07,P002,106,69999,False,0,Online
1183,2026-08-08,P002,78,69999,False,0,Online
1184,2026-08-09,P002,53,69999,False,0,Online
1185,2026-08-10,P002,67,69999,False,0,B2B
1186,2026-08-11,P002,95,69999,False,0,Online
1187,2026-08-12,P002,71,69999,False,0,Retail
1188,2026-08-13,P002,73,69999,False,0,Retail
1189,2026-08-14,P002,81,69999,False,0,Online
1190,2026-08-15,P002,62,69999,False,0,Online
1191,2026-08-16,P002,81,69999,False,0,Online
1192,2026-08-17,P002,68,69999,False,0,Online
1193,2026-08-18,P002,83,69999,False,0,Online
1194,2026-08-19,P002,79,69999,False,0,Online
1195,2026-08-20,P002,65,69999,False,0,Online
1196,2026-08-21,P002,92,69999,False,0,Online
1197,2025-01-01,P003,70,67999,False,0,Online
1198,2025-01-02,P003,75,67999,False,0,Online
1199,2025-01-03,P003,72,67999,False,0,B2B
1200,2025-01-04,P003,72,67999,False,0,Online
1201,2025-01-05,P003,63,67999,False,0,Retail
1202,2025-01-06,P003,66,67999,False,0,Online
1203,2025-01-07,P003,71,67999,False,0,Retail
1204,2025-01-08,P003,75,67999,False,0,Online
1205,2025-01-09,P003,82,67999,True,10,B2B
1206,2025-01-10,P003,71,67999,False,0,Retail
1207,2025-01-11,P003,57,67999,False,0,Online
1208,2025-01-12,P003,57,67999,False,0,Retail
1209,2025-01-13,P003,58,67999,False,0,Retail
1210,2025-01-14,P003,85,67999,False,0,Retail
1211,2025-01-15,P003,60,67999,False,0,Online
1212,2025-01-16,P003,107,67999,False,0,Retail
1213,2025-01-17,P003,64,67999,False,0,Online
1214,2025-01-18,P003,69,67999,False,0,Online
1215,2025-01-19,P003,60,67999,False,0,Online
1216,2025-01-20,P003,81,67999,False,0,Retail
1217,2025-01-21,P003,64,67999,False,0,Online
1218,2025-01-22,P003,95,67999,True,20,B2B
1219,2025-01-23,P003,63,67999,False,0,B2B
1220,2025-01-24,P003,89,67999,False,0,Retail
1221,2025-01-25,P003,53,67999,False,0,Online
1222,2025-01-26,P003,87,67999,False,0,Retail
1223,2025-01-27,P003,76,67999,False,0,Retail
1224,2025-01-28,P003,74,67999,False,0,Retail
1225,2025-01-29,P003,69,67999,False,0,Online
1226,2025-01-30,P003,70,67999,False,0,Retail
1227,2025-01-31,P003,76,67999,True,5,Retail
1228,2025-02-01,P003,61,67999,False,0,Retail
1229,2025-02-02,P003,69,67999,False,0,Retail
1230,2025-02-03,P003,89,67999,False,0,Retail
1231,2025-02-04,P003,66,67999,False,0,Online
1232,2025-02-05,P003,59,67999,False,0,Online
1233,2025-02-06,P003,70,67999,False,0,Retail
1234,2025-02-07,P003,93,67999,False,0,Retail
1235,2025-02-08,P003,56,67999,False,0,Online
1236,2025-02-09,P003,75,67999,False,0,Online
1237,2025-02-10,P003,85,67999,False,0,B2B
1238,2025-02-11,P003,66,67999,False,0,Online
1239,2025-02-12,P003,76,67999,False,0,Retail
1240,2025-02-13,P003,84,67999,False,0,Retail
1241,2025-02-14,P003,68,67999,False,0,Online
1242,2025-02-15,P003,61,67999,False,0,Online
1243,2025-02-16,P003,58,67999,False,0,Online
1244,2025-02-17,P003,82,67999,True,20,Online
1245,2025-02-18,P003,66,67999,False,0,Online
1246,2025-02-19,P003,61,67999,False,0,B2B
1247,2025-02-20,P003,70,67999,False,0,Retail
1248,2025-02-21,P003,65,67999,False,0,B2B
1249,2025-02-22,P003,64,67999,False,0,B2B
1250,2025-02-23,P003,51,67999,False,0,Online
1251,2025-02-24,P003,74,67999,False,0,Retail
1252,2025-02-25,P003,79,67999,False,0,Online
1253,2025-02-26,P003,54,67999,False,0,Retail
1254,2025-02-27,P003,81,67999,True,5,Retail
1255,2025-02-28,P003,81,67999,False,0,Online
1256,2025-03-01,P003,65,67999,True,10,Retail
1257,2025-03-02,P003,79,67999,False,0,Online
1258,2025-03-03,P003,79,67999,False,0,B2B
1259,2025-03-04,P003,69,67999,False,0,Online
1260,2025-03-05,P003,75,67999,False,0,Online
1261,2025-03-06,P003,80,67999,False,0,Online
1262,2025-03-07,P003,81,67999,True,5,Online
1263,2025-03-08,P003,69,67999,False,0,Online
1264,2025-03-09,P003,59,67999,False,0,Online
1265,2025-03-10,P003,76,67999,False,0,Online
1266,2025-03-11,P003,62,67999,False,0,Online
1267,2025-03-12,P003,73,67999,False,0,Online
1268,2025-03-13,P003,68,67999,False,0,B2B
1269,2025-03-14,P003,69,67999,False,0,B2B
1270,2025-03-15,P003,76,67999,False,0,Online
1271,2025-03-16,P003,74,67999,False,0,Retail
1272,2025-03-17,P003,105,67999,True,20,Retail
1273,2025-03-18,P003,66,67999,False,0,Online
1274,2025-03-19,P003,73,67999,False,0,B2B
1275,2025-03-20,P003,85,67999,False,0,Online
1276,2025-03-21,P003,76,67999,False,0,Retail
1277,2025-03-22,P003,84,67999,False,0,Retail
1278,2025-03-23,P003,69,67999,False,0,Online
1279,2025-03-24,P003,87,67999,True,10,Online
1280,2025-03-25,P003,72,67999,False,0,Retail
1281,2025-03-26,P003,76,67999,False,0,Online
1282,2025-03-27,P003,80,67999,True,5,Retail
1283,2025-03-28,P003,82,67999,False,0,Retail
1284,2025-03-29,P003,74,67999,False,0,Retail
1285,2025-03-30,P003,65,67999,True,5,Retail
1286,2025-03-31,P003,62,67999,False,0,Retail
1287,2025-04-01,P003,58,67999,False,0,Online
1288,2025-04-02,P003,81,67999,False,0,Retail
1289,2025-04-03,P003,64,67999,False,0,Retail
1290,2025-04-04,P003,56,67999,False,0,Retail
1291,2025-04-05,P003,69,67999,False,0,Online
1292,2025-04-06,P003,85,67999,False,0,Online
1293,2025-04-07,P003,76,67999,False,0,Online
1294,2025-04-08,P003,82,67999,False,0,Retail
1295,2025-04-09,P003,77,67999,False,0,B2B
1296,2025-04-10,P003,79,67999,True,5,Retail
1297,2025-04-11,P003,83,67999,False,0,Online
1298,2025-04-12,P003,63,67999,False,0,Online
1299,2025-04-13,P003,68,67999,False,0,Retail
1300,2025-04-14,P003,79,67999,False,0,Retail
1301,2025-04-15,P003,69,67999,False,0,Online
1302,2025-04-16,P003,86,67999,False,0,B2B
1303,2025-04-17,P003,75,67999,False,0,Retail
1304,2025-04-18,P003,73,67999,True,5,Retail
1305,2025-04-19,P003,72,67999,False,0,Retail
1306,2025-04-20,P003,58,67999,False,0,Online
1307,2025-04-21,P003,75,67999,False,0,Online
1308,2025-04-22,P003,76,67999,False,0,Retail
1309,2025-04-23,P003,85,67999,False,0,Retail
1310,2025-04-24,P003,80,67999,False,0,Retail
1311,2025-04-25,P003,75,67999,False,0,Online
1312,2025-04-26,P003,74,67999,False,0,Online
1313,2025-04-27,P003,78,67999,False,0,Online
1314,2025-04-28,P003,82,67999,False,0,Online
1315,2025-04-29,P003,77,67999,False,0,Online
1316,2025-04-30,P003,63,67999,False,0,Online
1317,2025-05-01,P003,64,67999,False,0,Online
1318,2025-05-02,P003,71,67999,False,0,Retail
1319,2025-05-03,P003,59,67999,False,0,B2B
1320,2025-05-04,P003,61,67999,False,0,B2B
1321,2025-05-05,P003,73,67999,False,0,Retail
1322,2025-05-06,P003,78,67999,False,0,Retail
1323,2025-05-07,P003,73,67999,False,0,Retail
1324,2025-05-08,P003,75,67999,False,0,Online
1325,2025-05-09,P003,97,67999,True,20,Retail
1326,2025-05-10,P003,49,67999,False,0,Retail
1327,2025-05-11,P003,55,67999,False,0,Online
1328,2025-05-12,P003,70,67999,False,0,Online
1329,2025-05-13,P003,61,67999,False,0,Retail
1330,2025-05-14,P003,76,67999,False,0,B2B
1331,2025-05-15,P003,85,67999,False,0,Online
1332,2025-05-16,P003,84,67999,False,0,B2B
1333,2025-05-17,P003,81,67999,True,20,Retail
1334,2025-05-18,P003,76,67999,False,0,Retail
1335,2025-05-19,P003,74,67999,False,0,Online
1336,2025-05-20,P003,71,67999,False,0,Online
1337,2025-05-21,P003,83,67999,True,15,Retail
1338,2025-05-22,P003,68,67999,False,0,B2B
1339,2025-05-23,P003,68,67999,False,0,B2B
1340,2025-05-24,P003,65,67999,False,0,Retail
1341,2025-05-25,P003,64,67999,False,0,Retail
1342,2025-05-26,P003,88,67999,True,15,Online
1343,2025-05-27,P003,78,67999,False,0,Retail
1344,2025-05-28,P003,85,67999,False,0,Retail
1345,2025-05-29,P003,82,67999,False,0,Online
1346,2025-05-30,P003,80,67999,True,20,Online
1347,2025-05-31,P003,46,67999,False,0,Retail
1348,2025-06-01,P003,71,67999,False,0,Retail
1349,2025-06-02,P003,60,67999,False,0,Online
1350,2025-06-03,P003,70,67999,False,0,Online
1351,2025-06-04,P003,61,67999,False,0,B2B
1352,2025-06-05,P003,58,67999,False,0,Retail
1353,2025-06-06,P003,77,67999,False,0,Retail
1354,2025-06-07,P003,70,67999,False,0,Retail
1355,2025-06-08,P003,58,67999,False,0,B2B
1356,2025-06-09,P003,63,67999,True,15,B2B
1357,2025-06-10,P003,69,67999,False,0,Online
1358,2025-06-11,P003,75,67999,False,0,Retail
1359,2025-06-12,P003,59,67999,False,0,Retail
1360,2025-06-13,P003,74,67999,False,0,Retail
1361,2025-06-14,P003,65,67999,False,0,Online
1362,2025-06-15,P003,71,67999,False,0,Online
1363,2025-06-16,P003,76,67999,False,0,B2B
1364,2025-06-17,P003,63,67999,False,0,Online
1365,2025-06-18,P003,84,67999,False,0,B2B
1366,2025-06-19,P003,73,67999,False,0,Retail
1367,2025-06-20,P003,74,67999,False,0,Online
1368,2025-06-21,P003,61,67999,True,5,Online
1369,2025-06-22,P003,62,67999,False,0,Online
1370,2025-06-23,P003,66,67999,False,0,B2B
1371,2025-06-24,P003,92,67999,True,20,B2B
1372,2025-06-25,P003,91,67999,False,0,Retail
1373,2025-06-26,P003,75,67999,True,15,Retail
1374,2025-06-27,P003,59,67999,False,0,Online
1375,2025-06-28,P003,78,67999,False,0,Retail
1376,2025-06-29,P003,63,67999,False,0,Online
1377,2025-06-30,P003,69,67999,False,0,B2B
1378,2025-07-01,P003,80,67999,False,0,Online
1379,2025-07-02,P003,68,67999,False,0,Online
1380,2025-07-03,P003,92,67999,False,0,Online
1381,2025-07-04,P003,82,67999,False,0,Retail
1382,2025-07-05,P003,62,67999,False,0,Online
1383,2025-07-06,P003,101,67999,True,15,Online
1384,2025-07-07,P003,68,67999,False,0,Online
1385,2025-07-08,P003,79,67999,False,0,Online
1386,2025-07-09,P003,77,67999,False,0,Online
1387,2025-07-10,P003,86,67999,False,0,Online
1388,2025-07-11,P003,112,67999,True,15,Retail
1389,2025-07-12,P003,67,67999,False,0,Retail
1390,2025-07-13,P003,57,67999,False,0,Retail
1391,2025-07-14,P003,93,67999,True,15,Retail
1392,2025-07-15,P003,82,67999,True,15,B2B
1393,2025-07-16,P003,90,67999,False,0,B2B
1394,2025-07-17,P003,75,67999,False,0,Online
1395,2025-07-18,P003,72,67999,False,0,Retail
1396,2025-07-19,P003,67,67999,False,0,Retail
1397,2025-07-20,P003,53,67999,False,0,Online
1398,2025-07-21,P003,65,67999,False,0,Online
1399,2025-07-22,P003,87,67999,False,0,Online
1400,2025-07-23,P003,66,67999,False,0,Retail
1401,2025-07-24,P003,65,67999,False,0,Retail
1402,2025-07-25,P003,76,67999,False,0,Retail
1403,2025-07-26,P003,77,67999,False,0,Online
1404,2025-07-27,P003,72,67999,False,0,Retail
1405,2025-07-28,P003,82,67999,False,0,Retail
1406,2025-07-29,P003,66,67999,False,0,Online
1407,2025-07-30,P003,59,67999,False,0,Retail
1408,2025-07-31,P003,117,67999,True,20,Online
1409,2025-08-01,P003,82,67999,False,0,Online
1410,2025-08-02,P003,73,67999,False,0,Retail
1411,2025-08-03,P003,92,67999,False,0,Online
1412,2025-08-04,P003,98,67999,False,0,Online
1413,2025-08-05,P003,96,67999,False,0,Online
1414,2025-08-06,P003,109,67999,False,0,Online
1415,2025-08-07,P003,82,67999,False,0,Online
1416,2025-08-08,P003,96,67999,False,0,B2B
1417,2025-08-09,P003,79,67999,False,0,Online
1418,2025-08-10,P003,81,67999,False,0,Retail
1419,2025-08-11,P003,105,67999,False,0,Online
1420,2025-08-12,P003,93,67999,False,0,Online
1421,2025-08-13,P003,99,67999,False,0,Online
1422,2025-08-14,P003,103,67999,False,0,Online
1423,2025-08-15,P003,84,67999,False,0,Retail
1424,2025-08-16,P003,69,67999,False,0,Retail
1425,2025-08-17,P003,67,67999,False,0,Online
1426,2025-08-18,P003,70,67999,False,0,Online
1427,2025-08-19,P003,116,67999,False,0,Online
1428,2025-08-20,P003,91,67999,True,10,Retail
1429,2025-08-21,P003,90,67999,False,0,Online
1430,2025-08-22,P003,85,67999,False,0,Retail
1431,2025-08-23,P003,81,67999,False,0,Online
1432,2025-08-24,P003,88,67999,False,0,Retail
1433,2025-08-25,P003,101,67999,False,0,Retail
1434,2025-08-26,P003,86,67999,False,0,Online
1435,2025-08-27,P003,87,67999,False,0,Online
1436,2025-08-28,P003,104,67999,True,5,Online
1437,2025-08-29,P003,83,67999,False,0,Online
1438,2025-08-30,P003,92,67999,False,0,Retail
1439,2025-08-31,P003,83,67999,False,0,Online
1440,2025-09-01,P003,97,67999,False,0,Retail
1441,2025-09-02,P003,104,67999,True,5,B2B
1442,2025-09-03,P003,98,67999,False,0,Online
1443,2025-09-04,P003,87,67999,False,0,Retail
1444,2025-09-05,P003,78,67999,False,0,Online
1445,2025-09-06,P003,82,67999,False,0,Online
1446,2025-09-07,P003,73,67999,False,0,Retail
1447,2025-09-08,P003,100,67999,True,15,B2B
1448,2025-09-09,P003,97,67999,False,0,Online
1449,2025-09-10,P003,121,67999,True,15,Retail
1450,2025-09-11,P003,86,67999,False,0,Online
1451,2025-09-12,P003,91,67999,False,0,Retail
1452,2025-09-13,P003,93,67999,False,0,B2B
1453,2025-09-14,P003,78,67999,False,0,Online
1454,2025-09-15,P003,116,67999,False,0,Retail
1455,2025-09-16,P003,100,67999,False,0,Retail
1456,2025-09-17,P003,74,67999,False,0,Retail
1457,2025-09-18,P003,101,67999,False,0,Online
1458,2025-09-19,P003,94,67999,False,0,Retail
1459,2025-09-20,P003,90,67999,False,0,Retail
1460,2025-09-21,P003,88,67999,False,0,Online
1461,2025-09-22,P003,84,67999,False,0,Online
1462,2025-09-23,P003,79,67999,False,0,Online
1463,2025-09-24,P003,113,67999,True,20,Online
1464,2025-09-25,P003,77,67999,False,0,Online
1465,2025-09-26,P003,85,67999,False,0,Online
1466,2025-09-27,P003,85,67999,False,0,B2B
1467,2025-09-28,P003,96,67999,False,0,Online
1468,2025-09-29,P003,96,67999,False,0,Online
1469,2025-09-30,P003,78,67999,False,0,B2B
1470,2025-10-01,P003,95,67999,False,0,Online
1471,2025-10-02,P003,98,67999,False,0,Retail
1472,2025-10-03,P003,83,67999,False,0,B2B
1473,2025-10-04,P003,76,67999,False,0,Online
1474,2025-10-05,P003,73,67999,False,0,Online
1475,2025-10-06,P003,93,67999,True,15,Retail
1476,2025-10-07,P003,92,67999,False,0,Online
1477,2025-10-08,P003,82,67999,False,0,Retail
1478,2025-10-09,P003,87,67999,False,0,Online
1479,2025-10-10,P003,73,67999,False,0,Retail
1480,2025-10-11,P003,75,67999,False,0,Online
1481,2025-10-12,P003,84,67999,False,0,Retail
1482,2025-10-13,P003,79,67999,False,0,B2B
1483,2025-10-14,P003,105,67999,False,0,B2B
1484,2025-10-15,P003,80,67999,False,0,Online
1485,2025-10-16,P003,92,67999,False,0,Online
1486,2025-10-17,P003,99,67999,False,0,Online
1487,2025-10-18,P003,61,67999,False,0,Online
1488,2025-10-19,P003,61,67999,False,0,B2B
1489,2025-10-20,P003,69,67999,False,0,B2B
1490,2025-10-21,P003,104,67999,False,0,Retail
1491,2025-10-22,P003,90,67999,True,5,Retail
1492,2025-10-23,P003,119,67999,False,0,Online
1493,2025-10-24,P003,81,67999,False,0,Online
1494,2025-10-25,P003,81,67999,False,0,B2B
1495,2025-10-26,P003,89,67999,False,0,B2B
1496,2025-10-27,P003,105,67999,False,0,Online
1497,2025-10-28,P003,105,67999,False,0,Retail
1498,2025-10-29,P003,104,67999,False,0,Online
1499,2025-10-30,P003,102,67999,False,0,Online
1500,2025-10-31,P003,92,67999,False,0,B2B
1501,2025-11-01,P003,87,67999,False,0,Online
1502,2025-11-02,P003,70,67999,False,0,Retail
1503,2025-11-03,P003,84,67999,True,5,Online
1504,2025-11-04,P003,86,67999,False,0,Retail
1505,2025-11-05,P003,96,67999,True,10,Retail
1506,2025-11-06,P003,85,67999,False,0,Retail
1507,2025-11-07,P003,93,67999,False,0,B2B
1508,2025-11-08,P003,82,67999,False,0,Online
1509,2025-11-09,P003,93,67999,True,15,B2B
1510,2025-11-10,P003,108,67999,False,0,B2B
1511,2025-11-11,P003,79,67999,False,0,B2B
1512,2025-11-12,P003,90,67999,False,0,Online
1513,2025-11-13,P003,79,67999,False,0,Online
1514,2025-11-14,P003,67,67999,False,0,Retail
1515,2025-11-15,P003,75,67999,False,0,Retail
1516,2025-11-16,P003,72,67999,False,0,B2B
1517,2025-11-17,P003,107,67999,False,0,Online
1518,2025-11-18,P003,98,67999,False,0,Online
1519,2025-11-19,P003,78,67999,False,0,Online
1520,2025-11-20,P003,104,67999,False,0,B2B
1521,2025-11-21,P003,98,67999,False,0,Online
1522,2025-11-22,P003,78,67999,False,0,Retail
1523,2025-11-23,P003,77,67999,False,0,Online
1524,2025-11-24,P003,90,67999,True,15,Online
1525,2025-11-25,P003,82,67999,False,0,Retail
1526,2025-11-26,P003,167,67999,False,0,Retail
1527,2025-11-27,P003,104,67999,False,0,B2B
1528,2025-11-28,P003,104,67999,False,0,Online
1529,2025-11-29,P003,76,67999,False,0,Online
1530,2025-11-30,P003,67,67999,False,0,Online
1531,2025-12-01,P003,85,67999,False,0,Retail
1532,2025-12-02,P003,73,67999,False,0,Retail
1533,2025-12-03,P003,94,67999,False,0,B2B
1534,2025-12-04,P003,84,67999,False,0,Online
1535,2025-12-05,P003,86,67999,False,0,Online
1536,2025-12-06,P003,59,67999,False,0,Online
1537,2025-12-07,P003,84,67999,False,0,B2B
1538,2025-12-08,P003,77,67999,False,0,Online
1539,2025-12-09,P003,75,67999,False,0,Online
1540,2025-12-10,P003,54,67999,False,0,Online
1541,2025-12-11,P003,87,67999,False,0,Retail
1542,2025-12-12,P003,108,67999,False,0,Retail
1543,2025-12-13,P003,120,67999,True,20,B2B
1544,2025-12-14,P003,68,67999,False,0,Online
1545,2025-12-15,P003,82,67999,False,0,Online
1546,2025-12-16,P003,88,67999,False,0,Online
1547,2025-12-17,P003,82,67999,False,0,Retail
1548,2025-12-18,P003,97,67999,False,0,Retail
1549,2025-12-19,P003,102,67999,False,0,Online
1550,2025-12-20,P003,90,67999,False,0,Online
1551,2025-12-21,P003,81,67999,False,0,Online
1552,2025-12-22,P003,91,67999,False,0,B2B
1553,2025-12-23,P003,75,67999,False,0,Retail
1554,2025-12-24,P003,81,67999,False,0,Online
1555,2025-12-25,P003,89,67999,False,0,Online
1556,2025-12-26,P003,94,67999,False,0,Online
1557,2025-12-27,P003,91,67999,False,0,Online
1558,2025-12-28,P003,72,67999,False,0,Online
1559,2025-12-29,P003,127,67999,True,15,Retail
1560,2025-12-30,P003,87,67999,False,0,Retail
1561,2025-12-31,P003,117,67999,True,20,B2B
1562,2026-01-01,P003,70,67999,False,0,B2B
1563,2026-01-02,P003,57,67999,False,0,Online
1564,2026-01-03,P003,76,67999,True,5,Online
1565,2026-01-04,P003,73,67999,False,0,Online
1566,2026-01-05,P003,101,67999,False,0,Online
1567,2026-01-06,P003,74,67999,False,0,B2B
1568,2026-01-07,P003,79,67999,False,0,Retail
1569,2026-01-08,P003,63,67999,False,0,B2B
1570,2026-01-09,P003,69,67999,False,0,Retail
1571,2026-01-10,P003,78,67999,False,0,Online
1572,2026-01-11,P003,54,67999,False,0,Retail
1573,2026-01-12,P003,84,67999,False,0,Online
1574,2026-01-13,P003,65,67999,False,0,Retail
1575,2026-01-14,P003,83,67999,False,0,Online
1576,2026-01-15,P003,71,67999,False,0,B2B
1577,2026-01-16,P003,59,67999,False,0,Online
1578,2026-01-17,P003,79,67999,False,0,Online
1579,2026-01-18,P003,61,67999,False,0,Online
1580,2026-01-19,P003,66,67999,False,0,Online
1581,2026-01-20,P003,83,67999,False,0,Retail
1582,2026-01-21,P003,99,67999,True,5,Retail
1583,2026-01-22,P003,67,67999,False,0,Retail
1584,2026-01-23,P003,80,67999,False,0,Online
1585,2026-01-24,P003,71,67999,False,0,B2B
1586,2026-01-25,P003,77,67999,False,0,Online
1587,2026-01-26,P003,80,67999,False,0,Retail
1588,2026-01-27,P003,78,67999,False,0,Retail
1589,2026-01-28,P003,69,67999,False,0,Retail
1590,2026-01-29,P003,78,67999,False,0,Retail
1591,2026-01-30,P003,69,67999,False,0,Retail
1592,2026-01-31,P003,44,67999,False,0,Online
1593,2026-02-01,P003,71,67999,False,0,Online
1594,2026-02-02,P003,85,67999,False,0,Online
1595,2026-02-03,P003,75,67999,True,20,Online
1596,2026-02-04,P003,69,67999,False,0,B2B
1597,2026-02-05,P003,81,67999,False,0,Online
1598,2026-02-06,P003,102,67999,False,0,Retail
1599,2026-02-07,P003,78,67999,True,5,Online
1600,2026-02-08,P003,60,67999,False,0,B2B
1601,2026-02-09,P003,79,67999,False,0,Retail
1602,2026-02-10,P003,96,67999,False,0,Retail
1603,2026-02-11,P003,88,67999,True,20,B2B
1604,2026-02-12,P003,73,67999,False,0,Retail
1605,2026-02-13,P003,77,67999,False,0,Online
1606,2026-02-14,P003,57,67999,False,0,Online
1607,2026-02-15,P003,72,67999,False,0,Online
1608,2026-02-16,P003,98,67999,False,0,Retail
1609,2026-02-17,P003,76,67999,False,0,Retail
1610,2026-02-18,P003,69,67999,False,0,Online
1611,2026-02-19,P003,71,67999,False,0,Online
1612,2026-02-20,P003,64,67999,False,0,Retail
1613,2026-02-21,P003,79,67999,False,0,B2B
1614,2026-02-22,P003,72,67999,False,0,Retail
1615,2026-02-23,P003,81,67999,False,0,Retail
1616,2026-02-24,P003,133,67999,True,15,B2B
1617,2026-02-25,P003,82,67999,True,5,Retail
1618,2026-02-26,P003,93,67999,True,15,B2B
1619,2026-02-27,P003,76,67999,False,0,Online
1620,2026-02-28,P003,76,67999,False,0,Retail
1621,2026-03-01,P003,69,67999,False,0,B2B
1622,2026-03-02,P003,69,67999,False,0,Online
1623,2026-03-03,P003,95,67999,False,0,B2B
1624,2026-03-04,P003,70,67999,False,0,Retail
1625,2026-03-05,P003,106,67999,False,0,Online
1626,2026-03-06,P003,92,67999,False,0,Retail
1627,2026-03-07,P003,63,67999,False,0,Online
1628,2026-03-08,P003,87,67999,False,0,Online
1629,2026-03-09,P003,86,67999,False,0,Online
1630,2026-03-10,P003,85,67999,False,0,Online
1631,2026-03-11,P003,108,67999,True,15,Retail
1632,2026-03-12,P003,79,67999,False,0,Retail
1633,2026-03-13,P003,76,67999,False,0,Online
1634,2026-03-14,P003,85,67999,False,0,Retail
1635,2026-03-15,P003,69,67999,False,0,Retail
1636,2026-03-16,P003,82,67999,False,0,Retail
1637,2026-03-17,P003,82,67999,True,5,Online
1638,2026-03-18,P003,107,67999,True,20,Online
1639,2026-03-19,P003,100,67999,False,0,Online
1640,2026-03-20,P003,71,67999,False,0,B2B
1641,2026-03-21,P003,76,67999,False,0,Retail
1642,2026-03-22,P003,79,67999,False,0,Online
1643,2026-03-23,P003,77,67999,False,0,B2B
1644,2026-03-24,P003,85,67999,False,0,Online
1645,2026-03-25,P003,67,67999,False,0,Online
1646,2026-03-26,P003,84,67999,False,0,Online
1647,2026-03-27,P003,84,67999,False,0,Online
1648,2026-03-28,P003,86,67999,False,0,Retail
1649,2026-03-29,P003,82,67999,False,0,B2B
1650,2026-03-30,P003,106,67999,False,0,B2B
1651,2026-03-31,P003,92,67999,False,0,Retail
1652,2026-04-01,P003,89,67999,False,0,Online
1653,2026-04-02,P003,83,67999,False,0,Retail
1654,2026-04-03,P003,81,67999,False,0,Online
1655,2026-04-04,P003,76,67999,False,0,Retail
1656,2026-04-05,P003,72,67999,False,0,Retail
1657,2026-04-06,P003,88,67999,False,0,Online
1658,2026-04-07,P003,96,67999,False,0,Retail
1659,2026-04-08,P003,67,67999,False,0,Online
1660,2026-04-09,P003,100,67999,False,0,Online
1661,2026-04-10,P003,87,67999,False,0,Retail
1662,2026-04-11,P003,76,67999,False,0,Retail
1663,2026-04-12,P003,57,67999,True,5,Online
1664,2026-04-13,P003,70,67999,False,0,Online
1665,2026-04-14,P003,103,67999,False,0,Online
1666,2026-04-15,P003,86,67999,False,0,Retail
1667,2026-04-16,P003,67,67999,False,0,Retail
1668,2026-04-17,P003,75,67999,False,0,B2B
1669,2026-04-18,P003,77,67999,False,0,Online
1670,2026-04-19,P003,74,67999,False,0,Online
1671,2026-04-20,P003,80,67999,False,0,Online
1672,2026-04-21,P003,86,67999,True,5,Online
1673,2026-04-22,P003,84,67999,False,0,Retail
1674,2026-04-23,P003,70,67999,False,0,Online
1675,2026-04-24,P003,112,67999,True,10,Online
1676,2026-04-25,P003,70,67999,False,0,B2B
1677,2026-04-26,P003,90,67999,False,0,Retail
1678,2026-04-27,P003,106,67999,False,0,Online
1679,2026-04-28,P003,85,67999,False,0,Online
1680,2026-04-29,P003,81,67999,False,0,Online
1681,2026-04-30,P003,92,67999,False,0,Retail
1682,2026-05-01,P003,78,67999,True,5,Retail
1683,2026-05-02,P003,67,67999,False,0,Online
1684,2026-05-03,P003,76,67999,False,0,Retail
1685,2026-05-04,P003,74,67999,False,0,Retail
1686,2026-05-05,P003,87,67999,False,0,Online
1687,2026-05-06,P003,80,67999,False,0,Retail
1688,2026-05-07,P003,85,67999,True,10,B2B
1689,2026-05-08,P003,85,67999,False,0,Retail
1690,2026-05-09,P003,75,67999,True,5,Retail
1691,2026-05-10,P003,74,67999,False,0,Online
1692,2026-05-11,P003,76,67999,False,0,Retail
1693,2026-05-12,P003,95,67999,False,0,Online
1694,2026-05-13,P003,60,67999,False,0,Retail
1695,2026-05-14,P003,83,67999,False,0,Retail
1696,2026-05-15,P003,103,67999,False,0,B2B
1697,2026-05-16,P003,56,67999,False,0,Retail
1698,2026-05-17,P003,58,67999,False,0,Online
1699,2026-05-18,P003,81,67999,False,0,Online
1700,2026-05-19,P003,84,67999,False,0,Online
1701,2026-05-20,P003,84,67999,False,0,B2B
1702,2026-05-21,P003,89,67999,False,0,Online
1703,2026-05-22,P003,112,67999,True,15,B2B
1704,2026-05-23,P003,72,67999,False,0,Retail
1705,2026-05-24,P003,78,67999,False,0,Online
1706,2026-05-25,P003,71,67999,False,0,Online
1707,2026-05-26,P003,78,67999,False,0,B2B
1708,2026-05-27,P003,98,67999,False,0,Online
1709,2026-05-28,P003,84,67999,False,0,Online
1710,2026-05-29,P003,73,67999,False,0,Online
1711,2026-05-30,P003,82,67999,True,5,Online
1712,2026-05-31,P003,63,67999,False,0,Retail
1713,2026-06-01,P003,56,67999,False,0,Retail
1714,2026-06-02,P003,93,67999,False,0,Online
1715,2026-06-03,P003,76,67999,False,0,Online
1716,2026-06-04,P003,73,67999,False,0,Online
1717,2026-06-05,P003,89,67999,False,0,Online
1718,2026-06-06,P003,99,67999,True,20,Retail
1719,2026-06-07,P003,77,67999,False,0,Online
1720,2026-06-08,P003,79,67999,False,0,Retail
1721,2026-06-09,P003,76,67999,False,0,B2B
1722,2026-06-10,P003,79,67999,False,0,Retail
1723,2026-06-11,P003,86,67999,False,0,Online
1724,2026-06-12,P003,101,67999,True,10,Online
1725,2026-06-13,P003,62,67999,False,0,Retail
1726,2026-06-14,P003,74,67999,False,0,Online
1727,2026-06-15,P003,76,67999,False,0,Online
1728,2026-06-16,P003,89,67999,False,0,Online
1729,2026-06-17,P003,85,67999,False,0,Online
1730,2026-06-18,P003,100,67999,False,0,Retail
1731,2026-06-19,P003,97,67999,True,15,Online
1732,2026-06-20,P003,73,67999,False,0,Retail
1733,2026-06-21,P003,73,67999,False,0,Online
1734,2026-06-22,P003,78,67999,False,0,Online
1735,2026-06-23,P003,82,67999,False,0,Online
1736,2026-06-24,P003,70,67999,True,10,Online
1737,2026-06-25,P003,66,67999,False,0,Retail
1738,2026-06-26,P003,74,67999,False,0,Retail
1739,2026-06-27,P003,87,67999,True,15,Online
1740,2026-06-28,P003,81,67999,False,0,Retail
1741,2026-06-29,P003,83,67999,True,10,Online
1742,2026-06-30,P003,75,67999,False,0,Online
1743,2026-07-01,P003,76,67999,False,0,Online
1744,2026-07-02,P003,97,67999,False,0,B2B
1745,2026-07-03,P003,69,67999,False,0,Online
1746,2026-07-04,P003,71,67999,False,0,Retail
1747,2026-07-05,P003,81,67999,False,0,Online
1748,2026-07-06,P003,91,67999,False,0,Retail
1749,2026-07-07,P003,85,67999,False,0,Retail
1750,2026-07-08,P003,97,67999,False,0,B2B
1751,2026-07-09,P003,52,67999,False,0,Retail
1752,2026-07-10,P003,83,67999,False,0,Retail
1753,2026-07-11,P003,65,67999,False,0,Retail
1754,2026-07-12,P003,56,67999,False,0,B2B
1755,2026-07-13,P003,89,67999,False,0,Online
1756,2026-07-14,P003,97,67999,False,0,B2B
1757,2026-07-15,P003,78,67999,False,0,Retail
1758,2026-07-16,P003,92,67999,False,0,Online
1759,2026-07-17,P003,90,67999,False,0,Online
1760,2026-07-18,P003,76,67999,False,0,Online
1761,2026-07-19,P003,89,67999,False,0,Online
1762,2026-07-20,P003,79,67999,False,0,Online
1763,2026-07-21,P003,80,67999,False,0,Online
1764,2026-07-22,P003,58,67999,False,0,Online
1765,2026-07-23,P003,84,67999,False,0,Retail
1766,2026-07-24,P003,66,67999,False,0,Online
1767,2026-07-25,P003,87,67999,False,0,Retail
1768,2026-07-26,P003,66,67999,False,0,Retail
1769,2026-07-27,P003,76,67999,False,0,B2B
1770,2026-07-28,P003,90,67999,False,0,Retail
1771,2026-07-29,P003,77,67999,False,0,B2B
1772,2026-07-30,P003,170,67999,False,0,B2B
1773,2026-07-31,P003,81,67999,False,0,Retail
1774,2026-08-01,P003,82,67999,False,0,Retail
1775,2026-08-02,P003,77,67999,False,0,Online
1776,2026-08-03,P003,87,67999,False,0,Online
1777,2026-08-04,P003,88,67999,False,0,Online
1778,2026-08-05,P003,104,67999,False,0,Online
1779,2026-08-06,P003,95,67999,False,0,Online
1780,2026-08-07,P003,93,67999,False,0,Online
1781,2026-08-08,P003,72,67999,False,0,Online
1782,2026-08-09,P003,93,67999,False,0,Retail
1783,2026-08-10,P003,86,67999,False,0,Online
1784,2026-08-11,P003,152,67999,True,20,Online
1785,2026-08-12,P003,99,67999,False,0,Online
1786,2026-08-13,P003,73,67999,False,0,Retail
1787,2026-08-14,P003,93,67999,False,0,B2B
1788,2026-08-15,P003,74,67999,False,0,Online
1789,2026-08-16,P003,80,67999,False,0,B2B
1790,2026-08-17,P003,110,67999,False,0,Retail
1791,2026-08-18,P003,86,67999,True,10,Online
1792,2026-08-19,P003,97,67999,False,0,Retail
1793,2026-08-20,P003,104,67999,False,0,Retail
1794,2026-08-21,P003,115,67999,True,10,Retail
1795,2025-01-01,P004,57,24999,False,0,Retail
1796,2025-01-02,P004,51,24999,False,0,Online
1797,2025-01-03,P004,54,24999,False,0,Retail
1798,2025-01-04,P004,44,24999,False,0,Retail
1799,2025-01-05,P004,55,24999,False,0,Online
1800,2025-01-06,P004,56,24999,False,0,Online
1801,2025-01-07,P004,79,24999,True,10,Retail
1802,2025-01-08,P004,55,24999,False,0,Retail
1803,2025-01-09,P004,51,24999,False,0,Retail
1804,2025-01-10,P004,49,24999,True,5,Retail
1805,2025-01-11,P004,38,24999,False,0,Online
1806,2025-01-12,P004,40,24999,False,0,Online
1807,2025-01-13,P004,58,24999,False,0,Online
1808,2025-01-14,P004,59,24999,False,0,Retail
1809,2025-01-15,P004,45,24999,False,0,Retail
1810,2025-01-16,P004,62,24999,False,0,Online
1811,2025-01-17,P004,53,24999,False,0,Online
1812,2025-01-18,P004,50,24999,False,0,Retail
1813,2025-01-19,P004,59,24999,False,0,Online
1814,2025-01-20,P004,62,24999,False,0,Online
1815,2025-01-21,P004,54,24999,False,0,Retail
1816,2025-01-22,P004,50,24999,False,0,Online
1817,2025-01-23,P004,54,24999,True,20,B2B
1818,2025-01-24,P004,51,24999,False,0,Online
1819,2025-01-25,P004,48,24999,False,0,Retail
1820,2025-01-26,P004,43,24999,False,0,Retail
1821,2025-01-27,P004,55,24999,False,0,Online
1822,2025-01-28,P004,56,24999,False,0,Online
1823,2025-01-29,P004,55,24999,False,0,Online
1824,2025-01-30,P004,52,24999,False,0,Online
1825,2025-01-31,P004,57,24999,False,0,Retail
1826,2025-02-01,P004,52,24999,False,0,Online
1827,2025-02-02,P004,43,24999,False,0,Online
1828,2025-02-03,P004,66,24999,False,0,Online
1829,2025-02-04,P004,56,24999,False,0,Retail
1830,2025-02-05,P004,56,24999,False,0,Online
1831,2025-02-06,P004,61,24999,False,0,B2B
1832,2025-02-07,P004,58,24999,False,0,Retail
1833,2025-02-08,P004,55,24999,False,0,Retail
1834,2025-02-09,P004,52,24999,False,0,B2B
1835,2025-02-10,P004,52,24999,False,0,Retail
1836,2025-02-11,P004,58,24999,False,0,Online
1837,2025-02-12,P004,63,24999,True,20,Online
1838,2025-02-13,P004,57,24999,False,0,Retail
1839,2025-02-14,P004,57,24999,False,0,Online
1840,2025-02-15,P004,49,24999,False,0,Retail
1841,2025-02-16,P004,49,24999,False,0,Retail
1842,2025-02-17,P004,44,24999,False,0,Online
1843,2025-02-18,P004,69,24999,True,20,Online
1844,2025-02-19,P004,57,24999,False,0,Online
1845,2025-02-20,P004,58,24999,False,0,Online
1846,2025-02-21,P004,49,24999,False,0,Retail
1847,2025-02-22,P004,57,24999,False,0,Online
1848,2025-02-23,P004,44,24999,False,0,Retail
1849,2025-02-24,P004,62,24999,False,0,Online
1850,2025-02-25,P004,59,24999,False,0,Retail
1851,2025-02-26,P004,52,24999,False,0,Online
1852,2025-02-27,P004,69,24999,False,0,Retail
1853,2025-02-28,P004,48,24999,False,0,Online
1854,2025-03-01,P004,58,24999,False,0,Online
1855,2025-03-02,P004,58,24999,False,0,Online
1856,2025-03-03,P004,54,24999,False,0,Online
1857,2025-03-04,P004,70,24999,False,0,Online
1858,2025-03-05,P004,58,24999,False,0,Online
1859,2025-03-06,P004,61,24999,False,0,Retail
1860,2025-03-07,P004,61,24999,False,0,B2B
1861,2025-03-08,P004,52,24999,False,0,Retail
1862,2025-03-09,P004,58,24999,False,0,Retail
1863,2025-03-10,P004,80,24999,True,15,Retail
1864,2025-03-11,P004,47,24999,False,0,Online
1865,2025-03-12,P004,69,24999,False,0,B2B
1866,2025-03-13,P004,52,24999,True,5,B2B
1867,2025-03-14,P004,67,24999,False,0,Online
1868,2025-03-15,P004,59,24999,False,0,Online
1869,2025-03-16,P004,45,24999,False,0,Online
1870,2025-03-17,P004,56,24999,False,0,Retail
1871,2025-03-18,P004,51,24999,False,0,Online
1872,2025-03-19,P004,57,24999,False,0,Online
1873,2025-03-20,P004,57,24999,False,0,Online
1874,2025-03-21,P004,64,24999,False,0,Retail
1875,2025-03-22,P004,61,24999,False,0,Retail
1876,2025-03-23,P004,61,24999,False,0,Online
1877,2025-03-24,P004,56,24999,False,0,Online
1878,2025-03-25,P004,59,24999,False,0,Online
1879,2025-03-26,P004,48,24999,False,0,Online
1880,2025-03-27,P004,54,24999,False,0,Online
1881,2025-03-28,P004,67,24999,False,0,Online
1882,2025-03-29,P004,102,24999,False,0,Retail
1883,2025-03-30,P004,44,24999,False,0,Online
1884,2025-03-31,P004,56,24999,False,0,Online
1885,2025-04-01,P004,60,24999,False,0,Retail
1886,2025-04-02,P004,61,24999,False,0,Online
1887,2025-04-03,P004,54,24999,False,0,B2B
1888,2025-04-04,P004,83,24999,True,20,B2B
1889,2025-04-05,P004,49,24999,False,0,Online
1890,2025-04-06,P004,53,24999,False,0,Retail
1891,2025-04-07,P004,64,24999,False,0,Online
1892,2025-04-08,P004,61,24999,False,0,Online
1893,2025-04-09,P004,70,24999,True,15,Online
1894,2025-04-10,P004,59,24999,False,0,Online
1895,2025-04-11,P004,60,24999,False,0,Retail
1896,2025-04-12,P004,51,24999,False,0,Retail
1897,2025-04-13,P004,52,24999,False,0,Retail
1898,2025-04-14,P004,95,24999,True,20,Online
1899,2025-04-15,P004,65,24999,False,0,Online
1900,2025-04-16,P004,58,24999,False,0,Online
1901,2025-04-17,P004,64,24999,False,0,Online
1902,2025-04-18,P004,57,24999,False,0,B2B
1903,2025-04-19,P004,61,24999,False,0,Online
1904,2025-04-20,P004,55,24999,False,0,Online
1905,2025-04-21,P004,59,24999,False,0,Retail
1906,2025-04-22,P004,64,24999,False,0,Retail
1907,2025-04-23,P004,49,24999,False,0,Retail
1908,2025-04-24,P004,52,24999,False,0,B2B
1909,2025-04-25,P004,52,24999,False,0,Online
1910,2025-04-26,P004,53,24999,False,0,Retail
1911,2025-04-27,P004,63,24999,False,0,B2B
1912,2025-04-28,P004,83,24999,True,5,Online
1913,2025-04-29,P004,64,24999,False,0,Retail
1914,2025-04-30,P004,65,24999,False,0,Retail
1915,2025-05-01,P004,58,24999,True,20,Retail
1916,2025-05-02,P004,53,24999,False,0,Online
1917,2025-05-03,P004,45,24999,False,0,Retail
1918,2025-05-04,P004,46,24999,False,0,Retail
1919,2025-05-05,P004,56,24999,False,0,Retail
1920,2025-05-06,P004,53,24999,False,0,Online
1921,2025-05-07,P004,45,24999,False,0,Retail
1922,2025-05-08,P004,64,24999,False,0,B2B
1923,2025-05-09,P004,51,24999,False,0,Online
1924,2025-05-10,P004,53,24999,False,0,Online
1925,2025-05-11,P004,63,24999,False,0,Online
1926,2025-05-12,P004,63,24999,True,15,B2B
1927,2025-05-13,P004,41,24999,False,0,Online
1928,2025-05-14,P004,56,24999,False,0,B2B
1929,2025-05-15,P004,64,24999,False,0,Online
1930,2025-05-16,P004,71,24999,False,0,Retail
1931,2025-05-17,P004,42,24999,False,0,B2B
1932,2025-05-18,P004,53,24999,False,0,Online
1933,2025-05-19,P004,56,24999,False,0,Online
1934,2025-05-20,P004,56,24999,False,0,Online
1935,2025-05-21,P004,76,24999,False,0,Online
1936,2025-05-22,P004,48,24999,False,0,Online
1937,2025-05-23,P004,59,24999,False,0,Retail
1938,2025-05-24,P004,54,24999,False,0,Online
1939,2025-05-25,P004,57,24999,False,0,Retail
1940,2025-05-26,P004,63,24999,True,5,Online
1941,2025-05-27,P004,60,24999,False,0,Retail
1942,2025-05-28,P004,55,24999,False,0,Retail
1943,2025-05-29,P004,59,24999,False,0,Online
1944,2025-05-30,P004,56,24999,False,0,B2B
1945,2025-05-31,P004,56,24999,False,0,Online
1946,2025-06-01,P004,49,24999,False,0,Online
1947,2025-06-02,P004,61,24999,False,0,Retail
1948,2025-06-03,P004,56,24999,False,0,B2B
1949,2025-06-04,P004,64,24999,False,0,Retail
1950,2025-06-05,P004,59,24999,False,0,Online
1951,2025-06-06,P004,45,24999,False,0,Online
1952,2025-06-07,P004,60,24999,False,0,Retail
1953,2025-06-08,P004,45,24999,False,0,Online
1954,2025-06-09,P004,55,24999,False,0,Retail
1955,2025-06-10,P004,53,24999,False,0,B2B
1956,2025-06-11,P004,70,24999,False,0,Retail
1957,2025-06-12,P004,47,24999,True,5,Online
1958,2025-06-13,P004,82,24999,False,0,Online
1959,2025-06-14,P004,57,24999,False,0,Online
1960,2025-06-15,P004,52,24999,False,0,Online
1961,2025-06-16,P004,56,24999,False,0,Retail
1962,2025-06-17,P004,74,24999,True,15,Retail
1963,2025-06-18,P004,60,24999,False,0,Retail
1964,2025-06-19,P004,63,24999,False,0,B2B
1965,2025-06-20,P004,71,24999,True,10,Online
1966,2025-06-21,P004,50,24999,False,0,Retail
1967,2025-06-22,P004,49,24999,False,0,B2B
1968,2025-06-23,P004,73,24999,True,20,Online
1969,2025-06-24,P004,59,24999,False,0,Retail
1970,2025-06-25,P004,68,24999,False,0,Online
1971,2025-06-26,P004,62,24999,False,0,Online
1972,2025-06-27,P004,45,24999,True,15,Online
1973,2025-06-28,P004,55,24999,False,0,Retail
1974,2025-06-29,P004,53,24999,False,0,Online
1975,2025-06-30,P004,56,24999,False,0,Online
1976,2025-07-01,P004,55,24999,False,0,Retail
1977,2025-07-02,P004,68,24999,False,0,Retail
1978,2025-07-03,P004,66,24999,False,0,Retail
1979,2025-07-04,P004,53,24999,False,0,B2B
1980,2025-07-05,P004,55,24999,False,0,B2B
1981,2025-07-06,P004,47,24999,False,0,Online
1982,2025-07-07,P004,47,24999,False,0,Online
1983,2025-07-08,P004,52,24999,False,0,Online
1984,2025-07-09,P004,66,24999,False,0,Online
1985,2025-07-10,P004,66,24999,False,0,B2B
1986,2025-07-11,P004,64,24999,False,0,Retail
1987,2025-07-12,P004,58,24999,False,0,Retail
1988,2025-07-13,P004,56,24999,False,0,B2B
1989,2025-07-14,P004,55,24999,False,0,Retail
1990,2025-07-15,P004,62,24999,False,0,B2B
1991,2025-07-16,P004,64,24999,False,0,Retail
1992,2025-07-17,P004,64,24999,False,0,Online
1993,2025-07-18,P004,66,24999,False,0,Online
1994,2025-07-19,P004,56,24999,False,0,Online
1995,2025-07-20,P004,53,24999,False,0,Retail
1996,2025-07-21,P004,65,24999,False,0,Retail
1997,2025-07-22,P004,78,24999,True,20,Retail
1998,2025-07-23,P004,66,24999,True,20,Online
1999,2025-07-24,P004,55,24999,False,0,Online
2000,2025-07-25,P004,52,24999,False,0,Online
2001,2025-07-26,P004,46,24999,False,0,Online
2002,2025-07-27,P004,51,24999,False,0,Online
2003,2025-07-28,P004,53,24999,False,0,Online
2004,2025-07-29,P004,56,24999,False,0,Online
2005,2025-07-30,P004,45,24999,False,0,Online
2006,2025-07-31,P004,77,24999,True,20,Online
2007,2025-08-01,P004,68,24999,False,0,B2B
2008,2025-08-02,P004,58,24999,False,0,Online
2009,2025-08-03,P004,68,24999,False,0,Retail
2010,2025-08-04,P004,78,24999,False,0,Retail
2011,2025-08-05,P004,55,24999,False,0,Online
2012,2025-08-06,P004,73,24999,True,10,Retail
2013,2025-08-07,P004,86,24999,False,0,Online
2014,2025-08-08,P004,63,24999,False,0,Online
2015,2025-08-09,P004,68,24999,False,0,B2B
2016,2025-08-10,P004,63,24999,False,0,Online
2017,2025-08-11,P004,70,24999,False,0,Online
2018,2025-08-12,P004,52,24999,False,0,Retail
2019,2025-08-13,P004,74,24999,False,0,B2B
2020,2025-08-14,P004,62,24999,False,0,Online
2021,2025-08-15,P004,68,24999,False,0,Retail
2022,2025-08-16,P004,63,24999,False,0,Online
2023,2025-08-17,P004,73,24999,False,0,Online
2024,2025-08-18,P004,59,24999,False,0,Online
2025,2025-08-19,P004,53,24999,True,15,Online
2026,2025-08-20,P004,75,24999,False,0,B2B
2027,2025-08-21,P004,85,24999,False,0,Online
2028,2025-08-22,P004,82,24999,False,0,Retail
2029,2025-08-23,P004,63,24999,False,0,Online
2030,2025-08-24,P004,59,24999,False,0,B2B
2031,2025-08-25,P004,75,24999,False,0,Retail
2032,2025-08-26,P004,65,24999,False,0,Retail
2033,2025-08-27,P004,96,24999,True,15,Online
2034,2025-08-28,P004,77,24999,False,0,Online
2035,2025-08-29,P004,79,24999,False,0,Retail
2036,2025-08-30,P004,86,24999,False,0,Online
2037,2025-08-31,P004,66,24999,False,0,Online
2038,2025-09-01,P004,67,24999,False,0,Online
2039,2025-09-02,P004,69,24999,False,0,B2B
2040,2025-09-03,P004,54,24999,False,0,Retail
2041,2025-09-04,P004,65,24999,False,0,Online
2042,2025-09-05,P004,67,24999,False,0,Online
2043,2025-09-06,P004,98,24999,False,0,Online
2044,2025-09-07,P004,65,24999,False,0,Online
2045,2025-09-08,P004,65,24999,False,0,Online
2046,2025-09-09,P004,82,24999,False,0,Online
2047,2025-09-10,P004,80,24999,True,10,Online
2048,2025-09-11,P004,68,24999,False,0,B2B
2049,2025-09-12,P004,72,24999,False,0,Retail
2050,2025-09-13,P004,65,24999,False,0,B2B
2051,2025-09-14,P004,72,24999,False,0,B2B
2052,2025-09-15,P004,62,24999,False,0,Online
2053,2025-09-16,P004,65,24999,False,0,Online
2054,2025-09-17,P004,65,24999,False,0,B2B
2055,2025-09-18,P004,60,24999,False,0,B2B
2056,2025-09-19,P004,63,24999,False,0,Online
2057,2025-09-20,P004,59,24999,False,0,Retail
2058,2025-09-21,P004,72,24999,False,0,Retail
2059,2025-09-22,P004,73,24999,False,0,Online
2060,2025-09-23,P004,73,24999,False,0,Retail
2061,2025-09-24,P004,82,24999,False,0,Online
2062,2025-09-25,P004,73,24999,False,0,Online
2063,2025-09-26,P004,72,24999,False,0,Retail
2064,2025-09-27,P004,61,24999,False,0,Retail
2065,2025-09-28,P004,62,24999,False,0,Online
2066,2025-09-29,P004,63,24999,False,0,Online
2067,2025-09-30,P004,52,24999,False,0,Retail
2068,2025-10-01,P004,75,24999,True,5,Retail
2069,2025-10-02,P004,96,24999,True,10,Retail
2070,2025-10-03,P004,76,24999,False,0,Online
2071,2025-10-04,P004,64,24999,False,0,Online
2072,2025-10-05,P004,72,24999,False,0,Online
2073,2025-10-06,P004,72,24999,False,0,Online
2074,2025-10-07,P004,70,24999,False,0,Online
2075,2025-10-08,P004,66,24999,False,0,Retail
2076,2025-10-09,P004,63,24999,False,0,Online
2077,2025-10-10,P004,77,24999,False,0,Online
2078,2025-10-11,P004,72,24999,False,0,Retail
2079,2025-10-12,P004,57,24999,False,0,Retail
2080,2025-10-13,P004,62,24999,False,0,Retail
2081,2025-10-14,P004,68,24999,False,0,Retail
2082,2025-10-15,P004,77,24999,False,0,Online
2083,2025-10-16,P004,54,24999,False,0,Retail
2084,2025-10-17,P004,49,24999,False,0,Retail
2085,2025-10-18,P004,74,24999,True,20,Online
2086,2025-10-19,P004,49,24999,False,0,Online
2087,2025-10-20,P004,63,24999,False,0,Online
2088,2025-10-21,P004,70,24999,False,0,Retail
2089,2025-10-22,P004,63,24999,False,0,Retail
2090,2025-10-23,P004,81,24999,False,0,Retail
2091,2025-10-24,P004,71,24999,False,0,Retail
2092,2025-10-25,P004,64,24999,False,0,Online
2093,2025-10-26,P004,65,24999,False,0,B2B
2094,2025-10-27,P004,59,24999,False,0,Online
2095,2025-10-28,P004,77,24999,False,0,B2B
2096,2025-10-29,P004,68,24999,False,0,Retail
2097,2025-10-30,P004,71,24999,False,0,Retail
2098,2025-10-31,P004,62,24999,False,0,Online
2099,2025-11-01,P004,50,24999,False,0,Online
2100,2025-11-02,P004,64,24999,False,0,Online
2101,2025-11-03,P004,75,24999,False,0,Online
2102,2025-11-04,P004,59,24999,False,0,Online
2103,2025-11-05,P004,64,24999,False,0,Online
2104,2025-11-06,P004,81,24999,True,5,Online
2105,2025-11-07,P004,57,24999,False,0,B2B
2106,2025-11-08,P004,72,24999,False,0,Retail
2107,2025-11-09,P004,53,24999,False,0,Online
2108,2025-11-10,P004,71,24999,False,0,Retail
2109,2025-11-11,P004,86,24999,True,20,Retail
2110,2025-11-12,P004,75,24999,False,0,Online
2111,2025-11-13,P004,63,24999,False,0,Online
2112,2025-11-14,P004,70,24999,False,0,Online
2113,2025-11-15,P004,58,24999,False,0,Online
2114,2025-11-16,P004,52,24999,False,0,Retail
2115,2025-11-17,P004,78,24999,False,0,Retail
2116,2025-11-18,P004,61,24999,False,0,Retail
2117,2025-11-19,P004,68,24999,False,0,Online
2118,2025-11-20,P004,79,24999,True,15,B2B
2119,2025-11-21,P004,48,24999,False,0,Online
2120,2025-11-22,P004,57,24999,False,0,B2B
2121,2025-11-23,P004,79,24999,False,0,Online
2122,2025-11-24,P004,79,24999,False,0,Online
2123,2025-11-25,P004,66,24999,False,0,Retail
2124,2025-11-26,P004,71,24999,False,0,Retail
2125,2025-11-27,P004,66,24999,False,0,Online
2126,2025-11-28,P004,79,24999,False,0,Retail
2127,2025-11-29,P004,52,24999,False,0,Retail
2128,2025-11-30,P004,96,24999,True,20,B2B
2129,2025-12-01,P004,77,24999,False,0,B2B
2130,2025-12-02,P004,88,24999,True,15,B2B
2131,2025-12-03,P004,82,24999,True,5,Online
2132,2025-12-04,P004,84,24999,True,15,Online
2133,2025-12-05,P004,77,24999,False,0,B2B
2134,2025-12-06,P004,68,24999,False,0,B2B
2135,2025-12-07,P004,62,24999,False,0,Online
2136,2025-12-08,P004,64,24999,False,0,Online
2137,2025-12-09,P004,71,24999,False,0,Online
2138,2025-12-10,P004,82,24999,False,0,B2B
2139,2025-12-11,P004,56,24999,False,0,Retail
2140,2025-12-12,P004,59,24999,False,0,Online
2141,2025-12-13,P004,62,24999,False,0,Online
2142,2025-12-14,P004,65,24999,False,0,Online
2143,2025-12-15,P004,72,24999,False,0,Online
2144,2025-12-16,P004,68,24999,False,0,Online
2145,2025-12-17,P004,83,24999,True,15,Online
2146,2025-12-18,P004,85,24999,False,0,Online
2147,2025-12-19,P004,54,24999,False,0,Online
2148,2025-12-20,P004,52,24999,False,0,B2B
2149,2025-12-21,P004,60,24999,False,0,Online
2150,2025-12-22,P004,59,24999,False,0,Online
2151,2025-12-23,P004,75,24999,True,5,Online
2152,2025-12-24,P004,88,24999,False,0,Online
2153,2025-12-25,P004,74,24999,False,0,B2B
2154,2025-12-26,P004,71,24999,False,0,Online
2155,2025-12-27,P004,55,24999,False,0,Retail
2156,2025-12-28,P004,61,24999,False,0,Retail
2157,2025-12-29,P004,70,24999,False,0,Online
2158,2025-12-30,P004,69,24999,False,0,Retail
2159,2025-12-31,P004,84,24999,False,0,Retail
2160,2026-01-01,P004,61,24999,False,0,Online
2161,2026-01-02,P004,51,24999,False,0,Online
2162,2026-01-03,P004,57,24999,False,0,B2B
2163,2026-01-04,P004,58,24999,False,0,Online
2164,2026-01-05,P004,72,24999,False,0,Retail
2165,2026-01-06,P004,74,24999,False,0,Online
2166,2026-01-07,P004,55,24999,False,0,Online
2167,2026-01-08,P004,54,24999,False,0,Online
2168,2026-01-09,P004,52,24999,False,0,Online
2169,2026-01-10,P004,55,24999,False,0,Online
2170,2026-01-11,P004,60,24999,False,0,Retail
2171,2026-01-12,P004,65,24999,False,0,Retail
2172,2026-01-13,P004,62,24999,False,0,B2B
2173,2026-01-14,P004,62,24999,False,0,Retail
2174,2026-01-15,P004,77,24999,True,20,Retail
2175,2026-01-16,P004,56,24999,False,0,Online
2176,2026-01-17,P004,70,24999,False,0,Online
2177,2026-01-18,P004,45,24999,False,0,B2B
2178,2026-01-19,P004,67,24999,False,0,Online
2179,2026-01-20,P004,81,24999,False,0,Online
2180,2026-01-21,P004,65,24999,False,0,Online
2181,2026-01-22,P004,61,24999,False,0,B2B
2182,2026-01-23,P004,79,24999,True,20,Online
2183,2026-01-24,P004,55,24999,False,0,Retail
2184,2026-01-25,P004,61,24999,False,0,Online
2185,2026-01-26,P004,45,24999,False,0,Online
2186,2026-01-27,P004,68,24999,False,0,B2B
2187,2026-01-28,P004,50,24999,False,0,Online
2188,2026-01-29,P004,56,24999,False,0,Online
2189,2026-01-30,P004,55,24999,False,0,Retail
2190,2026-01-31,P004,61,24999,False,0,Online
2191,2026-02-01,P004,44,24999,True,5,Retail
2192,2026-02-02,P004,60,24999,False,0,Online
2193,2026-02-03,P004,75,24999,False,0,Online
2194,2026-02-04,P004,52,24999,False,0,B2B
2195,2026-02-05,P004,61,24999,False,0,Retail
2196,2026-02-06,P004,59,24999,False,0,Online
2197,2026-02-07,P004,61,24999,False,0,Retail
2198,2026-02-08,P004,51,24999,False,0,Online
2199,2026-02-09,P004,55,24999,False,0,Online
2200,2026-02-10,P004,64,24999,False,0,Online
2201,2026-02-11,P004,75,24999,True,5,Online
2202,2026-02-12,P004,64,24999,False,0,Online
2203,2026-02-13,P004,65,24999,False,0,Retail
2204,2026-02-14,P004,48,24999,False,0,Online
2205,2026-02-15,P004,85,24999,False,0,Retail
2206,2026-02-16,P004,69,24999,False,0,Online
2207,2026-02-17,P004,73,24999,False,0,Online
2208,2026-02-18,P004,61,24999,False,0,Retail
2209,2026-02-19,P004,63,24999,False,0,B2B
2210,2026-02-20,P004,60,24999,False,0,Retail
2211,2026-02-21,P004,46,24999,False,0,Online
2212,2026-02-22,P004,55,24999,False,0,Online
2213,2026-02-23,P004,67,24999,False,0,Online
2214,2026-02-24,P004,61,24999,False,0,B2B
2215,2026-02-25,P004,58,24999,False,0,Retail
2216,2026-02-26,P004,65,24999,False,0,Online
2217,2026-02-27,P004,69,24999,True,10,B2B
2218,2026-02-28,P004,52,24999,False,0,B2B
2219,2026-03-01,P004,77,24999,False,0,Online
2220,2026-03-02,P004,66,24999,False,0,Online
2221,2026-03-03,P004,59,24999,False,0,Online
2222,2026-03-04,P004,55,24999,False,0,Online
2223,2026-03-05,P004,71,24999,False,0,Online
2224,2026-03-06,P004,61,24999,False,0,Retail
2225,2026-03-07,P004,55,24999,False,0,Retail
2226,2026-03-08,P004,67,24999,False,0,Online
2227,2026-03-09,P004,80,24999,False,0,Online
2228,2026-03-10,P004,56,24999,False,0,Online
2229,2026-03-11,P004,51,24999,False,0,Online
2230,2026-03-12,P004,67,24999,False,0,Online
2231,2026-03-13,P004,59,24999,False,0,Online
2232,2026-03-14,P004,63,24999,False,0,Online
2233,2026-03-15,P004,44,24999,False,0,Online
2234,2026-03-16,P004,70,24999,False,0,Retail
2235,2026-03-17,P004,69,24999,True,15,Online
2236,2026-03-18,P004,75,24999,False,0,Online
2237,2026-03-19,P004,72,24999,True,5,Online
2238,2026-03-20,P004,62,24999,False,0,Online
2239,2026-03-21,P004,51,24999,False,0,Retail
2240,2026-03-22,P004,67,24999,True,5,Retail
2241,2026-03-23,P004,62,24999,False,0,Online
2242,2026-03-24,P004,71,24999,False,0,Online
2243,2026-03-25,P004,76,24999,False,0,B2B
2244,2026-03-26,P004,55,24999,False,0,Online
2245,2026-03-27,P004,77,24999,False,0,Retail
2246,2026-03-28,P004,60,24999,False,0,Retail
2247,2026-03-29,P004,49,24999,False,0,Online
2248,2026-03-30,P004,55,24999,False,0,Retail
2249,2026-03-31,P004,79,24999,True,20,Online
2250,2026-04-01,P004,69,24999,False,0,Online
2251,2026-04-02,P004,61,24999,False,0,B2B
2252,2026-04-03,P004,81,24999,False,0,Online
2253,2026-04-04,P004,48,24999,False,0,Online
2254,2026-04-05,P004,62,24999,False,0,Retail
2255,2026-04-06,P004,53,24999,False,0,Online
2256,2026-04-07,P004,73,24999,False,0,B2B
2257,2026-04-08,P004,75,24999,False,0,Online
2258,2026-04-09,P004,57,24999,False,0,Online
2259,2026-04-10,P004,63,24999,True,20,Online
2260,2026-04-11,P004,58,24999,False,0,Online
2261,2026-04-12,P004,56,24999,False,0,Online
2262,2026-04-13,P004,65,24999,False,0,Retail
2263,2026-04-14,P004,75,24999,False,0,Online
2264,2026-04-15,P004,53,24999,False,0,Retail
2265,2026-04-16,P004,68,24999,False,0,B2B
2266,2026-04-17,P004,78,24999,False,0,Online
2267,2026-04-18,P004,48,24999,False,0,Online
2268,2026-04-19,P004,57,24999,False,0,Online
2269,2026-04-20,P004,56,24999,False,0,Retail
2270,2026-04-21,P004,68,24999,False,0,Online
2271,2026-04-22,P004,71,24999,False,0,Online
2272,2026-04-23,P004,67,24999,False,0,Online
2273,2026-04-24,P004,65,24999,False,0,Retail
2274,2026-04-25,P004,53,24999,False,0,Online
2275,2026-04-26,P004,54,24999,False,0,Online
2276,2026-04-27,P004,59,24999,False,0,Online
2277,2026-04-28,P004,74,24999,False,0,Retail
2278,2026-04-29,P004,55,24999,False,0,Retail
2279,2026-04-30,P004,73,24999,False,0,Retail
2280,2026-05-01,P004,64,24999,False,0,Retail
2281,2026-05-02,P004,47,24999,False,0,Online
2282,2026-05-03,P004,51,24999,False,0,Online
2283,2026-05-04,P004,68,24999,False,0,Online
2284,2026-05-05,P004,56,24999,False,0,Online
2285,2026-05-06,P004,55,24999,False,0,Online
2286,2026-05-07,P004,63,24999,False,0,B2B
2287,2026-05-08,P004,75,24999,False,0,B2B
2288,2026-05-09,P004,52,24999,False,0,B2B
2289,2026-05-10,P004,49,24999,False,0,Retail
2290,2026-05-11,P004,78,24999,False,0,Retail
2291,2026-05-12,P004,80,24999,False,0,Online
2292,2026-05-13,P004,76,24999,False,0,Retail
2293,2026-05-14,P004,61,24999,False,0,Online
2294,2026-05-15,P004,52,24999,False,0,Online
2295,2026-05-16,P004,53,24999,False,0,Online
2296,2026-05-17,P004,57,24999,False,0,Online
2297,2026-05-18,P004,71,24999,False,0,B2B
2298,2026-05-19,P004,74,24999,False,0,Online
2299,2026-05-20,P004,71,24999,False,0,Online
2300,2026-05-21,P004,47,24999,False,0,Retail
2301,2026-05-22,P004,69,24999,False,0,B2B
2302,2026-05-23,P004,53,24999,False,0,Online
2303,2026-05-24,P004,57,24999,False,0,Retail
2304,2026-05-25,P004,62,24999,False,0,Online
2305,2026-05-26,P004,75,24999,False,0,Online
2306,2026-05-27,P004,91,24999,False,0,Retail
2307,2026-05-28,P004,70,24999,False,0,Online
2308,2026-05-29,P004,60,24999,False,0,Online
2309,2026-05-30,P004,83,24999,True,20,Online
2310,2026-05-31,P004,66,24999,False,0,Online
2311,2026-06-01,P004,62,24999,False,0,Online
2312,2026-06-02,P004,82,24999,False,0,Online
2313,2026-06-03,P004,68,24999,False,0,Online
2314,2026-06-04,P004,64,24999,False,0,Retail
2315,2026-06-05,P004,72,24999,False,0,B2B
2316,2026-06-06,P004,54,24999,False,0,Retail
2317,2026-06-07,P004,64,24999,False,0,B2B
2318,2026-06-08,P004,54,24999,False,0,Online
2319,2026-06-09,P004,60,24999,False,0,Retail
2320,2026-06-10,P004,56,24999,False,0,Online
2321,2026-06-11,P004,71,24999,False,0,Online
2322,2026-06-12,P004,63,24999,False,0,B2B
2323,2026-06-13,P004,56,24999,False,0,Online
2324,2026-06-14,P004,71,24999,False,0,Online
2325,2026-06-15,P004,65,24999,False,0,Online
2326,2026-06-16,P004,64,24999,False,0,Online
2327,2026-06-17,P004,57,24999,False,0,Online
2328,2026-06-18,P004,56,24999,False,0,Online
2329,2026-06-19,P004,67,24999,False,0,Retail
2330,2026-06-20,P004,57,24999,False,0,Online
2331,2026-06-21,P004,72,24999,True,20,B2B
2332,2026-06-22,P004,69,24999,False,0,Online
2333,2026-06-23,P004,57,24999,False,0,Online
2334,2026-06-24,P004,59,24999,False,0,Online
2335,2026-06-25,P004,72,24999,False,0,Online
2336,2026-06-26,P004,71,24999,False,0,Retail
2337,2026-06-27,P004,57,24999,False,0,Retail
2338,2026-06-28,P004,55,24999,False,0,Retail
2339,2026-06-29,P004,69,24999,False,0,Online
2340,2026-06-30,P004,56,24999,False,0,Retail
2341,2026-07-01,P004,78,24999,True,10,Retail
2342,2026-07-02,P004,67,24999,False,0,Online
2343,2026-07-03,P004,71,24999,False,0,Online
2344,2026-07-04,P004,56,24999,False,0,B2B
2345,2026-07-05,P004,55,24999,True,15,Retail
2346,2026-07-06,P004,66,24999,False,0,Retail
2347,2026-07-07,P004,65,24999,False,0,Online
2348,2026-07-08,P004,63,24999,False,0,Online
2349,2026-07-09,P004,68,24999,False,0,Online
2350,2026-07-10,P004,65,24999,False,0,Retail
2351,2026-07-11,P004,65,24999,False,0,Retail
2352,2026-07-12,P004,65,24999,False,0,Retail
2353,2026-07-13,P004,63,24999,False,0,B2B
2354,2026-07-14,P004,55,24999,False,0,Retail
2355,2026-07-15,P004,73,24999,False,0,Retail
2356,2026-07-16,P004,80,24999,True,20,B2B
2357,2026-07-17,P004,62,24999,False,0,Online
2358,2026-07-18,P004,70,24999,True,15,Retail
2359,2026-07-19,P004,42,24999,False,0,Online
2360,2026-07-20,P004,72,24999,False,0,Retail
2361,2026-07-21,P004,53,24999,False,0,Online
2362,2026-07-22,P004,55,24999,False,0,Retail
2363,2026-07-23,P004,57,24999,False,0,Online
2364,2026-07-24,P004,71,24999,False,0,Online
2365,2026-07-25,P004,49,24999,False,0,Retail
2366,2026-07-26,P004,95,24999,True,20,B2B
2367,2026-07-27,P004,65,24999,False,0,Online
2368,2026-07-28,P004,56,24999,False,0,Retail
2369,2026-07-29,P004,51,24999,False,0,Online
2370,2026-07-30,P004,77,24999,True,10,Online
2371,2026-07-31,P004,60,24999,False,0,Online
2372,2026-08-01,P004,57,24999,False,0,Retail
2373,2026-08-02,P004,74,24999,False,0,Retail
2374,2026-08-03,P004,74,24999,False,0,Online
2375,2026-08-04,P004,86,24999,False,0,B2B
2376,2026-08-05,P004,99,24999,False,0,Online
2377,2026-08-06,P004,67,24999,False,0,Online
2378,2026-08-07,P004,68,24999,False,0,Retail
2379,2026-08-08,P004,82,24999,True,10,Online
2380,2026-08-09,P004,64,24999,False,0,Online
2381,2026-08-10,P004,70,24999,False,0,Retail
2382,2026-08-11,P004,68,24999,False,0,Online
2383,2026-08-12,P004,81,24999,False,0,Online
2384,2026-08-13,P004,83,24999,False,0,B2B
2385,2026-08-14,P004,82,24999,False,0,Retail
2386,2026-08-15,P004,59,24999,False,0,Online
2387,2026-08-16,P004,72,24999,False,0,Online
2388,2026-08-17,P004,64,24999,False,0,Online
2389,2026-08-18,P004,90,24999,False,0,Retail
2390,2026-08-19,P004,80,24999,False,0,Retail
2391,2026-08-20,P004,59,24999,False,0,Online
2392,2026-08-21,P004,65,24999,False,0,Online
2393,2025-01-01,P005,32,14999,False,0,B2B
2394,2025-01-02,P005,41,14999,True,10,Retail
2395,2025-01-03,P005,38,14999,False,0,Retail
2396,2025-01-04,P005,28,14999,False,0,Online
2397,2025-01-05,P005,30,14999,False,0,Online
2398,2025-01-06,P005,34,14999,False,0,B2B
2399,2025-01-07,P005,40,14999,False,0,Retail
2400,2025-01-08,P005,39,14999,False,0,Online
2401,2025-01-09,P005,36,14999,False,0,Retail
2402,2025-01-10,P005,40,14999,False,0,Online
2403,2025-01-11,P005,32,14999,False,0,Online
2404,2025-01-12,P005,33,14999,False,0,Retail
2405,2025-01-13,P005,47,14999,False,0,Online
2406,2025-01-14,P005,45,14999,False,0,Retail
2407,2025-01-15,P005,33,14999,False,0,Retail
2408,2025-01-16,P005,43,14999,False,0,Online
2409,2025-01-17,P005,43,14999,False,0,Online
2410,2025-01-18,P005,30,14999,False,0,Retail
2411,2025-01-19,P005,44,14999,True,10,Retail
2412,2025-01-20,P005,46,14999,False,0,Online
2413,2025-01-21,P005,34,14999,False,0,Retail
2414,2025-01-22,P005,35,14999,False,0,Online
2415,2025-01-23,P005,44,14999,False,0,B2B
2416,2025-01-24,P005,50,14999,True,15,Online
2417,2025-01-25,P005,37,14999,False,0,Online
2418,2025-01-26,P005,36,14999,False,0,Retail
2419,2025-01-27,P005,54,14999,True,20,Online
2420,2025-01-28,P005,33,14999,False,0,Online
2421,2025-01-29,P005,44,14999,False,0,Retail
2422,2025-01-30,P005,51,14999,True,10,Online
2423,2025-01-31,P005,38,14999,False,0,Retail
2424,2025-02-01,P005,34,14999,False,0,Online
2425,2025-02-02,P005,33,14999,True,10,B2B
2426,2025-02-03,P005,48,14999,True,10,B2B
2427,2025-02-04,P005,42,14999,False,0,Online
2428,2025-02-05,P005,39,14999,False,0,Retail
2429,2025-02-06,P005,45,14999,False,0,Retail
2430,2025-02-07,P005,38,14999,False,0,B2B
2431,2025-02-08,P005,37,14999,False,0,Retail
2432,2025-02-09,P005,30,14999,False,0,Online
2433,2025-02-10,P005,48,14999,True,15,Retail
2434,2025-02-11,P005,38,14999,False,0,Retail
2435,2025-02-12,P005,40,14999,False,0,Online
2436,2025-02-13,P005,38,14999,False,0,Online
2437,2025-02-14,P005,50,14999,True,20,Online
2438,2025-02-15,P005,38,14999,False,0,Online
2439,2025-02-16,P005,33,14999,False,0,Retail
2440,2025-02-17,P005,32,14999,False,0,B2B
2441,2025-02-18,P005,55,14999,True,10,Online
2442,2025-02-19,P005,46,14999,False,0,Online
2443,2025-02-20,P005,33,14999,False,0,Online
2444,2025-02-21,P005,43,14999,False,0,Retail
2445,2025-02-22,P005,41,14999,True,15,B2B
2446,2025-02-23,P005,36,14999,False,0,Retail
2447,2025-02-24,P005,41,14999,False,0,Retail
2448,2025-02-25,P005,39,14999,False,0,Online
2449,2025-02-26,P005,36,14999,False,0,Online
2450,2025-02-27,P005,36,14999,False,0,Retail
2451,2025-02-28,P005,35,14999,False,0,Online
2452,2025-03-01,P005,33,14999,False,0,Online
2453,2025-03-02,P005,36,14999,False,0,Online
2454,2025-03-03,P005,38,14999,False,0,Online
2455,2025-03-04,P005,45,14999,False,0,Online
2456,2025-03-05,P005,48,14999,False,0,Online
2457,2025-03-06,P005,38,14999,False,0,Retail
2458,2025-03-07,P005,42,14999,False,0,Online
2459,2025-03-08,P005,39,14999,False,0,Retail
2460,2025-03-09,P005,38,14999,False,0,Online
2461,2025-03-10,P005,42,14999,False,0,Online
2462,2025-03-11,P005,46,14999,False,0,Online
2463,2025-03-12,P005,44,14999,False,0,B2B
2464,2025-03-13,P005,35,14999,False,0,Online
2465,2025-03-14,P005,45,14999,False,0,B2B
2466,2025-03-15,P005,41,14999,False,0,Online
2467,2025-03-16,P005,33,14999,False,0,Retail
2468,2025-03-17,P005,52,14999,True,15,Online
2469,2025-03-18,P005,44,14999,False,0,Online
2470,2025-03-19,P005,41,14999,False,0,B2B
2471,2025-03-20,P005,47,14999,False,0,B2B
2472,2025-03-21,P005,53,14999,False,0,Online
2473,2025-03-22,P005,33,14999,False,0,Retail
2474,2025-03-23,P005,30,14999,False,0,Online
2475,2025-03-24,P005,43,14999,False,0,Retail
2476,2025-03-25,P005,45,14999,False,0,Retail
2477,2025-03-26,P005,40,14999,False,0,B2B
2478,2025-03-27,P005,50,14999,False,0,Retail
2479,2025-03-28,P005,35,14999,False,0,Retail
2480,2025-03-29,P005,39,14999,False,0,B2B
2481,2025-03-30,P005,34,14999,False,0,Online
2482,2025-03-31,P005,50,14999,False,0,Retail
2483,2025-04-01,P005,51,14999,False,0,B2B
2484,2025-04-02,P005,38,14999,False,0,Retail
2485,2025-04-03,P005,38,14999,False,0,B2B
2486,2025-04-04,P005,46,14999,False,0,Retail
2487,2025-04-05,P005,35,14999,False,0,Online
2488,2025-04-06,P005,36,14999,False,0,Retail
2489,2025-04-07,P005,41,14999,False,0,B2B
2490,2025-04-08,P005,32,14999,False,0,B2B
2491,2025-04-09,P005,42,14999,False,0,B2B
2492,2025-04-10,P005,38,14999,False,0,Online
2493,2025-04-11,P005,39,14999,False,0,Online
2494,2025-04-12,P005,43,14999,False,0,Retail
2495,2025-04-13,P005,31,14999,False,0,Online
2496,2025-04-14,P005,46,14999,False,0,Online
2497,2025-04-15,P005,40,14999,False,0,Retail
2498,2025-04-16,P005,40,14999,False,0,Online
2499,2025-04-17,P005,45,14999,False,0,Online
2500,2025-04-18,P005,44,14999,False,0,Online
2501,2025-04-19,P005,40,14999,False,0,Online
2502,2025-04-20,P005,41,14999,False,0,Online
2503,2025-04-21,P005,41,14999,False,0,Online
2504,2025-04-22,P005,39,14999,False,0,B2B
2505,2025-04-23,P005,37,14999,False,0,Online
2506,2025-04-24,P005,38,14999,False,0,Retail
2507,2025-04-25,P005,57,14999,False,0,Online
2508,2025-04-26,P005,42,14999,False,0,Online
2509,2025-04-27,P005,31,14999,False,0,B2B
2510,2025-04-28,P005,36,14999,False,0,Retail
2511,2025-04-29,P005,43,14999,False,0,Online
2512,2025-04-30,P005,44,14999,False,0,Retail
2513,2025-05-01,P005,42,14999,False,0,B2B
2514,2025-05-02,P005,51,14999,True,20,Online
2515,2025-05-03,P005,35,14999,False,0,Retail
2516,2025-05-04,P005,36,14999,False,0,Online
2517,2025-05-05,P005,40,14999,False,0,Online
2518,2025-05-06,P005,30,14999,False,0,Retail
2519,2025-05-07,P005,39,14999,False,0,Retail
2520,2025-05-08,P005,36,14999,False,0,Online
2521,2025-05-09,P005,40,14999,False,0,Retail
2522,2025-05-10,P005,47,14999,False,0,Online
2523,2025-05-11,P005,50,14999,True,20,Retail
2524,2025-05-12,P005,39,14999,False,0,Online
2525,2025-05-13,P005,43,14999,False,0,Retail
2526,2025-05-14,P005,43,14999,False,0,B2B
2527,2025-05-15,P005,42,14999,False,0,Retail
2528,2025-05-16,P005,44,14999,False,0,Retail
2529,2025-05-17,P005,44,14999,False,0,Retail
2530,2025-05-18,P005,31,14999,False,0,Retail
2531,2025-05-19,P005,42,14999,False,0,Online
2532,2025-05-20,P005,42,14999,True,10,Online
2533,2025-05-21,P005,43,14999,False,0,Retail
2534,2025-05-22,P005,35,14999,False,0,Online
2535,2025-05-23,P005,37,14999,False,0,B2B
2536,2025-05-24,P005,34,14999,False,0,Retail
2537,2025-05-25,P005,41,14999,False,0,Online
2538,2025-05-26,P005,45,14999,False,0,Online
2539,2025-05-27,P005,34,14999,False,0,Retail
2540,2025-05-28,P005,40,14999,False,0,Retail
2541,2025-05-29,P005,38,14999,False,0,B2B
2542,2025-05-30,P005,39,14999,True,10,Online
2543,2025-05-31,P005,35,14999,False,0,B2B
2544,2025-06-01,P005,34,14999,False,0,Online
2545,2025-06-02,P005,52,14999,False,0,Online
2546,2025-06-03,P005,41,14999,False,0,Online
2547,2025-06-04,P005,34,14999,False,0,Retail
2548,2025-06-05,P005,39,14999,False,0,B2B
2549,2025-06-06,P005,46,14999,False,0,Retail
2550,2025-06-07,P005,44,14999,False,0,Retail
2551,2025-06-08,P005,29,14999,False,0,Online
2552,2025-06-09,P005,31,14999,False,0,Online
2553,2025-06-10,P005,50,14999,False,0,Online
2554,2025-06-11,P005,56,14999,False,0,Online
2555,2025-06-12,P005,36,14999,False,0,B2B
2556,2025-06-13,P005,44,14999,False,0,Online
2557,2025-06-14,P005,24,14999,False,0,Retail
2558,2025-06-15,P005,35,14999,False,0,Retail
2559,2025-06-16,P005,43,14999,False,0,Retail
2560,2025-06-17,P005,45,14999,False,0,Retail
2561,2025-06-18,P005,39,14999,True,5,Retail
2562,2025-06-19,P005,42,14999,False,0,Online
2563,2025-06-20,P005,37,14999,False,0,Retail
2564,2025-06-21,P005,36,14999,False,0,B2B
2565,2025-06-22,P005,32,14999,False,0,Retail
2566,2025-06-23,P005,40,14999,False,0,B2B
2567,2025-06-24,P005,49,14999,False,0,Online
2568,2025-06-25,P005,51,14999,True,10,Online
2569,2025-06-26,P005,60,14999,True,20,Retail
2570,2025-06-27,P005,40,14999,False,0,Retail
2571,2025-06-28,P005,37,14999,False,0,Online
2572,2025-06-29,P005,29,14999,False,0,B2B
2573,2025-06-30,P005,38,14999,False,0,Online
2574,2025-07-01,P005,40,14999,False,0,Online
2575,2025-07-02,P005,52,14999,False,0,B2B
2576,2025-07-03,P005,36,14999,False,0,B2B
2577,2025-07-04,P005,49,14999,False,0,Online
2578,2025-07-05,P005,40,14999,False,0,Retail
2579,2025-07-06,P005,37,14999,False,0,Online
2580,2025-07-07,P005,51,14999,False,0,Online
2581,2025-07-08,P005,42,14999,False,0,Retail
2582,2025-07-09,P005,44,14999,False,0,B2B
2583,2025-07-10,P005,41,14999,False,0,B2B
2584,2025-07-11,P005,47,14999,False,0,Online
2585,2025-07-12,P005,40,14999,False,0,Retail
2586,2025-07-13,P005,33,14999,False,0,Online
2587,2025-07-14,P005,34,14999,False,0,Retail
2588,2025-07-15,P005,40,14999,False,0,Retail
2589,2025-07-16,P005,37,14999,False,0,Online
2590,2025-07-17,P005,40,14999,False,0,Online
2591,2025-07-18,P005,46,14999,False,0,Online
2592,2025-07-19,P005,33,14999,False,0,Online
2593,2025-07-20,P005,36,14999,False,0,Retail
2594,2025-07-21,P005,41,14999,False,0,Retail
2595,2025-07-22,P005,45,14999,False,0,B2B
2596,2025-07-23,P005,29,14999,False,0,Online
2597,2025-07-24,P005,38,14999,False,0,Retail
2598,2025-07-25,P005,41,14999,False,0,Retail
2599,2025-07-26,P005,42,14999,False,0,Retail
2600,2025-07-27,P005,33,14999,False,0,Online
2601,2025-07-28,P005,31,14999,False,0,Online
2602,2025-07-29,P005,44,14999,False,0,Online
2603,2025-07-30,P005,37,14999,False,0,B2B
2604,2025-07-31,P005,35,14999,False,0,Retail
2605,2025-08-01,P005,54,14999,True,10,Online
2606,2025-08-02,P005,43,14999,False,0,Retail
2607,2025-08-03,P005,41,14999,False,0,Online
2608,2025-08-04,P005,35,14999,False,0,Retail
2609,2025-08-05,P005,56,14999,False,0,Online
2610,2025-08-06,P005,74,14999,True,20,B2B
2611,2025-08-07,P005,51,14999,False,0,Online
2612,2025-08-08,P005,69,14999,False,0,Retail
2613,2025-08-09,P005,44,14999,False,0,Online
2614,2025-08-10,P005,42,14999,False,0,Retail
2615,2025-08-11,P005,53,14999,False,0,Retail
2616,2025-08-12,P005,51,14999,False,0,Online
2617,2025-08-13,P005,46,14999,False,0,Online
2618,2025-08-14,P005,51,14999,False,0,Retail
2619,2025-08-15,P005,50,14999,False,0,Online
2620,2025-08-16,P005,51,14999,False,0,Online
2621,2025-08-17,P005,48,14999,False,0,Retail
2622,2025-08-18,P005,55,14999,False,0,Online
2623,2025-08-19,P005,50,14999,False,0,Online
2624,2025-08-20,P005,59,14999,False,0,Online
2625,2025-08-21,P005,53,14999,False,0,B2B
2626,2025-08-22,P005,45,14999,False,0,Retail
2627,2025-08-23,P005,62,14999,True,15,B2B
2628,2025-08-24,P005,58,14999,True,15,Online
2629,2025-08-25,P005,46,14999,False,0,Online
2630,2025-08-26,P005,57,14999,True,15,Online
2631,2025-08-27,P005,49,14999,False,0,Online
2632,2025-08-28,P005,51,14999,False,0,Online
2633,2025-08-29,P005,51,14999,False,0,Online
2634,2025-08-30,P005,46,14999,False,0,B2B
2635,2025-08-31,P005,54,14999,False,0,Online
2636,2025-09-01,P005,53,14999,False,0,Retail
2637,2025-09-02,P005,49,14999,False,0,Online
2638,2025-09-03,P005,56,14999,False,0,Online
2639,2025-09-04,P005,44,14999,False,0,Online
2640,2025-09-05,P005,54,14999,False,0,Retail
2641,2025-09-06,P005,56,14999,False,0,Retail
2642,2025-09-07,P005,57,14999,True,20,B2B
2643,2025-09-08,P005,44,14999,False,0,Online
2644,2025-09-09,P005,44,14999,False,0,Online
2645,2025-09-10,P005,41,14999,False,0,Retail
2646,2025-09-11,P005,44,14999,False,0,Retail
2647,2025-09-12,P005,46,14999,False,0,Online
2648,2025-09-13,P005,37,14999,False,0,Online
2649,2025-09-14,P005,43,14999,False,0,Online
2650,2025-09-15,P005,55,14999,False,0,Retail
2651,2025-09-16,P005,43,14999,False,0,Retail
2652,2025-09-17,P005,57,14999,False,0,Retail
2653,2025-09-18,P005,70,14999,True,20,Online
2654,2025-09-19,P005,54,14999,False,0,Online
2655,2025-09-20,P005,40,14999,False,0,Retail
2656,2025-09-21,P005,47,14999,False,0,B2B
2657,2025-09-22,P005,41,14999,False,0,Online
2658,2025-09-23,P005,54,14999,False,0,Retail
2659,2025-09-24,P005,53,14999,False,0,B2B
2660,2025-09-25,P005,54,14999,False,0,Retail
2661,2025-09-26,P005,44,14999,False,0,Retail
2662,2025-09-27,P005,39,14999,False,0,Online
2663,2025-09-28,P005,45,14999,False,0,Retail
2664,2025-09-29,P005,43,14999,False,0,B2B
2665,2025-09-30,P005,53,14999,False,0,Online
2666,2025-10-01,P005,42,14999,False,0,Retail
2667,2025-10-02,P005,52,14999,False,0,B2B
2668,2025-10-03,P005,40,14999,False,0,Online
2669,2025-10-04,P005,46,14999,False,0,Retail
2670,2025-10-05,P005,48,14999,False,0,B2B
2671,2025-10-06,P005,43,14999,False,0,Online
2672,2025-10-07,P005,49,14999,False,0,B2B
2673,2025-10-08,P005,50,14999,False,0,B2B
2674,2025-10-09,P005,43,14999,False,0,Online
2675,2025-10-10,P005,44,14999,False,0,Online
2676,2025-10-11,P005,34,14999,False,0,Online
2677,2025-10-12,P005,44,14999,False,0,B2B
2678,2025-10-13,P005,39,14999,False,0,Online
2679,2025-10-14,P005,51,14999,False,0,B2B
2680,2025-10-15,P005,58,14999,True,20,B2B
2681,2025-10-16,P005,71,14999,True,20,B2B
2682,2025-10-17,P005,46,14999,False,0,B2B
2683,2025-10-18,P005,42,14999,False,0,Online
2684,2025-10-19,P005,48,14999,False,0,Online
2685,2025-10-20,P005,49,14999,False,0,Online
2686,2025-10-21,P005,52,14999,False,0,Retail
2687,2025-10-22,P005,51,14999,False,0,Online
2688,2025-10-23,P005,40,14999,False,0,Online
2689,2025-10-24,P005,51,14999,False,0,Online
2690,2025-10-25,P005,47,14999,False,0,Online
2691,2025-10-26,P005,38,14999,False,0,Online
2692,2025-10-27,P005,53,14999,True,10,Online
2693,2025-10-28,P005,46,14999,False,0,Online
2694,2025-10-29,P005,50,14999,False,0,Online
2695,2025-10-30,P005,50,14999,False,0,Retail
2696,2025-10-31,P005,54,14999,False,0,Retail
2697,2025-11-01,P005,45,14999,False,0,Retail
2698,2025-11-02,P005,35,14999,False,0,B2B
2699,2025-11-03,P005,51,14999,False,0,Online
2700,2025-11-04,P005,54,14999,False,0,Online
2701,2025-11-05,P005,53,14999,False,0,Retail
2702,2025-11-06,P005,52,14999,False,0,Online
2703,2025-11-07,P005,59,14999,False,0,Retail
2704,2025-11-08,P005,49,14999,False,0,Online
2705,2025-11-09,P005,46,14999,False,0,Retail
2706,2025-11-10,P005,56,14999,False,0,Online
2707,2025-11-11,P005,50,14999,False,0,Online
2708,2025-11-12,P005,46,14999,False,0,Retail
2709,2025-11-13,P005,48,14999,False,0,Retail
2710,2025-11-14,P005,56,14999,False,0,Retail
2711,2025-11-15,P005,39,14999,False,0,Online
2712,2025-11-16,P005,48,14999,False,0,Online
2713,2025-11-17,P005,49,14999,False,0,B2B
2714,2025-11-18,P005,47,14999,True,10,Retail
2715,2025-11-19,P005,50,14999,False,0,Online
2716,2025-11-20,P005,49,14999,True,20,Online
2717,2025-11-21,P005,50,14999,False,0,Online
2718,2025-11-22,P005,48,14999,False,0,Online
2719,2025-11-23,P005,42,14999,False,0,Retail
2720,2025-11-24,P005,67,14999,False,0,Retail
2721,2025-11-25,P005,60,14999,False,0,Online
2722,2025-11-26,P005,48,14999,False,0,Online
2723,2025-11-27,P005,41,14999,False,0,Online
2724,2025-11-28,P005,61,14999,False,0,Online
2725,2025-11-29,P005,56,14999,False,0,Online
2726,2025-11-30,P005,42,14999,False,0,Online
2727,2025-12-01,P005,55,14999,False,0,Retail
2728,2025-12-02,P005,58,14999,False,0,Online
2729,2025-12-03,P005,44,14999,False,0,Retail
2730,2025-12-04,P005,46,14999,False,0,Retail
2731,2025-12-05,P005,58,14999,False,0,Online
2732,2025-12-06,P005,54,14999,False,0,Retail
2733,2025-12-07,P005,47,14999,False,0,Online
2734,2025-12-08,P005,46,14999,False,0,Online
2735,2025-12-09,P005,59,14999,False,0,Online
2736,2025-12-10,P005,45,14999,False,0,Online
2737,2025-12-11,P005,50,14999,False,0,B2B
2738,2025-12-12,P005,61,14999,True,10,Retail
2739,2025-12-13,P005,49,14999,False,0,Retail
2740,2025-12-14,P005,46,14999,False,0,Online
2741,2025-12-15,P005,51,14999,False,0,Online
2742,2025-12-16,P005,50,14999,False,0,Online
2743,2025-12-17,P005,68,14999,True,20,B2B
2744,2025-12-18,P005,52,14999,False,0,Online
2745,2025-12-19,P005,32,14999,False,0,Online
2746,2025-12-20,P005,44,14999,False,0,Retail
2747,2025-12-21,P005,43,14999,False,0,Online
2748,2025-12-22,P005,40,14999,False,0,Online
2749,2025-12-23,P005,49,14999,False,0,Online
2750,2025-12-24,P005,48,14999,False,0,Retail
2751,2025-12-25,P005,56,14999,False,0,Online
2752,2025-12-26,P005,61,14999,False,0,B2B
2753,2025-12-27,P005,39,14999,False,0,Online
2754,2025-12-28,P005,43,14999,False,0,Retail
2755,2025-12-29,P005,45,14999,False,0,Online
2756,2025-12-30,P005,50,14999,True,5,Online
2757,2025-12-31,P005,47,14999,False,0,Online
2758,2026-01-01,P005,40,14999,False,0,Retail
2759,2026-01-02,P005,37,14999,False,0,B2B
2760,2026-01-03,P005,42,14999,False,0,Retail
2761,2026-01-04,P005,38,14999,False,0,B2B
2762,2026-01-05,P005,40,14999,False,0,Online
2763,2026-01-06,P005,47,14999,False,0,Retail
2764,2026-01-07,P005,37,14999,False,0,Retail
2765,2026-01-08,P005,45,14999,False,0,Online
2766,2026-01-09,P005,62,14999,True,20,Online
2767,2026-01-10,P005,37,14999,False,0,Retail
2768,2026-01-11,P005,39,14999,False,0,Retail
2769,2026-01-12,P005,40,14999,False,0,B2B
2770,2026-01-13,P005,40,14999,False,0,Online
2771,2026-01-14,P005,39,14999,False,0,Retail
2772,2026-01-15,P005,39,14999,False,0,Online
2773,2026-01-16,P005,40,14999,False,0,Online
2774,2026-01-17,P005,30,14999,False,0,Online
2775,2026-01-18,P005,33,14999,False,0,Retail
2776,2026-01-19,P005,40,14999,False,0,Retail
2777,2026-01-20,P005,41,14999,False,0,Online
2778,2026-01-21,P005,41,14999,False,0,Online
2779,2026-01-22,P005,45,14999,False,0,Retail
2780,2026-01-23,P005,43,14999,False,0,Retail
2781,2026-01-24,P005,40,14999,False,0,Retail
2782,2026-01-25,P005,34,14999,False,0,Online
2783,2026-01-26,P005,34,14999,False,0,B2B
2784,2026-01-27,P005,37,14999,False,0,Online
2785,2026-01-28,P005,42,14999,False,0,Online
2786,2026-01-29,P005,42,14999,False,0,B2B
2787,2026-01-30,P005,38,14999,False,0,Online
2788,2026-01-31,P005,31,14999,False,0,Online
2789,2026-02-01,P005,37,14999,False,0,Retail
2790,2026-02-02,P005,46,14999,False,0,Online
2791,2026-02-03,P005,44,14999,False,0,B2B
2792,2026-02-04,P005,41,14999,False,0,B2B
2793,2026-02-05,P005,38,14999,False,0,Online
2794,2026-02-06,P005,39,14999,False,0,Online
2795,2026-02-07,P005,39,14999,False,0,Online
2796,2026-02-08,P005,36,14999,False,0,Online
2797,2026-02-09,P005,47,14999,False,0,Online
2798,2026-02-10,P005,36,14999,False,0,Online
2799,2026-02-11,P005,41,14999,False,0,Retail
2800,2026-02-12,P005,42,14999,False,0,Online
2801,2026-02-13,P005,44,14999,False,0,Retail
2802,2026-02-14,P005,49,14999,False,0,Online
2803,2026-02-15,P005,41,14999,False,0,Online
2804,2026-02-16,P005,36,14999,False,0,Online
2805,2026-02-17,P005,40,14999,False,0,Online
2806,2026-02-18,P005,32,14999,False,0,Online
2807,2026-02-19,P005,46,14999,False,0,Retail
2808,2026-02-20,P005,41,14999,False,0,Online
2809,2026-02-21,P005,43,14999,False,0,Online
2810,2026-02-22,P005,38,14999,False,0,Online
2811,2026-02-23,P005,40,14999,False,0,Retail
2812,2026-02-24,P005,38,14999,False,0,Online
2813,2026-02-25,P005,51,14999,False,0,Retail
2814,2026-02-26,P005,41,14999,False,0,Retail
2815,2026-02-27,P005,49,14999,False,0,B2B
2816,2026-02-28,P005,41,14999,False,0,Retail
2817,2026-03-01,P005,42,14999,False,0,Retail
2818,2026-03-02,P005,46,14999,False,0,Online
2819,2026-03-03,P005,49,14999,False,0,Online
2820,2026-03-04,P005,35,14999,False,0,Online
2821,2026-03-05,P005,46,14999,False,0,B2B
2822,2026-03-06,P005,47,14999,False,0,Online
2823,2026-03-07,P005,42,14999,False,0,Retail
2824,2026-03-08,P005,39,14999,True,15,Retail
2825,2026-03-09,P005,46,14999,False,0,Retail
2826,2026-03-10,P005,55,14999,False,0,Online
2827,2026-03-11,P005,49,14999,False,0,B2B
2828,2026-03-12,P005,43,14999,False,0,Retail
2829,2026-03-13,P005,54,14999,False,0,Online
2830,2026-03-14,P005,41,14999,False,0,Retail
2831,2026-03-15,P005,31,14999,False,0,Retail
2832,2026-03-16,P005,48,14999,True,15,Retail
2833,2026-03-17,P005,72,14999,True,20,Online
2834,2026-03-18,P005,41,14999,False,0,B2B
2835,2026-03-19,P005,43,14999,False,0,Retail
2836,2026-03-20,P005,42,14999,False,0,B2B
2837,2026-03-21,P005,46,14999,False,0,Retail
2838,2026-03-22,P005,49,14999,False,0,Online
2839,2026-03-23,P005,56,14999,False,0,Retail
2840,2026-03-24,P005,47,14999,False,0,Online
2841,2026-03-25,P005,50,14999,False,0,Online
2842,2026-03-26,P005,40,14999,False,0,B2B
2843,2026-03-27,P005,71,14999,True,15,Online
2844,2026-03-28,P005,35,14999,False,0,Retail
2845,2026-03-29,P005,43,14999,False,0,B2B
2846,2026-03-30,P005,40,14999,False,0,B2B
2847,2026-03-31,P005,44,14999,False,0,Online
2848,2026-04-01,P005,42,14999,False,0,Retail
2849,2026-04-02,P005,41,14999,False,0,Online
2850,2026-04-03,P005,45,14999,False,0,Online
2851,2026-04-04,P005,39,14999,False,0,Retail
2852,2026-04-05,P005,45,14999,False,0,Retail
2853,2026-04-06,P005,40,14999,False,0,Online
2854,2026-04-07,P005,50,14999,False,0,Retail
2855,2026-04-08,P005,55,14999,False,0,Online
2856,2026-04-09,P005,45,14999,False,0,B2B
2857,2026-04-10,P005,41,14999,False,0,Online
2858,2026-04-11,P005,41,14999,False,0,Retail
2859,2026-04-12,P005,49,14999,False,0,Retail
2860,2026-04-13,P005,56,14999,True,10,B2B
2861,2026-04-14,P005,40,14999,False,0,Retail
2862,2026-04-15,P005,51,14999,False,0,Online
2863,2026-04-16,P005,43,14999,False,0,Online
2864,2026-04-17,P005,49,14999,False,0,Retail
2865,2026-04-18,P005,40,14999,False,0,Online
2866,2026-04-19,P005,38,14999,False,0,Retail
2867,2026-04-20,P005,44,14999,False,0,Retail
2868,2026-04-21,P005,43,14999,False,0,Online
2869,2026-04-22,P005,51,14999,False,0,Online
2870,2026-04-23,P005,50,14999,False,0,Retail
2871,2026-04-24,P005,41,14999,False,0,Retail
2872,2026-04-25,P005,46,14999,False,0,Retail
2873,2026-04-26,P005,32,14999,False,0,Retail
2874,2026-04-27,P005,43,14999,False,0,Online
2875,2026-04-28,P005,42,14999,False,0,Online
2876,2026-04-29,P005,39,14999,False,0,Online
2877,2026-04-30,P005,44,14999,False,0,Retail
2878,2026-05-01,P005,43,14999,False,0,Online
2879,2026-05-02,P005,43,14999,False,0,Retail
2880,2026-05-03,P005,39,14999,False,0,Retail
2881,2026-05-04,P005,35,14999,False,0,Retail
2882,2026-05-05,P005,36,14999,True,10,B2B
2883,2026-05-06,P005,40,14999,False,0,B2B
2884,2026-05-07,P005,44,14999,False,0,Online
2885,2026-05-08,P005,30,14999,False,0,Online
2886,2026-05-09,P005,38,14999,False,0,Online
2887,2026-05-10,P005,35,14999,False,0,Retail
2888,2026-05-11,P005,47,14999,False,0,Retail
2889,2026-05-12,P005,43,14999,False,0,Online
2890,2026-05-13,P005,49,14999,False,0,Retail
2891,2026-05-14,P005,41,14999,False,0,Online
2892,2026-05-15,P005,34,14999,False,0,Online
2893,2026-05-16,P005,40,14999,False,0,Online
2894,2026-05-17,P005,47,14999,True,10,Online
2895,2026-05-18,P005,48,14999,False,0,Retail
2896,2026-05-19,P005,59,14999,False,0,Online
2897,2026-05-20,P005,31,14999,False,0,Retail
2898,2026-05-21,P005,52,14999,False,0,Online
2899,2026-05-22,P005,44,14999,False,0,Online
2900,2026-05-23,P005,38,14999,False,0,Online
2901,2026-05-24,P005,40,14999,False,0,B2B
2902,2026-05-25,P005,56,14999,True,15,Retail
2903,2026-05-26,P005,49,14999,True,20,Retail
2904,2026-05-27,P005,44,14999,False,0,Online
2905,2026-05-28,P005,34,14999,False,0,Online
2906,2026-05-29,P005,44,14999,False,0,B2B
2907,2026-05-30,P005,36,14999,False,0,Online
2908,2026-05-31,P005,32,14999,False,0,Retail
2909,2026-06-01,P005,45,14999,False,0,Online
2910,2026-06-02,P005,48,14999,False,0,Online
2911,2026-06-03,P005,43,14999,False,0,Retail
2912,2026-06-04,P005,62,14999,True,15,Online
2913,2026-06-05,P005,54,14999,True,15,Online
2914,2026-06-06,P005,46,14999,False,0,B2B
2915,2026-06-07,P005,39,14999,False,0,Online
2916,2026-06-08,P005,52,14999,False,0,Retail
2917,2026-06-09,P005,44,14999,False,0,B2B
2918,2026-06-10,P005,45,14999,False,0,Online
2919,2026-06-11,P005,41,14999,False,0,B2B
2920,2026-06-12,P005,54,14999,False,0,Online
2921,2026-06-13,P005,33,14999,False,0,Online
2922,2026-06-14,P005,43,14999,False,0,B2B
2923,2026-06-15,P005,47,14999,False,0,Online
2924,2026-06-16,P005,41,14999,False,0,Online
2925,2026-06-17,P005,42,14999,False,0,Online
2926,2026-06-18,P005,44,14999,False,0,Retail
2927,2026-06-19,P005,47,14999,False,0,Online
2928,2026-06-20,P005,40,14999,False,0,Retail
2929,2026-06-21,P005,47,14999,False,0,Retail
2930,2026-06-22,P005,47,14999,False,0,Online
2931,2026-06-23,P005,53,14999,False,0,Online
2932,2026-06-24,P005,38,14999,False,0,Retail
2933,2026-06-25,P005,38,14999,False,0,Retail
2934,2026-06-26,P005,51,14999,False,0,B2B
2935,2026-06-27,P005,41,14999,False,0,Retail
2936,2026-06-28,P005,47,14999,False,0,Online
2937,2026-06-29,P005,40,14999,False,0,Online
2938,2026-06-30,P005,46,14999,False,0,Retail
2939,2026-07-01,P005,33,14999,False,0,B2B
2940,2026-07-02,P005,39,14999,False,0,Retail
2941,2026-07-03,P005,45,14999,False,0,Retail
2942,2026-07-04,P005,33,14999,False,0,Retail
2943,2026-07-05,P005,53,14999,True,10,B2B
2944,2026-07-06,P005,42,14999,False,0,Online
2945,2026-07-07,P005,50,14999,False,0,Retail
2946,2026-07-08,P005,39,14999,False,0,Retail
2947,2026-07-09,P005,47,14999,False,0,B2B
2948,2026-07-10,P005,29,14999,False,0,Online
2949,2026-07-11,P005,41,14999,False,0,Online
2950,2026-07-12,P005,45,14999,False,0,Online
2951,2026-07-13,P005,54,14999,False,0,Online
2952,2026-07-14,P005,45,14999,False,0,Online
2953,2026-07-15,P005,47,14999,False,0,B2B
2954,2026-07-16,P005,55,14999,False,0,Online
2955,2026-07-17,P005,42,14999,False,0,Online
2956,2026-07-18,P005,51,14999,False,0,Retail
2957,2026-07-19,P005,41,14999,False,0,Online
2958,2026-07-20,P005,52,14999,True,20,Retail
2959,2026-07-21,P005,54,14999,False,0,Online
2960,2026-07-22,P005,36,14999,False,0,B2B
2961,2026-07-23,P005,42,14999,False,0,Online
2962,2026-07-24,P005,42,14999,False,0,B2B
2963,2026-07-25,P005,40,14999,False,0,Retail
2964,2026-07-26,P005,33,14999,False,0,Online
2965,2026-07-27,P005,48,14999,False,0,Online
2966,2026-07-28,P005,54,14999,True,10,Online
2967,2026-07-29,P005,43,14999,False,0,Online
2968,2026-07-30,P005,38,14999,False,0,Retail
2969,2026-07-31,P005,36,14999,True,5,Online
2970,2026-08-01,P005,57,14999,True,20,Online
2971,2026-08-02,P005,34,14999,False,0,Online
2972,2026-08-03,P005,55,14999,False,0,Retail
2973,2026-08-04,P005,43,14999,False,0,Retail
2974,2026-08-05,P005,69,14999,False,0,B2B
2975,2026-08-06,P005,59,14999,False,0,Retail
2976,2026-08-07,P005,53,14999,False,0,Online
2977,2026-08-08,P005,60,14999,False,0,Online
2978,2026-08-09,P005,38,14999,False,0,Online
2979,2026-08-10,P005,60,14999,False,0,Online
2980,2026-08-11,P005,59,14999,False,0,Online
2981,2026-08-12,P005,54,14999,False,0,Online
2982,2026-08-13,P005,60,14999,False,0,Retail
2983,2026-08-14,P005,55,14999,False,0,Online
2984,2026-08-15,P005,53,14999,False,0,B2B
2985,2026-08-16,P005,38,14999,False,0,Retail
2986,2026-08-17,P005,45,14999,False,0,Retail
2987,2026-08-18,P005,51,14999,False,0,Retail
2988,2026-08-19,P005,49,14999,False,0,Online
2989,2026-08-20,P005,45,14999,False,0,Online
2990,2026-08-21,P005,72,14999,False,0,Online
2991,2025-01-01,P006,89,6499,False,0,Online
2992,2025-01-02,P006,80,6499,False,0,Online
2993,2025-01-03,P006,76,6499,False,0,Online
2994,2025-01-04,P006,64,6499,False,0,B2B
2995,2025-01-05,P006,59,6499,False,0,Online
2996,2025-01-06,P006,82,6499,True,5,B2B
2997,2025-01-07,P006,77,6499,False,0,Retail
2998,2025-01-08,P006,64,6499,False,0,Retail
2999,2025-01-09,P006,78,6499,False,0,Online
3000,2025-01-10,P006,74,6499,False,0,Online
3001,2025-01-11,P006,51,6499,False,0,Retail
3002,2025-01-12,P006,59,6499,False,0,B2B
3003,2025-01-13,P006,72,6499,False,0,Online
3004,2025-01-14,P006,92,6499,False,0,Online
3005,2025-01-15,P006,99,6499,True,15,Retail
3006,2025-01-16,P006,63,6499,False,0,B2B
3007,2025-01-17,P006,80,6499,False,0,B2B
3008,2025-01-18,P006,54,6499,False,0,Online
3009,2025-01-19,P006,75,6499,False,0,Retail
3010,2025-01-20,P006,71,6499,False,0,B2B
3011,2025-01-21,P006,74,6499,False,0,Online
3012,2025-01-22,P006,88,6499,False,0,B2B
3013,2025-01-23,P006,64,6499,False,0,B2B
3014,2025-01-24,P006,63,6499,False,0,Online
3015,2025-01-25,P006,62,6499,False,0,Online
3016,2025-01-26,P006,75,6499,False,0,Online
3017,2025-01-27,P006,62,6499,False,0,Retail
3018,2025-01-28,P006,65,6499,True,20,Online
3019,2025-01-29,P006,71,6499,False,0,Online
3020,2025-01-30,P006,80,6499,False,0,Online
3021,2025-01-31,P006,87,6499,False,0,Online
3022,2025-02-01,P006,63,6499,False,0,Online
3023,2025-02-02,P006,63,6499,False,0,B2B
3024,2025-02-03,P006,100,6499,True,10,Online
3025,2025-02-04,P006,58,6499,False,0,Retail
3026,2025-02-05,P006,72,6499,False,0,Retail
3027,2025-02-06,P006,77,6499,False,0,Retail
3028,2025-02-07,P006,80,6499,False,0,Online
3029,2025-02-08,P006,63,6499,False,0,Online
3030,2025-02-09,P006,67,6499,False,0,Retail
3031,2025-02-10,P006,53,6499,False,0,Online
3032,2025-02-11,P006,70,6499,False,0,Online
3033,2025-02-12,P006,80,6499,False,0,Retail
3034,2025-02-13,P006,67,6499,False,0,B2B
3035,2025-02-14,P006,76,6499,False,0,B2B
3036,2025-02-15,P006,70,6499,False,0,Online
3037,2025-02-16,P006,64,6499,False,0,Retail
3038,2025-02-17,P006,78,6499,False,0,Retail
3039,2025-02-18,P006,67,6499,False,0,Online
3040,2025-02-19,P006,74,6499,False,0,Online
3041,2025-02-20,P006,82,6499,False,0,Online
3042,2025-02-21,P006,77,6499,False,0,Online
3043,2025-02-22,P006,63,6499,False,0,B2B
3044,2025-02-23,P006,69,6499,False,0,Online
3045,2025-02-24,P006,83,6499,False,0,Retail
3046,2025-02-25,P006,58,6499,False,0,Online
3047,2025-02-26,P006,86,6499,False,0,Online
3048,2025-02-27,P006,73,6499,False,0,Online
3049,2025-02-28,P006,79,6499,False,0,B2B
3050,2025-03-01,P006,80,6499,False,0,Online
3051,2025-03-02,P006,59,6499,False,0,Retail
3052,2025-03-03,P006,73,6499,False,0,Retail
3053,2025-03-04,P006,77,6499,False,0,Online
3054,2025-03-05,P006,72,6499,False,0,Online
3055,2025-03-06,P006,132,6499,False,0,Online
3056,2025-03-07,P006,94,6499,True,20,Retail
3057,2025-03-08,P006,66,6499,False,0,Retail
3058,2025-03-09,P006,72,6499,False,0,Online
3059,2025-03-10,P006,69,6499,False,0,B2B
3060,2025-03-11,P006,77,6499,False,0,Online
3061,2025-03-12,P006,83,6499,False,0,B2B
3062,2025-03-13,P006,77,6499,False,0,Retail
3063,2025-03-14,P006,80,6499,False,0,Online
3064,2025-03-15,P006,66,6499,False,0,Retail
3065,2025-03-16,P006,71,6499,True,15,Online
3066,2025-03-17,P006,83,6499,False,0,Online
3067,2025-03-18,P006,98,6499,False,0,Retail
3068,2025-03-19,P006,81,6499,False,0,Online
3069,2025-03-20,P006,82,6499,False,0,Online
3070,2025-03-21,P006,87,6499,False,0,Online
3071,2025-03-22,P006,65,6499,True,5,Online
3072,2025-03-23,P006,85,6499,False,0,B2B
3073,2025-03-24,P006,84,6499,False,0,Online
3074,2025-03-25,P006,95,6499,False,0,Online
3075,2025-03-26,P006,74,6499,False,0,Online
3076,2025-03-27,P006,98,6499,False,0,Retail
3077,2025-03-28,P006,89,6499,False,0,B2B
3078,2025-03-29,P006,75,6499,False,0,B2B
3079,2025-03-30,P006,73,6499,False,0,B2B
3080,2025-03-31,P006,78,6499,False,0,Online
3081,2025-04-01,P006,93,6499,False,0,Online
3082,2025-04-02,P006,107,6499,True,20,Online
3083,2025-04-03,P006,63,6499,False,0,Retail
3084,2025-04-04,P006,70,6499,False,0,Online
3085,2025-04-05,P006,69,6499,False,0,Online
3086,2025-04-06,P006,73,6499,False,0,B2B
3087,2025-04-07,P006,80,6499,False,0,Retail
3088,2025-04-08,P006,93,6499,False,0,Online
3089,2025-04-09,P006,61,6499,False,0,Online
3090,2025-04-10,P006,82,6499,False,0,Online
3091,2025-04-11,P006,64,6499,False,0,Online
3092,2025-04-12,P006,76,6499,False,0,Online
3093,2025-04-13,P006,71,6499,False,0,Online
3094,2025-04-14,P006,86,6499,False,0,Retail
3095,2025-04-15,P006,73,6499,False,0,Retail
3096,2025-04-16,P006,95,6499,False,0,B2B
3097,2025-04-17,P006,90,6499,False,0,Retail
3098,2025-04-18,P006,85,6499,False,0,Online
3099,2025-04-19,P006,69,6499,False,0,B2B
3100,2025-04-20,P006,76,6499,False,0,Retail
3101,2025-04-21,P006,73,6499,False,0,Retail
3102,2025-04-22,P006,90,6499,False,0,Retail
3103,2025-04-23,P006,96,6499,False,0,Retail
3104,2025-04-24,P006,91,6499,False,0,Online
3105,2025-04-25,P006,74,6499,False,0,Online
3106,2025-04-26,P006,75,6499,False,0,Online
3107,2025-04-27,P006,61,6499,False,0,Online
3108,2025-04-28,P006,85,6499,False,0,Retail
3109,2025-04-29,P006,86,6499,False,0,Online
3110,2025-04-30,P006,62,6499,False,0,B2B
3111,2025-05-01,P006,66,6499,False,0,Retail
3112,2025-05-02,P006,75,6499,False,0,Online
3113,2025-05-03,P006,64,6499,False,0,B2B
3114,2025-05-04,P006,58,6499,False,0,Online
3115,2025-05-05,P006,80,6499,False,0,Retail
3116,2025-05-06,P006,81,6499,False,0,Retail
3117,2025-05-07,P006,77,6499,False,0,Retail
3118,2025-05-08,P006,71,6499,False,0,Online
3119,2025-05-09,P006,92,6499,True,5,B2B
3120,2025-05-10,P006,84,6499,False,0,Retail
3121,2025-05-11,P006,73,6499,True,10,B2B
3122,2025-05-12,P006,73,6499,False,0,Retail
3123,2025-05-13,P006,88,6499,True,5,Online
3124,2025-05-14,P006,76,6499,False,0,Online
3125,2025-05-15,P006,78,6499,False,0,Online
3126,2025-05-16,P006,87,6499,False,0,Retail
3127,2025-05-17,P006,53,6499,False,0,Online
3128,2025-05-18,P006,77,6499,False,0,Retail
3129,2025-05-19,P006,77,6499,False,0,Online
3130,2025-05-20,P006,74,6499,False,0,Online
3131,2025-05-21,P006,79,6499,False,0,B2B
3132,2025-05-22,P006,78,6499,False,0,Online
3133,2025-05-23,P006,62,6499,False,0,Retail
3134,2025-05-24,P006,82,6499,False,0,Retail
3135,2025-05-25,P006,70,6499,False,0,Retail
3136,2025-05-26,P006,83,6499,False,0,Online
3137,2025-05-27,P006,86,6499,False,0,Online
3138,2025-05-28,P006,70,6499,False,0,Online
3139,2025-05-29,P006,83,6499,False,0,Online
3140,2025-05-30,P006,78,6499,False,0,Retail
3141,2025-05-31,P006,77,6499,False,0,B2B
3142,2025-06-01,P006,50,6499,False,0,B2B
3143,2025-06-02,P006,78,6499,False,0,Retail
3144,2025-06-03,P006,74,6499,False,0,B2B
3145,2025-06-04,P006,80,6499,False,0,Retail
3146,2025-06-05,P006,84,6499,False,0,Retail
3147,2025-06-06,P006,73,6499,False,0,B2B
3148,2025-06-07,P006,65,6499,False,0,Retail
3149,2025-06-08,P006,67,6499,False,0,Retail
3150,2025-06-09,P006,71,6499,False,0,Online
3151,2025-06-10,P006,88,6499,False,0,Retail
3152,2025-06-11,P006,76,6499,False,0,Online
3153,2025-06-12,P006,52,6499,False,0,Online
3154,2025-06-13,P006,76,6499,False,0,Online
3155,2025-06-14,P006,61,6499,False,0,Online
3156,2025-06-15,P006,54,6499,False,0,Online
3157,2025-06-16,P006,68,6499,False,0,Retail
3158,2025-06-17,P006,83,6499,True,5,Retail
3159,2025-06-18,P006,120,6499,True,20,Online
3160,2025-06-19,P006,80,6499,False,0,Online
3161,2025-06-20,P006,72,6499,False,0,Retail
3162,2025-06-21,P006,73,6499,False,0,Online
3163,2025-06-22,P006,63,6499,False,0,Retail
3164,2025-06-23,P006,74,6499,False,0,Online
3165,2025-06-24,P006,68,6499,False,0,B2B
3166,2025-06-25,P006,67,6499,True,5,Retail
3167,2025-06-26,P006,73,6499,False,0,Online
3168,2025-06-27,P006,82,6499,False,0,Online
3169,2025-06-28,P006,67,6499,False,0,Online
3170,2025-06-29,P006,66,6499,False,0,Retail
3171,2025-06-30,P006,68,6499,False,0,Retail
3172,2025-07-01,P006,81,6499,False,0,Online
3173,2025-07-02,P006,65,6499,False,0,Retail
3174,2025-07-03,P006,87,6499,False,0,Online
3175,2025-07-04,P006,67,6499,False,0,Online
3176,2025-07-05,P006,63,6499,False,0,B2B
3177,2025-07-06,P006,55,6499,False,0,Online
3178,2025-07-07,P006,75,6499,False,0,Online
3179,2025-07-08,P006,87,6499,False,0,Retail
3180,2025-07-09,P006,84,6499,False,0,B2B
3181,2025-07-10,P006,85,6499,False,0,B2B
3182,2025-07-11,P006,110,6499,True,20,Retail
3183,2025-07-12,P006,58,6499,False,0,Retail
3184,2025-07-13,P006,65,6499,False,0,Retail
3185,2025-07-14,P006,87,6499,True,15,Retail
3186,2025-07-15,P006,91,6499,False,0,B2B
3187,2025-07-16,P006,71,6499,True,5,Retail
3188,2025-07-17,P006,87,6499,False,0,Online
3189,2025-07-18,P006,84,6499,False,0,Online
3190,2025-07-19,P006,85,6499,False,0,Online
3191,2025-07-20,P006,72,6499,True,5,Online
3192,2025-07-21,P006,86,6499,False,0,Online
3193,2025-07-22,P006,103,6499,False,0,Online
3194,2025-07-23,P006,71,6499,False,0,Online
3195,2025-07-24,P006,63,6499,False,0,B2B
3196,2025-07-25,P006,59,6499,False,0,Online
3197,2025-07-26,P006,77,6499,False,0,Online
3198,2025-07-27,P006,52,6499,False,0,Retail
3199,2025-07-28,P006,78,6499,False,0,Retail
3200,2025-07-29,P006,80,6499,False,0,Online
3201,2025-07-30,P006,82,6499,False,0,Retail
3202,2025-07-31,P006,81,6499,False,0,B2B
3203,2025-08-01,P006,98,6499,False,0,Retail
3204,2025-08-02,P006,94,6499,False,0,Online
3205,2025-08-03,P006,75,6499,False,0,Retail
3206,2025-08-04,P006,89,6499,False,0,Online
3207,2025-08-05,P006,85,6499,False,0,Online
3208,2025-08-06,P006,108,6499,False,0,B2B
3209,2025-08-07,P006,105,6499,False,0,Retail
3210,2025-08-08,P006,101,6499,False,0,Retail
3211,2025-08-09,P006,98,6499,False,0,Retail
3212,2025-08-10,P006,75,6499,False,0,Online
3213,2025-08-11,P006,116,6499,False,0,Retail
3214,2025-08-12,P006,110,6499,False,0,Online
3215,2025-08-13,P006,101,6499,False,0,Online
3216,2025-08-14,P006,117,6499,False,0,Retail
3217,2025-08-15,P006,74,6499,False,0,Retail
3218,2025-08-16,P006,80,6499,False,0,Retail
3219,2025-08-17,P006,77,6499,False,0,Retail
3220,2025-08-18,P006,100,6499,False,0,Online
3221,2025-08-19,P006,84,6499,False,0,B2B
3222,2025-08-20,P006,107,6499,False,0,Retail
3223,2025-08-21,P006,115,6499,False,0,Online
3224,2025-08-22,P006,99,6499,False,0,Retail
3225,2025-08-23,P006,106,6499,True,15,Online
3226,2025-08-24,P006,77,6499,False,0,Retail
3227,2025-08-25,P006,109,6499,True,20,Online
3228,2025-08-26,P006,106,6499,False,0,Online
3229,2025-08-27,P006,101,6499,False,0,Online
3230,2025-08-28,P006,91,6499,False,0,Online
3231,2025-08-29,P006,87,6499,False,0,Online
3232,2025-08-30,P006,70,6499,True,5,Retail
3233,2025-08-31,P006,72,6499,False,0,Retail
3234,2025-09-01,P006,118,6499,False,0,Retail
3235,2025-09-02,P006,78,6499,False,0,Online
3236,2025-09-03,P006,101,6499,False,0,Retail
3237,2025-09-04,P006,112,6499,False,0,B2B
3238,2025-09-05,P006,80,6499,False,0,Retail
3239,2025-09-06,P006,84,6499,False,0,Online
3240,2025-09-07,P006,91,6499,False,0,Online
3241,2025-09-08,P006,97,6499,False,0,Online
3242,2025-09-09,P006,162,6499,True,20,Retail
3243,2025-09-10,P006,76,6499,False,0,Retail
3244,2025-09-11,P006,106,6499,False,0,Retail
3245,2025-09-12,P006,94,6499,False,0,Retail
3246,2025-09-13,P006,95,6499,False,0,Retail
3247,2025-09-14,P006,90,6499,False,0,Retail
3248,2025-09-15,P006,85,6499,False,0,Online
3249,2025-09-16,P006,97,6499,False,0,Online
3250,2025-09-17,P006,71,6499,False,0,Retail
3251,2025-09-18,P006,103,6499,False,0,Online
3252,2025-09-19,P006,98,6499,False,0,B2B
3253,2025-09-20,P006,87,6499,False,0,Online
3254,2025-09-21,P006,100,6499,False,0,B2B
3255,2025-09-22,P006,102,6499,False,0,Retail
3256,2025-09-23,P006,103,6499,False,0,Online
3257,2025-09-24,P006,90,6499,False,0,Online
3258,2025-09-25,P006,84,6499,False,0,Online
3259,2025-09-26,P006,114,6499,False,0,Online
3260,2025-09-27,P006,97,6499,False,0,Online
3261,2025-09-28,P006,78,6499,False,0,B2B
3262,2025-09-29,P006,101,6499,False,0,B2B
3263,2025-09-30,P006,89,6499,False,0,Online
3264,2025-10-01,P006,116,6499,True,5,Retail
3265,2025-10-02,P006,100,6499,False,0,Online
3266,2025-10-03,P006,110,6499,False,0,Retail
3267,2025-10-04,P006,71,6499,False,0,Retail
3268,2025-10-05,P006,78,6499,False,0,Online
3269,2025-10-06,P006,95,6499,False,0,Retail
3270,2025-10-07,P006,98,6499,False,0,Online
3271,2025-10-08,P006,92,6499,False,0,Retail
3272,2025-10-09,P006,79,6499,False,0,Online
3273,2025-10-10,P006,103,6499,False,0,Retail
3274,2025-10-11,P006,91,6499,False,0,Retail
3275,2025-10-12,P006,73,6499,False,0,Retail
3276,2025-10-13,P006,107,6499,False,0,Online
3277,2025-10-14,P006,110,6499,False,0,Online
3278,2025-10-15,P006,99,6499,False,0,B2B
3279,2025-10-16,P006,92,6499,False,0,Online
3280,2025-10-17,P006,102,6499,False,0,Retail
3281,2025-10-18,P006,73,6499,False,0,Online
3282,2025-10-19,P006,85,6499,False,0,B2B
3283,2025-10-20,P006,72,6499,False,0,Retail
3284,2025-10-21,P006,101,6499,False,0,B2B
3285,2025-10-22,P006,73,6499,False,0,Online
3286,2025-10-23,P006,108,6499,False,0,B2B
3287,2025-10-24,P006,115,6499,True,15,Online
3288,2025-10-25,P006,79,6499,False,0,Online
3289,2025-10-26,P006,74,6499,False,0,Online
3290,2025-10-27,P006,95,6499,False,0,Online
3291,2025-10-28,P006,103,6499,False,0,Online
3292,2025-10-29,P006,64,6499,False,0,Retail
3293,2025-10-30,P006,113,6499,True,5,Retail
3294,2025-10-31,P006,96,6499,False,0,Retail
3295,2025-11-01,P006,72,6499,False,0,Online
3296,2025-11-02,P006,74,6499,False,0,Retail
3297,2025-11-03,P006,114,6499,False,0,Online
3298,2025-11-04,P006,84,6499,False,0,Online
3299,2025-11-05,P006,76,6499,False,0,Online
3300,2025-11-06,P006,110,6499,False,0,Retail
3301,2025-11-07,P006,103,6499,False,0,Online
3302,2025-11-08,P006,69,6499,False,0,Online
3303,2025-11-09,P006,88,6499,False,0,Online
3304,2025-11-10,P006,83,6499,False,0,Retail
3305,2025-11-11,P006,104,6499,False,0,Retail
3306,2025-11-12,P006,106,6499,False,0,Retail
3307,2025-11-13,P006,97,6499,False,0,Retail
3308,2025-11-14,P006,98,6499,False,0,B2B
3309,2025-11-15,P006,126,6499,True,20,B2B
3310,2025-11-16,P006,80,6499,False,0,Online
3311,2025-11-17,P006,81,6499,False,0,Retail
3312,2025-11-18,P006,99,6499,False,0,B2B
3313,2025-11-19,P006,116,6499,False,0,Retail
3314,2025-11-20,P006,81,6499,False,0,Online
3315,2025-11-21,P006,85,6499,False,0,B2B
3316,2025-11-22,P006,82,6499,False,0,Online
3317,2025-11-23,P006,85,6499,False,0,Online
3318,2025-11-24,P006,87,6499,False,0,B2B
3319,2025-11-25,P006,106,6499,False,0,Online
3320,2025-11-26,P006,125,6499,False,0,Online
3321,2025-11-27,P006,92,6499,False,0,Online
3322,2025-11-28,P006,130,6499,False,0,Online
3323,2025-11-29,P006,71,6499,False,0,Retail
3324,2025-11-30,P006,106,6499,True,20,Online
3325,2025-12-01,P006,113,6499,False,0,Retail
3326,2025-12-02,P006,97,6499,False,0,B2B
3327,2025-12-03,P006,99,6499,True,5,Retail
3328,2025-12-04,P006,91,6499,False,0,Online
3329,2025-12-05,P006,87,6499,False,0,Retail
3330,2025-12-06,P006,91,6499,False,0,Online
3331,2025-12-07,P006,93,6499,False,0,Retail
3332,2025-12-08,P006,72,6499,False,0,Online
3333,2025-12-09,P006,117,6499,False,0,Retail
3334,2025-12-10,P006,99,6499,False,0,Retail
3335,2025-12-11,P006,108,6499,False,0,B2B
3336,2025-12-12,P006,77,6499,False,0,Online
3337,2025-12-13,P006,71,6499,True,5,B2B
3338,2025-12-14,P006,77,6499,False,0,Online
3339,2025-12-15,P006,97,6499,False,0,Online
3340,2025-12-16,P006,121,6499,False,0,Retail
3341,2025-12-17,P006,99,6499,False,0,Retail
3342,2025-12-18,P006,90,6499,False,0,Online
3343,2025-12-19,P006,86,6499,False,0,Retail
3344,2025-12-20,P006,95,6499,False,0,B2B
3345,2025-12-21,P006,73,6499,False,0,Retail
3346,2025-12-22,P006,115,6499,False,0,B2B
3347,2025-12-23,P006,87,6499,False,0,Online
3348,2025-12-24,P006,106,6499,False,0,Online
3349,2025-12-25,P006,97,6499,False,0,Online
3350,2025-12-26,P006,89,6499,False,0,Online
3351,2025-12-27,P006,76,6499,False,0,Online
3352,2025-12-28,P006,75,6499,False,0,Online
3353,2025-12-29,P006,94,6499,False,0,Retail
3354,2025-12-30,P006,92,6499,False,0,Retail
3355,2025-12-31,P006,93,6499,False,0,Retail
3356,2026-01-01,P006,75,6499,False,0,Online
3357,2026-01-02,P006,89,6499,False,0,Online
3358,2026-01-03,P006,54,6499,False,0,Retail
3359,2026-01-04,P006,75,6499,False,0,Retail
3360,2026-01-05,P006,77,6499,False,0,Online
3361,2026-01-06,P006,75,6499,False,0,Retail
3362,2026-01-07,P006,66,6499,False,0,Online
3363,2026-01-08,P006,69,6499,False,0,Online
3364,2026-01-09,P006,73,6499,False,0,Retail
3365,2026-01-10,P006,67,6499,False,0,B2B
3366,2026-01-11,P006,93,6499,False,0,Retail
3367,2026-01-12,P006,72,6499,False,0,Retail
3368,2026-01-13,P006,82,6499,False,0,B2B
3369,2026-01-14,P006,87,6499,False,0,Online
3370,2026-01-15,P006,99,6499,True,10,Online
3371,2026-01-16,P006,77,6499,False,0,Retail
3372,2026-01-17,P006,64,6499,False,0,Online
3373,2026-01-18,P006,81,6499,False,0,Online
3374,2026-01-19,P006,101,6499,False,0,B2B
3375,2026-01-20,P006,69,6499,False,0,Online
3376,2026-01-21,P006,75,6499,False,0,Online
3377,2026-01-22,P006,83,6499,False,0,Retail
3378,2026-01-23,P006,73,6499,False,0,Retail
3379,2026-01-24,P006,80,6499,False,0,Online
3380,2026-01-25,P006,69,6499,False,0,Online
3381,2026-01-26,P006,110,6499,False,0,Online
3382,2026-01-27,P006,88,6499,False,0,Retail
3383,2026-01-28,P006,85,6499,False,0,Retail
3384,2026-01-29,P006,86,6499,False,0,Online
3385,2026-01-30,P006,98,6499,False,0,Online
3386,2026-01-31,P006,69,6499,False,0,Retail
3387,2026-02-01,P006,70,6499,False,0,B2B
3388,2026-02-02,P006,87,6499,False,0,Online
3389,2026-02-03,P006,89,6499,False,0,Online
3390,2026-02-04,P006,105,6499,True,15,Online
3391,2026-02-05,P006,71,6499,False,0,Online
3392,2026-02-06,P006,79,6499,False,0,Online
3393,2026-02-07,P006,68,6499,False,0,Retail
3394,2026-02-08,P006,70,6499,False,0,Retail
3395,2026-02-09,P006,100,6499,False,0,Online
3396,2026-02-10,P006,90,6499,True,15,B2B
3397,2026-02-11,P006,91,6499,False,0,Online
3398,2026-02-12,P006,103,6499,False,0,Online
3399,2026-02-13,P006,106,6499,False,0,Online
3400,2026-02-14,P006,67,6499,False,0,Online
3401,2026-02-15,P006,78,6499,False,0,Online
3402,2026-02-16,P006,95,6499,False,0,Online
3403,2026-02-17,P006,86,6499,False,0,Online
3404,2026-02-18,P006,80,6499,False,0,B2B
3405,2026-02-19,P006,82,6499,False,0,B2B
3406,2026-02-20,P006,58,6499,False,0,Online
3407,2026-02-21,P006,78,6499,False,0,B2B
3408,2026-02-22,P006,69,6499,False,0,Online
3409,2026-02-23,P006,102,6499,False,0,Online
3410,2026-02-24,P006,109,6499,False,0,Online
3411,2026-02-25,P006,82,6499,False,0,Online
3412,2026-02-26,P006,75,6499,False,0,Online
3413,2026-02-27,P006,108,6499,False,0,Online
3414,2026-02-28,P006,68,6499,False,0,Online
3415,2026-03-01,P006,71,6499,False,0,Retail
3416,2026-03-02,P006,89,6499,False,0,Online
3417,2026-03-03,P006,95,6499,False,0,Retail
3418,2026-03-04,P006,87,6499,False,0,Online
3419,2026-03-05,P006,75,6499,False,0,B2B
3420,2026-03-06,P006,85,6499,False,0,Online
3421,2026-03-07,P006,67,6499,False,0,Retail
3422,2026-03-08,P006,77,6499,False,0,B2B
3423,2026-03-09,P006,88,6499,False,0,Online
3424,2026-03-10,P006,112,6499,True,20,Online
3425,2026-03-11,P006,74,6499,False,0,Retail
3426,2026-03-12,P006,112,6499,True,5,Online
3427,2026-03-13,P006,85,6499,False,0,Online
3428,2026-03-14,P006,97,6499,False,0,Online
3429,2026-03-15,P006,83,6499,False,0,Online
3430,2026-03-16,P006,94,6499,False,0,Online
3431,2026-03-17,P006,92,6499,False,0,Online
3432,2026-03-18,P006,109,6499,True,5,Retail
3433,2026-03-19,P006,89,6499,False,0,Online
3434,2026-03-20,P006,82,6499,False,0,Retail
3435,2026-03-21,P006,91,6499,False,0,Online
3436,2026-03-22,P006,81,6499,False,0,B2B
3437,2026-03-23,P006,90,6499,False,0,Online
3438,2026-03-24,P006,78,6499,False,0,B2B
3439,2026-03-25,P006,75,6499,False,0,Online
3440,2026-03-26,P006,89,6499,False,0,B2B
3441,2026-03-27,P006,90,6499,False,0,Online
3442,2026-03-28,P006,77,6499,False,0,Online
3443,2026-03-29,P006,75,6499,False,0,B2B
3444,2026-03-30,P006,106,6499,False,0,Retail
3445,2026-03-31,P006,111,6499,True,5,Retail
3446,2026-04-01,P006,77,6499,False,0,Online
3447,2026-04-02,P006,90,6499,False,0,Retail
3448,2026-04-03,P006,76,6499,False,0,Retail
3449,2026-04-04,P006,75,6499,False,0,Online
3450,2026-04-05,P006,70,6499,False,0,Online
3451,2026-04-06,P006,83,6499,False,0,Online
3452,2026-04-07,P006,87,6499,True,5,B2B
3453,2026-04-08,P006,83,6499,False,0,Online
3454,2026-04-09,P006,117,6499,True,20,Online
3455,2026-04-10,P006,54,6499,False,0,Online
3456,2026-04-11,P006,98,6499,False,0,Retail
3457,2026-04-12,P006,87,6499,False,0,Online
3458,2026-04-13,P006,79,6499,False,0,Retail
3459,2026-04-14,P006,90,6499,False,0,Retail
3460,2026-04-15,P006,76,6499,False,0,Online
3461,2026-04-16,P006,113,6499,False,0,Online
3462,2026-04-17,P006,122,6499,True,10,Online
3463,2026-04-18,P006,78,6499,False,0,Online
3464,2026-04-19,P006,97,6499,True,5,Retail
3465,2026-04-20,P006,93,6499,False,0,Online
3466,2026-04-21,P006,68,6499,False,0,Online
3467,2026-04-22,P006,106,6499,True,20,Online
3468,2026-04-23,P006,84,6499,False,0,Retail
3469,2026-04-24,P006,89,6499,False,0,Online
3470,2026-04-25,P006,70,6499,False,0,Online
3471,2026-04-26,P006,75,6499,False,0,B2B
3472,2026-04-27,P006,82,6499,False,0,Online
3473,2026-04-28,P006,83,6499,False,0,Online
3474,2026-04-29,P006,78,6499,False,0,B2B
3475,2026-04-30,P006,87,6499,False,0,B2B
3476,2026-05-01,P006,76,6499,False,0,Retail
3477,2026-05-02,P006,84,6499,False,0,Retail
3478,2026-05-03,P006,59,6499,False,0,Online
3479,2026-05-04,P006,100,6499,False,0,Online
3480,2026-05-05,P006,96,6499,False,0,B2B
3481,2026-05-06,P006,76,6499,False,0,Online
3482,2026-05-07,P006,60,6499,False,0,Online
3483,2026-05-08,P006,87,6499,False,0,Online
3484,2026-05-09,P006,74,6499,False,0,Online
3485,2026-05-10,P006,70,6499,False,0,B2B
3486,2026-05-11,P006,76,6499,False,0,Retail
3487,2026-05-12,P006,96,6499,False,0,Online
3488,2026-05-13,P006,90,6499,False,0,Retail
3489,2026-05-14,P006,71,6499,False,0,Retail
3490,2026-05-15,P006,63,6499,False,0,Retail
3491,2026-05-16,P006,69,6499,False,0,Retail
3492,2026-05-17,P006,66,6499,False,0,Retail
3493,2026-05-18,P006,93,6499,False,0,Online
3494,2026-05-19,P006,74,6499,False,0,Online
3495,2026-05-20,P006,93,6499,False,0,Online
3496,2026-05-21,P006,112,6499,False,0,Retail
3497,2026-05-22,P006,117,6499,True,10,Online
3498,2026-05-23,P006,77,6499,False,0,Online
3499,2026-05-24,P006,70,6499,False,0,Online
3500,2026-05-25,P006,84,6499,False,0,Retail
3501,2026-05-26,P006,102,6499,False,0,Online
3502,2026-05-27,P006,105,6499,True,20,Online
3503,2026-05-28,P006,91,6499,True,5,B2B
3504,2026-05-29,P006,84,6499,False,0,Retail
3505,2026-05-30,P006,67,6499,False,0,Online
3506,2026-05-31,P006,61,6499,False,0,B2B
3507,2026-06-01,P006,106,6499,True,15,Retail
3508,2026-06-02,P006,89,6499,True,5,Online
3509,2026-06-03,P006,85,6499,False,0,Retail
3510,2026-06-04,P006,134,6499,False,0,Retail
3511,2026-06-05,P006,106,6499,False,0,Online
3512,2026-06-06,P006,61,6499,False,0,B2B
3513,2026-06-07,P006,86,6499,False,0,B2B
3514,2026-06-08,P006,70,6499,False,0,B2B
3515,2026-06-09,P006,92,6499,False,0,B2B
3516,2026-06-10,P006,86,6499,False,0,Online
3517,2026-06-11,P006,79,6499,False,0,Retail
3518,2026-06-12,P006,83,6499,False,0,Retail
3519,2026-06-13,P006,87,6499,False,0,Online
3520,2026-06-14,P006,69,6499,True,20,Online
3521,2026-06-15,P006,94,6499,False,0,Online
3522,2026-06-16,P006,65,6499,False,0,Online
3523,2026-06-17,P006,74,6499,False,0,Online
3524,2026-06-18,P006,111,6499,False,0,B2B
3525,2026-06-19,P006,75,6499,False,0,Online
3526,2026-06-20,P006,65,6499,False,0,B2B
3527,2026-06-21,P006,77,6499,False,0,Online
3528,2026-06-22,P006,113,6499,False,0,B2B
3529,2026-06-23,P006,67,6499,False,0,Online
3530,2026-06-24,P006,69,6499,False,0,Online
3531,2026-06-25,P006,107,6499,False,0,Online
3532,2026-06-26,P006,107,6499,False,0,Online
3533,2026-06-27,P006,71,6499,False,0,Online
3534,2026-06-28,P006,60,6499,False,0,Retail
3535,2026-06-29,P006,101,6499,False,0,B2B
3536,2026-06-30,P006,94,6499,False,0,Retail
3537,2026-07-01,P006,85,6499,False,0,Online
3538,2026-07-02,P006,83,6499,False,0,B2B
3539,2026-07-03,P006,81,6499,False,0,Online
3540,2026-07-04,P006,69,6499,False,0,Online
3541,2026-07-05,P006,83,6499,True,5,B2B
3542,2026-07-06,P006,103,6499,False,0,Online
3543,2026-07-07,P006,93,6499,False,0,Online
3544,2026-07-08,P006,75,6499,False,0,Online
3545,2026-07-09,P006,94,6499,False,0,Online
3546,2026-07-10,P006,82,6499,False,0,Online
3547,2026-07-11,P006,83,6499,False,0,Online
3548,2026-07-12,P006,88,6499,False,0,Online
3549,2026-07-13,P006,82,6499,False,0,Online
3550,2026-07-14,P006,77,6499,False,0,Online
3551,2026-07-15,P006,85,6499,False,0,Online
3552,2026-07-16,P006,64,6499,False,0,Retail
3553,2026-07-17,P006,86,6499,False,0,Online
3554,2026-07-18,P006,98,6499,False,0,Retail
3555,2026-07-19,P006,58,6499,False,0,B2B
3556,2026-07-20,P006,88,6499,False,0,Online
3557,2026-07-21,P006,89,6499,False,0,B2B
3558,2026-07-22,P006,91,6499,False,0,Online
3559,2026-07-23,P006,83,6499,False,0,Retail
3560,2026-07-24,P006,77,6499,False,0,Online
3561,2026-07-25,P006,77,6499,False,0,Retail
3562,2026-07-26,P006,63,6499,False,0,Online
3563,2026-07-27,P006,57,6499,False,0,Retail
3564,2026-07-28,P006,92,6499,False,0,Online
3565,2026-07-29,P006,120,6499,True,10,Online
3566,2026-07-30,P006,95,6499,False,0,Retail
3567,2026-07-31,P006,84,6499,False,0,Online
3568,2026-08-01,P006,104,6499,False,0,Retail
3569,2026-08-02,P006,93,6499,False,0,Online
3570,2026-08-03,P006,108,6499,False,0,Retail
3571,2026-08-04,P006,90,6499,False,0,Online
3572,2026-08-05,P006,121,6499,False,0,Online
3573,2026-08-06,P006,107,6499,False,0,B2B
3574,2026-08-07,P006,113,6499,True,10,Retail
3575,2026-08-08,P006,71,6499,False,0,Retail
3576,2026-08-09,P006,85,6499,False,0,B2B
3577,2026-08-10,P006,117,6499,True,15,Online
3578,2026-08-11,P006,86,6499,False,0,Retail
3579,2026-08-12,P006,87,6499,False,0,Retail
3580,2026-08-13,P006,93,6499,False,0,Online
3581,2026-08-14,P006,138,6499,False,0,Retail
3582,2026-08-15,P006,108,6499,False,0,B2B
3583,2026-08-16,P006,111,6499,False,0,Retail
3584,2026-08-17,P006,86,6499,False,0,Online
3585,2026-08-18,P006,101,6499,False,0,Online
3586,2026-08-19,P006,84,6499,False,0,Online
3587,2026-08-20,P006,89,6499,False,0,Retail
3588,2026-08-21,P006,99,6499,False,0,B2B
3589,2025-01-01,P007,34,2999,False,0,Online
3590,2025-01-02,P007,29,2999,False,0,Online
3591,2025-01-03,P007,34,2999,False,0,Online
3592,2025-01-04,P007,28,2999,False,0,B2B
3593,2025-01-05,P007,34,2999,False,0,Retail
3594,2025-01-06,P007,25,2999,False,0,B2B
3595,2025-01-07,P007,35,2999,False,0,Retail
3596,2025-01-08,P007,34,2999,False,0,B2B
3597,2025-01-09,P007,27,2999,False,0,Retail
3598,2025-01-10,P007,34,2999,False,0,Retail
3599,2025-01-11,P007,27,2999,False,0,Retail
3600,2025-01-12,P007,26,2999,False,0,Online
3601,2025-01-13,P007,27,2999,False,0,Retail
3602,2025-01-14,P007,27,2999,False,0,Retail
3603,2025-01-15,P007,38,2999,False,0,Retail
3604,2025-01-16,P007,30,2999,False,0,Online
3605,2025-01-17,P007,33,2999,False,0,Online
3606,2025-01-18,P007,24,2999,False,0,Retail
3607,2025-01-19,P007,28,2999,True,10,Online
3608,2025-01-20,P007,34,2999,False,0,Online
3609,2025-01-21,P007,27,2999,True,5,B2B
3610,2025-01-22,P007,29,2999,False,0,Online
3611,2025-01-23,P007,30,2999,False,0,Online
3612,2025-01-24,P007,31,2999,False,0,Retail
3613,2025-01-25,P007,26,2999,False,0,Retail
3614,2025-01-26,P007,28,2999,False,0,Retail
3615,2025-01-27,P007,33,2999,False,0,Online
3616,2025-01-28,P007,33,2999,False,0,Online
3617,2025-01-29,P007,26,2999,False,0,Online
3618,2025-01-30,P007,29,2999,False,0,Online
3619,2025-01-31,P007,35,2999,False,0,Retail
3620,2025-02-01,P007,29,2999,False,0,B2B
3621,2025-02-02,P007,22,2999,False,0,B2B
3622,2025-02-03,P007,32,2999,False,0,Online
3623,2025-02-04,P007,29,2999,True,15,Online
3624,2025-02-05,P007,30,2999,False,0,B2B
3625,2025-02-06,P007,37,2999,False,0,Online
3626,2025-02-07,P007,27,2999,False,0,Online
3627,2025-02-08,P007,24,2999,False,0,Online
3628,2025-02-09,P007,29,2999,False,0,Online
3629,2025-02-10,P007,25,2999,False,0,Online
3630,2025-02-11,P007,28,2999,False,0,Online
3631,2025-02-12,P007,32,2999,False,0,Retail
3632,2025-02-13,P007,28,2999,False,0,Online
3633,2025-02-14,P007,39,2999,True,20,Online
3634,2025-02-15,P007,29,2999,False,0,Online
3635,2025-02-16,P007,28,2999,False,0,Online
3636,2025-02-17,P007,31,2999,False,0,Retail
3637,2025-02-18,P007,29,2999,False,0,Online
3638,2025-02-19,P007,32,2999,False,0,B2B
3639,2025-02-20,P007,30,2999,False,0,Online
3640,2025-02-21,P007,32,2999,False,0,Retail
3641,2025-02-22,P007,25,2999,False,0,Retail
3642,2025-02-23,P007,26,2999,False,0,B2B
3643,2025-02-24,P007,27,2999,False,0,Online
3644,2025-02-25,P007,30,2999,False,0,Online
3645,2025-02-26,P007,28,2999,False,0,Retail
3646,2025-02-27,P007,26,2999,False,0,Retail
3647,2025-02-28,P007,32,2999,False,0,Online
3648,2025-03-01,P007,29,2999,False,0,Retail
3649,2025-03-02,P007,31,2999,False,0,Online
3650,2025-03-03,P007,35,2999,True,10,Retail
3651,2025-03-04,P007,33,2999,False,0,Retail
3652,2025-03-05,P007,42,2999,True,15,Online
3653,2025-03-06,P007,33,2999,False,0,Retail
3654,2025-03-07,P007,29,2999,False,0,B2B
3655,2025-03-08,P007,28,2999,False,0,Retail
3656,2025-03-09,P007,30,2999,False,0,Retail
3657,2025-03-10,P007,32,2999,False,0,Retail
3658,2025-03-11,P007,24,2999,False,0,B2B
3659,2025-03-12,P007,33,2999,False,0,Retail
3660,2025-03-13,P007,40,2999,False,0,Retail
3661,2025-03-14,P007,31,2999,False,0,Retail
3662,2025-03-15,P007,26,2999,False,0,Retail
3663,2025-03-16,P007,32,2999,True,5,Online
3664,2025-03-17,P007,33,2999,False,0,B2B
3665,2025-03-18,P007,37,2999,False,0,Online
3666,2025-03-19,P007,28,2999,False,0,Online
3667,2025-03-20,P007,35,2999,False,0,Retail
3668,2025-03-21,P007,34,2999,False,0,Online
3669,2025-03-22,P007,28,2999,False,0,Retail
3670,2025-03-23,P007,29,2999,False,0,B2B
3671,2025-03-24,P007,36,2999,False,0,Retail
3672,2025-03-25,P007,35,2999,False,0,Retail
3673,2025-03-26,P007,28,2999,False,0,Online
3674,2025-03-27,P007,36,2999,False,0,Online
3675,2025-03-28,P007,32,2999,False,0,B2B
3676,2025-03-29,P007,29,2999,False,0,Online
3677,2025-03-30,P007,31,2999,True,5,B2B
3678,2025-03-31,P007,31,2999,False,0,Online
3679,2025-04-01,P007,36,2999,False,0,Online
3680,2025-04-02,P007,31,2999,False,0,Online
3681,2025-04-03,P007,28,2999,False,0,Retail
3682,2025-04-04,P007,31,2999,False,0,Online
3683,2025-04-05,P007,29,2999,False,0,Retail
3684,2025-04-06,P007,32,2999,False,0,Retail
3685,2025-04-07,P007,35,2999,False,0,Retail
3686,2025-04-08,P007,29,2999,False,0,Online
3687,2025-04-09,P007,43,2999,False,0,Online
3688,2025-04-10,P007,34,2999,False,0,Retail
3689,2025-04-11,P007,37,2999,False,0,Online
3690,2025-04-12,P007,28,2999,False,0,Retail
3691,2025-04-13,P007,30,2999,False,0,Retail
3692,2025-04-14,P007,35,2999,False,0,Retail
3693,2025-04-15,P007,38,2999,False,0,Retail
3694,2025-04-16,P007,36,2999,False,0,Retail
3695,2025-04-17,P007,36,2999,False,0,Online
3696,2025-04-18,P007,31,2999,False,0,Retail
3697,2025-04-19,P007,32,2999,True,15,Online
3698,2025-04-20,P007,29,2999,False,0,Online
3699,2025-04-21,P007,35,2999,False,0,B2B
3700,2025-04-22,P007,32,2999,False,0,Retail
3701,2025-04-23,P007,36,2999,False,0,Online
3702,2025-04-24,P007,39,2999,False,0,Retail
3703,2025-04-25,P007,29,2999,False,0,Retail
3704,2025-04-26,P007,25,2999,False,0,Retail
3705,2025-04-27,P007,29,2999,False,0,Online
3706,2025-04-28,P007,33,2999,False,0,Online
3707,2025-04-29,P007,30,2999,False,0,Retail
3708,2025-04-30,P007,38,2999,False,0,Online
3709,2025-05-01,P007,32,2999,False,0,Online
3710,2025-05-02,P007,30,2999,False,0,Online
3711,2025-05-03,P007,23,2999,False,0,Online
3712,2025-05-04,P007,23,2999,False,0,Online
3713,2025-05-05,P007,32,2999,False,0,Online
3714,2025-05-06,P007,23,2999,False,0,Online
3715,2025-05-07,P007,35,2999,False,0,Online
3716,2025-05-08,P007,31,2999,False,0,Retail
3717,2025-05-09,P007,43,2999,False,0,B2B
3718,2025-05-10,P007,44,2999,True,15,Online
3719,2025-05-11,P007,27,2999,False,0,Online
3720,2025-05-12,P007,31,2999,False,0,Retail
3721,2025-05-13,P007,38,2999,True,5,Online
3722,2025-05-14,P007,37,2999,False,0,Retail
3723,2025-05-15,P007,25,2999,False,0,Online
3724,2025-05-16,P007,25,2999,False,0,Retail
3725,2025-05-17,P007,25,2999,False,0,B2B
3726,2025-05-18,P007,29,2999,False,0,Retail
3727,2025-05-19,P007,33,2999,False,0,Online
3728,2025-05-20,P007,36,2999,False,0,B2B
3729,2025-05-21,P007,26,2999,False,0,Online
3730,2025-05-22,P007,23,2999,False,0,Online
3731,2025-05-23,P007,34,2999,False,0,Retail
3732,2025-05-24,P007,25,2999,False,0,Retail
3733,2025-05-25,P007,20,2999,False,0,Online
3734,2025-05-26,P007,32,2999,False,0,Retail
3735,2025-05-27,P007,34,2999,False,0,Online
3736,2025-05-28,P007,31,2999,False,0,Online
3737,2025-05-29,P007,29,2999,False,0,B2B
3738,2025-05-30,P007,31,2999,False,0,Online
3739,2025-05-31,P007,30,2999,True,10,Online
3740,2025-06-01,P007,23,2999,False,0,B2B
3741,2025-06-02,P007,29,2999,False,0,Retail
3742,2025-06-03,P007,32,2999,False,0,Online
3743,2025-06-04,P007,32,2999,False,0,Retail
3744,2025-06-05,P007,32,2999,False,0,B2B
3745,2025-06-06,P007,28,2999,False,0,Online
3746,2025-06-07,P007,27,2999,False,0,Retail
3747,2025-06-08,P007,21,2999,False,0,Retail
3748,2025-06-09,P007,32,2999,False,0,Online
3749,2025-06-10,P007,37,2999,False,0,Retail
3750,2025-06-11,P007,26,2999,False,0,B2B
3751,2025-06-12,P007,29,2999,False,0,Online
3752,2025-06-13,P007,32,2999,False,0,B2B
3753,2025-06-14,P007,31,2999,False,0,B2B
3754,2025-06-15,P007,26,2999,False,0,Retail
3755,2025-06-16,P007,29,2999,False,0,Online
3756,2025-06-17,P007,24,2999,False,0,Online
3757,2025-06-18,P007,31,2999,False,0,Online
3758,2025-06-19,P007,38,2999,False,0,Retail
3759,2025-06-20,P007,32,2999,False,0,B2B
3760,2025-06-21,P007,27,2999,False,0,B2B
3761,2025-06-22,P007,28,2999,False,0,Retail
3762,2025-06-23,P007,30,2999,False,0,Retail
3763,2025-06-24,P007,29,2999,False,0,B2B
3764,2025-06-25,P007,34,2999,False,0,B2B
3765,2025-06-26,P007,33,2999,False,0,Retail
3766,2025-06-27,P007,31,2999,False,0,Retail
3767,2025-06-28,P007,24,2999,False,0,Retail
3768,2025-06-29,P007,34,2999,True,5,Online
3769,2025-06-30,P007,33,2999,False,0,Retail
3770,2025-07-01,P007,30,2999,False,0,Online
3771,2025-07-02,P007,36,2999,False,0,Retail
3772,2025-07-03,P007,30,2999,False,0,Online
3773,2025-07-04,P007,29,2999,False,0,Retail
3774,2025-07-05,P007,31,2999,True,15,Online
3775,2025-07-06,P007,22,2999,False,0,Retail
3776,2025-07-07,P007,34,2999,False,0,Online
3777,2025-07-08,P007,25,2999,False,0,Online
3778,2025-07-09,P007,27,2999,False,0,Online
3779,2025-07-10,P007,23,2999,False,0,B2B
3780,2025-07-11,P007,31,2999,False,0,Online
3781,2025-07-12,P007,28,2999,False,0,Online
3782,2025-07-13,P007,26,2999,False,0,Retail
3783,2025-07-14,P007,27,2999,False,0,Retail
3784,2025-07-15,P007,27,2999,False,0,B2B
3785,2025-07-16,P007,34,2999,False,0,Online
3786,2025-07-17,P007,29,2999,False,0,Online
3787,2025-07-18,P007,34,2999,False,0,Online
3788,2025-07-19,P007,25,2999,False,0,Online
3789,2025-07-20,P007,29,2999,False,0,Online
3790,2025-07-21,P007,44,2999,True,15,Online
3791,2025-07-22,P007,33,2999,False,0,Retail
3792,2025-07-23,P007,31,2999,False,0,Retail
3793,2025-07-24,P007,36,2999,True,5,Online
3794,2025-07-25,P007,31,2999,False,0,Retail
3795,2025-07-26,P007,30,2999,True,5,Online
3796,2025-07-27,P007,26,2999,False,0,Retail
3797,2025-07-28,P007,31,2999,False,0,Online
3798,2025-07-29,P007,33,2999,False,0,Retail
3799,2025-07-30,P007,27,2999,False,0,Online
3800,2025-07-31,P007,27,2999,False,0,Retail
3801,2025-08-01,P007,31,2999,False,0,Online
3802,2025-08-02,P007,36,2999,True,20,Online
3803,2025-08-03,P007,28,2999,False,0,Retail
3804,2025-08-04,P007,40,2999,False,0,B2B
3805,2025-08-05,P007,35,2999,False,0,Online
3806,2025-08-06,P007,41,2999,False,0,Online
3807,2025-08-07,P007,39,2999,False,0,Online
3808,2025-08-08,P007,30,2999,False,0,B2B
3809,2025-08-09,P007,47,2999,True,20,Retail
3810,2025-08-10,P007,36,2999,False,0,B2B
3811,2025-08-11,P007,33,2999,False,0,Retail
3812,2025-08-12,P007,43,2999,True,5,Retail
3813,2025-08-13,P007,35,2999,False,0,Online
3814,2025-08-14,P007,40,2999,False,0,Online
3815,2025-08-15,P007,32,2999,False,0,Online
3816,2025-08-16,P007,26,2999,False,0,Retail
3817,2025-08-17,P007,33,2999,False,0,Online
3818,2025-08-18,P007,38,2999,False,0,Online
3819,2025-08-19,P007,46,2999,True,20,Online
3820,2025-08-20,P007,33,2999,False,0,Retail
3821,2025-08-21,P007,36,2999,False,0,Online
3822,2025-08-22,P007,38,2999,False,0,Online
3823,2025-08-23,P007,32,2999,False,0,B2B
3824,2025-08-24,P007,35,2999,False,0,Retail
3825,2025-08-25,P007,35,2999,False,0,Online
3826,2025-08-26,P007,46,2999,False,0,Retail
3827,2025-08-27,P007,32,2999,False,0,B2B
3828,2025-08-28,P007,42,2999,False,0,Online
3829,2025-08-29,P007,50,2999,True,10,Retail
3830,2025-08-30,P007,44,2999,True,15,Online
3831,2025-08-31,P007,32,2999,False,0,Retail
3832,2025-09-01,P007,48,2999,True,20,Online
3833,2025-09-02,P007,52,2999,True,15,Retail
3834,2025-09-03,P007,41,2999,True,15,Online
3835,2025-09-04,P007,34,2999,False,0,Online
3836,2025-09-05,P007,36,2999,False,0,Retail
3837,2025-09-06,P007,39,2999,False,0,B2B
3838,2025-09-07,P007,36,2999,False,0,Online
3839,2025-09-08,P007,32,2999,False,0,Online
3840,2025-09-09,P007,37,2999,False,0,Online
3841,2025-09-10,P007,37,2999,False,0,Online
3842,2025-09-11,P007,37,2999,False,0,Online
3843,2025-09-12,P007,44,2999,False,0,Online
3844,2025-09-13,P007,29,2999,False,0,Online
3845,2025-09-14,P007,41,2999,False,0,Retail
3846,2025-09-15,P007,40,2999,False,0,B2B
3847,2025-09-16,P007,45,2999,False,0,Online
3848,2025-09-17,P007,35,2999,False,0,Retail
3849,2025-09-18,P007,36,2999,False,0,Retail
3850,2025-09-19,P007,32,2999,False,0,Online
3851,2025-09-20,P007,33,2999,False,0,B2B
3852,2025-09-21,P007,34,2999,False,0,Retail
3853,2025-09-22,P007,45,2999,False,0,Retail
3854,2025-09-23,P007,35,2999,False,0,Online
3855,2025-09-24,P007,35,2999,False,0,Retail
3856,2025-09-25,P007,37,2999,False,0,Retail
3857,2025-09-26,P007,31,2999,False,0,Online
3858,2025-09-27,P007,36,2999,False,0,B2B
3859,2025-09-28,P007,32,2999,False,0,Online
3860,2025-09-29,P007,40,2999,False,0,B2B
3861,2025-09-30,P007,39,2999,True,5,Online
3862,2025-10-01,P007,33,2999,False,0,Retail
3863,2025-10-02,P007,38,2999,False,0,Retail
3864,2025-10-03,P007,34,2999,False,0,Online
3865,2025-10-04,P007,32,2999,False,0,Retail
3866,2025-10-05,P007,30,2999,False,0,Online
3867,2025-10-06,P007,39,2999,False,0,Retail
3868,2025-10-07,P007,46,2999,False,0,Online
3869,2025-10-08,P007,37,2999,False,0,Retail
3870,2025-10-09,P007,43,2999,False,0,Online
3871,2025-10-10,P007,32,2999,False,0,Online
3872,2025-10-11,P007,35,2999,False,0,Online
3873,2025-10-12,P007,28,2999,False,0,Retail
3874,2025-10-13,P007,32,2999,False,0,Online
3875,2025-10-14,P007,34,2999,False,0,Retail
3876,2025-10-15,P007,41,2999,False,0,Online
3877,2025-10-16,P007,40,2999,False,0,Online
3878,2025-10-17,P007,40,2999,True,5,Online
3879,2025-10-18,P007,26,2999,False,0,Retail
3880,2025-10-19,P007,31,2999,False,0,Retail
3881,2025-10-20,P007,36,2999,False,0,Retail
3882,2025-10-21,P007,37,2999,False,0,Online
3883,2025-10-22,P007,27,2999,False,0,Online
3884,2025-10-23,P007,32,2999,False,0,Retail
3885,2025-10-24,P007,38,2999,True,5,Online
3886,2025-10-25,P007,37,2999,False,0,B2B
3887,2025-10-26,P007,23,2999,False,0,Retail
3888,2025-10-27,P007,35,2999,False,0,Online
3889,2025-10-28,P007,37,2999,False,0,Online
3890,2025-10-29,P007,39,2999,False,0,Online
3891,2025-10-30,P007,40,2999,False,0,Retail
3892,2025-10-31,P007,42,2999,False,0,Retail
3893,2025-11-01,P007,30,2999,False,0,Online
3894,2025-11-02,P007,26,2999,False,0,Online
3895,2025-11-03,P007,37,2999,False,0,Online
3896,2025-11-04,P007,43,2999,False,0,Online
3897,2025-11-05,P007,44,2999,False,0,Retail
3898,2025-11-06,P007,44,2999,True,5,Online
3899,2025-11-07,P007,39,2999,False,0,Online
3900,2025-11-08,P007,34,2999,False,0,Retail
3901,2025-11-09,P007,31,2999,False,0,B2B
3902,2025-11-10,P007,37,2999,False,0,Retail
3903,2025-11-11,P007,43,2999,False,0,Retail
3904,2025-11-12,P007,33,2999,False,0,Online
3905,2025-11-13,P007,47,2999,False,0,Online
3906,2025-11-14,P007,35,2999,False,0,Retail
3907,2025-11-15,P007,39,2999,False,0,Retail
3908,2025-11-16,P007,27,2999,False,0,Online
3909,2025-11-17,P007,41,2999,False,0,Online
3910,2025-11-18,P007,46,2999,True,20,Online
3911,2025-11-19,P007,31,2999,False,0,Online
3912,2025-11-20,P007,37,2999,False,0,Online
3913,2025-11-21,P007,40,2999,False,0,Online
3914,2025-11-22,P007,28,2999,False,0,Online
3915,2025-11-23,P007,26,2999,False,0,B2B
3916,2025-11-24,P007,38,2999,False,0,Online
3917,2025-11-25,P007,49,2999,True,20,Online
3918,2025-11-26,P007,41,2999,False,0,Online
3919,2025-11-27,P007,43,2999,False,0,Retail
3920,2025-11-28,P007,39,2999,False,0,Online
3921,2025-11-29,P007,42,2999,False,0,Online
3922,2025-11-30,P007,35,2999,False,0,B2B
3923,2025-12-01,P007,37,2999,False,0,Online
3924,2025-12-02,P007,41,2999,True,20,Retail
3925,2025-12-03,P007,48,2999,False,0,Online
3926,2025-12-04,P007,35,2999,False,0,B2B
3927,2025-12-05,P007,43,2999,False,0,Retail
3928,2025-12-06,P007,35,2999,False,0,Retail
3929,2025-12-07,P007,28,2999,False,0,Retail
3930,2025-12-08,P007,36,2999,False,0,Online
3931,2025-12-09,P007,43,2999,False,0,Online
3932,2025-12-10,P007,42,2999,False,0,Online
3933,2025-12-11,P007,41,2999,False,0,Retail
3934,2025-12-12,P007,44,2999,False,0,Online
3935,2025-12-13,P007,34,2999,False,0,Retail
3936,2025-12-14,P007,32,2999,False,0,B2B
3937,2025-12-15,P007,43,2999,False,0,Retail
3938,2025-12-16,P007,30,2999,False,0,Online
3939,2025-12-17,P007,36,2999,False,0,Online
3940,2025-12-18,P007,33,2999,False,0,Online
3941,2025-12-19,P007,50,2999,True,15,Retail
3942,2025-12-20,P007,37,2999,False,0,Online
3943,2025-12-21,P007,29,2999,False,0,Online
3944,2025-12-22,P007,28,2999,False,0,B2B
3945,2025-12-23,P007,34,2999,False,0,Online
3946,2025-12-24,P007,41,2999,False,0,Online
3947,2025-12-25,P007,38,2999,False,0,B2B
3948,2025-12-26,P007,38,2999,False,0,Retail
3949,2025-12-27,P007,33,2999,False,0,Retail
3950,2025-12-28,P007,29,2999,False,0,Online
3951,2025-12-29,P007,42,2999,False,0,Online
3952,2025-12-30,P007,35,2999,False,0,Online
3953,2025-12-31,P007,50,2999,False,0,Online
3954,2026-01-01,P007,33,2999,False,0,Retail
3955,2026-01-02,P007,29,2999,False,0,Online
3956,2026-01-03,P007,32,2999,True,15,Online
3957,2026-01-04,P007,28,2999,False,0,Online
3958,2026-01-05,P007,32,2999,False,0,B2B
3959,2026-01-06,P007,36,2999,False,0,Online
3960,2026-01-07,P007,36,2999,False,0,Online
3961,2026-01-08,P007,28,2999,False,0,Online
3962,2026-01-09,P007,53,2999,True,20,Online
3963,2026-01-10,P007,28,2999,False,0,Online
3964,2026-01-11,P007,31,2999,False,0,Retail
3965,2026-01-12,P007,35,2999,True,10,Retail
3966,2026-01-13,P007,32,2999,False,0,B2B
3967,2026-01-14,P007,35,2999,False,0,Online
3968,2026-01-15,P007,26,2999,False,0,Online
3969,2026-01-16,P007,41,2999,False,0,Retail
3970,2026-01-17,P007,36,2999,False,0,B2B
3971,2026-01-18,P007,29,2999,False,0,B2B
3972,2026-01-19,P007,29,2999,False,0,Online
3973,2026-01-20,P007,36,2999,False,0,Online
3974,2026-01-21,P007,35,2999,False,0,Retail
3975,2026-01-22,P007,37,2999,False,0,Online
3976,2026-01-23,P007,32,2999,False,0,Online
3977,2026-01-24,P007,31,2999,False,0,Online
3978,2026-01-25,P007,32,2999,False,0,Online
3979,2026-01-26,P007,37,2999,False,0,Online
3980,2026-01-27,P007,27,2999,False,0,Retail
3981,2026-01-28,P007,39,2999,False,0,Online
3982,2026-01-29,P007,37,2999,False,0,Online
3983,2026-01-30,P007,43,2999,False,0,Online
3984,2026-01-31,P007,31,2999,True,20,Online
3985,2026-02-01,P007,30,2999,False,0,Online
3986,2026-02-02,P007,27,2999,True,10,Online
3987,2026-02-03,P007,34,2999,False,0,Retail
3988,2026-02-04,P007,32,2999,False,0,Retail
3989,2026-02-05,P007,42,2999,False,0,Online
3990,2026-02-06,P007,30,2999,False,0,Retail
3991,2026-02-07,P007,24,2999,True,5,Retail
3992,2026-02-08,P007,36,2999,True,15,B2B
3993,2026-02-09,P007,26,2999,False,0,Online
3994,2026-02-10,P007,37,2999,False,0,Retail
3995,2026-02-11,P007,33,2999,False,0,B2B
3996,2026-02-12,P007,35,2999,True,5,B2B
3997,2026-02-13,P007,36,2999,False,0,Retail
3998,2026-02-14,P007,26,2999,False,0,Retail
3999,2026-02-15,P007,36,2999,False,0,Online
4000,2026-02-16,P007,36,2999,False,0,Retail
4001,2026-02-17,P007,29,2999,False,0,Retail
4002,2026-02-18,P007,34,2999,False,0,Retail
4003,2026-02-19,P007,33,2999,False,0,Retail
4004,2026-02-20,P007,36,2999,False,0,Retail
4005,2026-02-21,P007,25,2999,False,0,Online
4006,2026-02-22,P007,33,2999,False,0,Retail
4007,2026-02-23,P007,23,2999,False,0,Retail
4008,2026-02-24,P007,29,2999,False,0,B2B
4009,2026-02-25,P007,33,2999,False,0,Retail
4010,2026-02-26,P007,36,2999,False,0,Online
4011,2026-02-27,P007,59,2999,False,0,Online
4012,2026-02-28,P007,30,2999,True,20,Online
4013,2026-03-01,P007,29,2999,False,0,Online
4014,2026-03-02,P007,33,2999,False,0,Online
4015,2026-03-03,P007,38,2999,True,10,Retail
4016,2026-03-04,P007,33,2999,False,0,Online
4017,2026-03-05,P007,31,2999,False,0,Retail
4018,2026-03-06,P007,38,2999,False,0,B2B
4019,2026-03-07,P007,28,2999,False,0,Online
4020,2026-03-08,P007,32,2999,False,0,Online
4021,2026-03-09,P007,47,2999,False,0,Online
4022,2026-03-10,P007,31,2999,False,0,Online
4023,2026-03-11,P007,29,2999,False,0,Retail
4024,2026-03-12,P007,36,2999,False,0,B2B
4025,2026-03-13,P007,32,2999,False,0,Online
4026,2026-03-14,P007,28,2999,False,0,Online
4027,2026-03-15,P007,26,2999,False,0,Retail
4028,2026-03-16,P007,38,2999,True,5,Retail
4029,2026-03-17,P007,45,2999,False,0,Online
4030,2026-03-18,P007,38,2999,False,0,Online
4031,2026-03-19,P007,42,2999,False,0,Retail
4032,2026-03-20,P007,33,2999,True,15,Retail
4033,2026-03-21,P007,30,2999,True,5,B2B
4034,2026-03-22,P007,21,2999,False,0,Online
4035,2026-03-23,P007,39,2999,True,10,Retail
4036,2026-03-24,P007,36,2999,False,0,B2B
4037,2026-03-25,P007,37,2999,False,0,Online
4038,2026-03-26,P007,34,2999,False,0,Retail
4039,2026-03-27,P007,32,2999,False,0,Retail
4040,2026-03-28,P007,29,2999,False,0,Online
4041,2026-03-29,P007,33,2999,False,0,Retail
4042,2026-03-30,P007,40,2999,False,0,Retail
4043,2026-03-31,P007,27,2999,False,0,Retail
4044,2026-04-01,P007,35,2999,False,0,Retail
4045,2026-04-02,P007,36,2999,False,0,B2B
4046,2026-04-03,P007,36,2999,False,0,Retail
4047,2026-04-04,P007,32,2999,False,0,Online
4048,2026-04-05,P007,40,2999,False,0,Retail
4049,2026-04-06,P007,34,2999,False,0,B2B
4050,2026-04-07,P007,35,2999,False,0,Online
4051,2026-04-08,P007,31,2999,False,0,Online
4052,2026-04-09,P007,39,2999,False,0,B2B
4053,2026-04-10,P007,40,2999,False,0,Online
4054,2026-04-11,P007,32,2999,False,0,Online
4055,2026-04-12,P007,26,2999,False,0,Online
4056,2026-04-13,P007,34,2999,False,0,B2B
4057,2026-04-14,P007,44,2999,False,0,B2B
4058,2026-04-15,P007,37,2999,False,0,Retail
4059,2026-04-16,P007,42,2999,False,0,Online
4060,2026-04-17,P007,44,2999,True,20,Retail
4061,2026-04-18,P007,38,2999,True,5,Online
4062,2026-04-19,P007,34,2999,False,0,Retail
4063,2026-04-20,P007,33,2999,False,0,B2B
4064,2026-04-21,P007,37,2999,True,5,Online
4065,2026-04-22,P007,31,2999,False,0,Online
4066,2026-04-23,P007,34,2999,False,0,Online
4067,2026-04-24,P007,37,2999,False,0,Online
4068,2026-04-25,P007,33,2999,False,0,B2B
4069,2026-04-26,P007,26,2999,False,0,B2B
4070,2026-04-27,P007,43,2999,False,0,B2B
4071,2026-04-28,P007,40,2999,False,0,B2B
4072,2026-04-29,P007,30,2999,False,0,Retail
4073,2026-04-30,P007,27,2999,False,0,B2B
4074,2026-05-01,P007,36,2999,False,0,Retail
4075,2026-05-02,P007,29,2999,False,0,B2B
4076,2026-05-03,P007,29,2999,False,0,Retail
4077,2026-05-04,P007,30,2999,False,0,Online
4078,2026-05-05,P007,32,2999,True,15,Retail
4079,2026-05-06,P007,36,2999,True,10,Retail
4080,2026-05-07,P007,30,2999,False,0,Retail
4081,2026-05-08,P007,35,2999,False,0,Online
4082,2026-05-09,P007,29,2999,False,0,Online
4083,2026-05-10,P007,33,2999,False,0,Retail
4084,2026-05-11,P007,28,2999,False,0,Online
4085,2026-05-12,P007,40,2999,False,0,Retail
4086,2026-05-13,P007,35,2999,False,0,Retail
4087,2026-05-14,P007,36,2999,False,0,Retail
4088,2026-05-15,P007,43,2999,True,20,Online
4089,2026-05-16,P007,37,2999,False,0,Retail
4090,2026-05-17,P007,28,2999,False,0,Retail
4091,2026-05-18,P007,27,2999,False,0,Online
4092,2026-05-19,P007,36,2999,False,0,Online
4093,2026-05-20,P007,32,2999,False,0,B2B
4094,2026-05-21,P007,36,2999,False,0,Retail
4095,2026-05-22,P007,42,2999,False,0,Online
4096,2026-05-23,P007,26,2999,False,0,Online
4097,2026-05-24,P007,31,2999,False,0,Retail
4098,2026-05-25,P007,29,2999,False,0,Online
4099,2026-05-26,P007,36,2999,False,0,Retail
4100,2026-05-27,P007,37,2999,True,10,Retail
4101,2026-05-28,P007,29,2999,False,0,Online
4102,2026-05-29,P007,31,2999,True,5,Retail
4103,2026-05-30,P007,37,2999,False,0,Online
4104,2026-05-31,P007,34,2999,False,0,Online
4105,2026-06-01,P007,35,2999,True,5,Online
4106,2026-06-02,P007,33,2999,False,0,Online
4107,2026-06-03,P007,34,2999,False,0,Online
4108,2026-06-04,P007,42,2999,False,0,B2B
4109,2026-06-05,P007,33,2999,False,0,Online
4110,2026-06-06,P007,31,2999,False,0,Online
4111,2026-06-07,P007,31,2999,False,0,Retail
4112,2026-06-08,P007,33,2999,False,0,Online
4113,2026-06-09,P007,39,2999,False,0,Online
4114,2026-06-10,P007,43,2999,True,10,Online
4115,2026-06-11,P007,43,2999,False,0,Retail
4116,2026-06-12,P007,29,2999,False,0,Online
4117,2026-06-13,P007,30,2999,False,0,Online
4118,2026-06-14,P007,25,2999,False,0,Retail
4119,2026-06-15,P007,40,2999,True,15,Online
4120,2026-06-16,P007,31,2999,False,0,Online
4121,2026-06-17,P007,39,2999,True,15,Online
4122,2026-06-18,P007,37,2999,False,0,Online
4123,2026-06-19,P007,38,2999,False,0,Retail
4124,2026-06-20,P007,33,2999,False,0,Retail
4125,2026-06-21,P007,44,2999,True,20,Online
4126,2026-06-22,P007,32,2999,False,0,Online
4127,2026-06-23,P007,30,2999,False,0,Retail
4128,2026-06-24,P007,46,2999,False,0,Online
4129,2026-06-25,P007,28,2999,False,0,Online
4130,2026-06-26,P007,38,2999,False,0,Online
4131,2026-06-27,P007,34,2999,True,5,Online
4132,2026-06-28,P007,29,2999,False,0,Retail
4133,2026-06-29,P007,39,2999,False,0,B2B
4134,2026-06-30,P007,38,2999,False,0,Online
4135,2026-07-01,P007,31,2999,False,0,Retail
4136,2026-07-02,P007,36,2999,False,0,Online
4137,2026-07-03,P007,36,2999,False,0,Online
4138,2026-07-04,P007,34,2999,False,0,Online
4139,2026-07-05,P007,31,2999,False,0,Online
4140,2026-07-06,P007,34,2999,False,0,Online
4141,2026-07-07,P007,33,2999,False,0,Retail
4142,2026-07-08,P007,42,2999,False,0,Online
4143,2026-07-09,P007,35,2999,False,0,Online
4144,2026-07-10,P007,38,2999,False,0,B2B
4145,2026-07-11,P007,23,2999,False,0,B2B
4146,2026-07-12,P007,19,2999,False,0,Online
4147,2026-07-13,P007,39,2999,False,0,Online
4148,2026-07-14,P007,43,2999,True,10,Retail
4149,2026-07-15,P007,45,2999,True,20,Online
4150,2026-07-16,P007,32,2999,False,0,Online
4151,2026-07-17,P007,40,2999,True,20,Online
4152,2026-07-18,P007,37,2999,False,0,Online
4153,2026-07-19,P007,32,2999,False,0,Retail
4154,2026-07-20,P007,45,2999,True,20,Online
4155,2026-07-21,P007,39,2999,False,0,Online
4156,2026-07-22,P007,30,2999,False,0,Online
4157,2026-07-23,P007,35,2999,False,0,Retail
4158,2026-07-24,P007,31,2999,False,0,Online
4159,2026-07-25,P007,26,2999,False,0,Online
4160,2026-07-26,P007,38,2999,True,10,Retail
4161,2026-07-27,P007,36,2999,False,0,B2B
4162,2026-07-28,P007,37,2999,False,0,Online
4163,2026-07-29,P007,33,2999,False,0,Online
4164,2026-07-30,P007,28,2999,False,0,Retail
4165,2026-07-31,P007,30,2999,False,0,Retail
4166,2026-08-01,P007,42,2999,False,0,Retail
4167,2026-08-02,P007,36,2999,False,0,Retail
4168,2026-08-03,P007,43,2999,False,0,B2B
4169,2026-08-04,P007,44,2999,False,0,B2B
4170,2026-08-05,P007,39,2999,False,0,Online
4171,2026-08-06,P007,37,2999,False,0,Retail
4172,2026-08-07,P007,37,2999,False,0,Retail
4173,2026-08-08,P007,42,2999,True,15,Online
4174,2026-08-09,P007,34,2999,False,0,Online
4175,2026-08-10,P007,39,2999,False,0,B2B
4176,2026-08-11,P007,47,2999,False,0,B2B
4177,2026-08-12,P007,43,2999,False,0,Online
4178,2026-08-13,P007,42,2999,False,0,Online
4179,2026-08-14,P007,55,2999,False,0,B2B
4180,2026-08-15,P007,32,2999,False,0,Online
4181,2026-08-16,P007,36,2999,False,0,B2B
4182,2026-08-17,P007,40,2999,False,0,B2B
4183,2026-08-18,P007,44,2999,True,15,Online
4184,2026-08-19,P007,36,2999,False,0,Online
4185,2026-08-20,P007,38,2999,False,0,B2B
4186,2026-08-21,P007,39,2999,False,0,Online
4187,2025-01-01,P008,119,1699,False,0,Online
4188,2025-01-02,P008,85,1699,False,0,Retail
4189,2025-01-03,P008,88,1699,False,0,Retail
4190,2025-01-04,P008,81,1699,False,0,Retail
4191,2025-01-05,P008,85,1699,False,0,Online
4192,2025-01-06,P008,96,1699,False,0,Online
4193,2025-01-07,P008,107,1699,False,0,Retail
4194,2025-01-08,P008,66,1699,False,0,Online
4195,2025-01-09,P008,66,1699,False,0,Retail
4196,2025-01-10,P008,87,1699,False,0,Online
4197,2025-01-11,P008,92,1699,False,0,Retail
4198,2025-01-12,P008,66,1699,False,0,Online
4199,2025-01-13,P008,59,1699,False,0,Online
4200,2025-01-14,P008,99,1699,False,0,B2B
4201,2025-01-15,P008,96,1699,False,0,Online
4202,2025-01-16,P008,81,1699,False,0,B2B
4203,2025-01-17,P008,82,1699,False,0,Retail
4204,2025-01-18,P008,72,1699,False,0,B2B
4205,2025-01-19,P008,102,1699,True,15,Retail
4206,2025-01-20,P008,106,1699,True,15,Online
4207,2025-01-21,P008,114,1699,True,10,Retail
4208,2025-01-22,P008,71,1699,True,10,Retail
4209,2025-01-23,P008,84,1699,False,0,Online
4210,2025-01-24,P008,81,1699,False,0,B2B
4211,2025-01-25,P008,80,1699,False,0,Online
4212,2025-01-26,P008,77,1699,False,0,Online
4213,2025-01-27,P008,102,1699,False,0,Retail
4214,2025-01-28,P008,72,1699,False,0,Online
4215,2025-01-29,P008,94,1699,False,0,Online
4216,2025-01-30,P008,100,1699,False,0,B2B
4217,2025-01-31,P008,114,1699,False,0,Online
4218,2025-02-01,P008,77,1699,False,0,Retail
4219,2025-02-02,P008,85,1699,False,0,Online
4220,2025-02-03,P008,73,1699,False,0,B2B
4221,2025-02-04,P008,67,1699,False,0,Online
4222,2025-02-05,P008,103,1699,False,0,Online
4223,2025-02-06,P008,121,1699,True,20,Online
4224,2025-02-07,P008,107,1699,False,0,Online
4225,2025-02-08,P008,68,1699,False,0,Online
4226,2025-02-09,P008,87,1699,False,0,Retail
4227,2025-02-10,P008,115,1699,False,0,B2B
4228,2025-02-11,P008,98,1699,False,0,Online
4229,2025-02-12,P008,97,1699,False,0,Online
4230,2025-02-13,P008,94,1699,False,0,Retail
4231,2025-02-14,P008,76,1699,False,0,Online
4232,2025-02-15,P008,95,1699,False,0,Retail
4233,2025-02-16,P008,76,1699,False,0,Online
4234,2025-02-17,P008,100,1699,False,0,B2B
4235,2025-02-18,P008,76,1699,False,0,Retail
4236,2025-02-19,P008,81,1699,False,0,B2B
4237,2025-02-20,P008,109,1699,False,0,Online
4238,2025-02-21,P008,90,1699,False,0,Online
4239,2025-02-22,P008,97,1699,False,0,B2B
4240,2025-02-23,P008,82,1699,False,0,Online
4241,2025-02-24,P008,73,1699,False,0,Retail
4242,2025-02-25,P008,104,1699,False,0,Online
4243,2025-02-26,P008,87,1699,False,0,Retail
4244,2025-02-27,P008,102,1699,False,0,Online
4245,2025-02-28,P008,94,1699,False,0,Retail
4246,2025-03-01,P008,71,1699,False,0,Online
4247,2025-03-02,P008,109,1699,True,15,Online
4248,2025-03-03,P008,124,1699,False,0,B2B
4249,2025-03-04,P008,105,1699,False,0,Retail
4250,2025-03-05,P008,97,1699,False,0,Online
4251,2025-03-06,P008,120,1699,True,5,Online
4252,2025-03-07,P008,103,1699,False,0,Online
4253,2025-03-08,P008,97,1699,True,5,Online
4254,2025-03-09,P008,75,1699,False,0,Online
4255,2025-03-10,P008,103,1699,False,0,Retail
4256,2025-03-11,P008,127,1699,True,10,Retail
4257,2025-03-12,P008,89,1699,False,0,Retail
4258,2025-03-13,P008,116,1699,False,0,Retail
4259,2025-03-14,P008,97,1699,False,0,Online
4260,2025-03-15,P008,77,1699,False,0,Online
4261,2025-03-16,P008,98,1699,False,0,B2B
4262,2025-03-17,P008,96,1699,False,0,Online
4263,2025-03-18,P008,108,1699,False,0,B2B
4264,2025-03-19,P008,97,1699,False,0,Retail
4265,2025-03-20,P008,98,1699,False,0,Retail
4266,2025-03-21,P008,104,1699,False,0,Retail
4267,2025-03-22,P008,91,1699,False,0,Online
4268,2025-03-23,P008,65,1699,False,0,Retail
4269,2025-03-24,P008,87,1699,False,0,B2B
4270,2025-03-25,P008,111,1699,False,0,Online
4271,2025-03-26,P008,129,1699,True,20,Online
4272,2025-03-27,P008,92,1699,False,0,Online
4273,2025-03-28,P008,83,1699,False,0,Online
4274,2025-03-29,P008,77,1699,False,0,B2B
4275,2025-03-30,P008,66,1699,False,0,Online
4276,2025-03-31,P008,96,1699,False,0,Online
4277,2025-04-01,P008,91,1699,False,0,Online
4278,2025-04-02,P008,88,1699,False,0,Online
4279,2025-04-03,P008,100,1699,False,0,Retail
4280,2025-04-04,P008,103,1699,False,0,Online
4281,2025-04-05,P008,135,1699,True,15,Online
4282,2025-04-06,P008,71,1699,False,0,Online
4283,2025-04-07,P008,116,1699,False,0,B2B
4284,2025-04-08,P008,112,1699,False,0,Online
4285,2025-04-09,P008,90,1699,False,0,Online
4286,2025-04-10,P008,101,1699,False,0,B2B
4287,2025-04-11,P008,96,1699,False,0,Online
4288,2025-04-12,P008,88,1699,False,0,Online
4289,2025-04-13,P008,105,1699,False,0,Online
4290,2025-04-14,P008,108,1699,False,0,Online
4291,2025-04-15,P008,105,1699,False,0,Online
4292,2025-04-16,P008,95,1699,False,0,Retail
4293,2025-04-17,P008,100,1699,True,15,Online
4294,2025-04-18,P008,98,1699,False,0,Retail
4295,2025-04-19,P008,102,1699,False,0,Retail
4296,2025-04-20,P008,73,1699,False,0,B2B
4297,2025-04-21,P008,89,1699,False,0,Online
4298,2025-04-22,P008,100,1699,False,0,Online
4299,2025-04-23,P008,87,1699,False,0,Online
4300,2025-04-24,P008,91,1699,False,0,Retail
4301,2025-04-25,P008,93,1699,False,0,Online
4302,2025-04-26,P008,73,1699,False,0,Online
4303,2025-04-27,P008,76,1699,False,0,Online
4304,2025-04-28,P008,106,1699,False,0,Online
4305,2025-04-29,P008,86,1699,False,0,Online
4306,2025-04-30,P008,81,1699,False,0,Online
4307,2025-05-01,P008,87,1699,False,0,Online
4308,2025-05-02,P008,101,1699,False,0,Online
4309,2025-05-03,P008,82,1699,False,0,Retail
4310,2025-05-04,P008,80,1699,False,0,Online
4311,2025-05-05,P008,117,1699,True,15,Online
4312,2025-05-06,P008,77,1699,False,0,B2B
4313,2025-05-07,P008,118,1699,True,10,Online
4314,2025-05-08,P008,98,1699,False,0,Online
4315,2025-05-09,P008,90,1699,False,0,Online
4316,2025-05-10,P008,95,1699,False,0,Retail
4317,2025-05-11,P008,91,1699,True,15,B2B
4318,2025-05-12,P008,109,1699,False,0,B2B
4319,2025-05-13,P008,96,1699,False,0,Retail
4320,2025-05-14,P008,92,1699,False,0,Online
4321,2025-05-15,P008,98,1699,False,0,Online
4322,2025-05-16,P008,93,1699,False,0,B2B
4323,2025-05-17,P008,95,1699,False,0,Online
4324,2025-05-18,P008,73,1699,False,0,Retail
4325,2025-05-19,P008,88,1699,False,0,Online
4326,2025-05-20,P008,111,1699,False,0,Online
4327,2025-05-21,P008,87,1699,False,0,Online
4328,2025-05-22,P008,109,1699,False,0,Online
4329,2025-05-23,P008,124,1699,True,5,Online
4330,2025-05-24,P008,108,1699,False,0,Online
4331,2025-05-25,P008,91,1699,False,0,Online
4332,2025-05-26,P008,104,1699,True,15,Online
4333,2025-05-27,P008,102,1699,False,0,Retail
4334,2025-05-28,P008,99,1699,False,0,Online
4335,2025-05-29,P008,100,1699,False,0,Online
4336,2025-05-30,P008,87,1699,False,0,B2B
4337,2025-05-31,P008,68,1699,False,0,Retail
4338,2025-06-01,P008,87,1699,False,0,Retail
4339,2025-06-02,P008,87,1699,True,15,Retail
4340,2025-06-03,P008,94,1699,False,0,B2B
4341,2025-06-04,P008,107,1699,False,0,B2B
4342,2025-06-05,P008,99,1699,False,0,Online
4343,2025-06-06,P008,116,1699,False,0,B2B
4344,2025-06-07,P008,120,1699,True,15,Online
4345,2025-06-08,P008,80,1699,False,0,Online
4346,2025-06-09,P008,94,1699,False,0,Online
4347,2025-06-10,P008,117,1699,True,15,Retail
4348,2025-06-11,P008,77,1699,False,0,Retail
4349,2025-06-12,P008,88,1699,False,0,Online
4350,2025-06-13,P008,106,1699,True,10,Online
4351,2025-06-14,P008,66,1699,False,0,Online
4352,2025-06-15,P008,84,1699,False,0,Online
4353,2025-06-16,P008,96,1699,False,0,B2B
4354,2025-06-17,P008,79,1699,False,0,Retail
4355,2025-06-18,P008,115,1699,True,10,Online
4356,2025-06-19,P008,105,1699,False,0,Online
4357,2025-06-20,P008,100,1699,False,0,Online
4358,2025-06-21,P008,79,1699,False,0,B2B
4359,2025-06-22,P008,93,1699,False,0,Online
4360,2025-06-23,P008,101,1699,False,0,Online
4361,2025-06-24,P008,98,1699,False,0,Online
4362,2025-06-25,P008,89,1699,False,0,B2B
4363,2025-06-26,P008,117,1699,True,10,Online
4364,2025-06-27,P008,109,1699,False,0,Online
4365,2025-06-28,P008,81,1699,False,0,B2B
4366,2025-06-29,P008,103,1699,False,0,Online
4367,2025-06-30,P008,90,1699,False,0,Retail
4368,2025-07-01,P008,94,1699,False,0,Retail
4369,2025-07-02,P008,89,1699,False,0,Online
4370,2025-07-03,P008,99,1699,False,0,B2B
4371,2025-07-04,P008,78,1699,False,0,Online
4372,2025-07-05,P008,80,1699,False,0,B2B
4373,2025-07-06,P008,80,1699,True,5,Online
4374,2025-07-07,P008,95,1699,False,0,Retail
4375,2025-07-08,P008,109,1699,False,0,Online
4376,2025-07-09,P008,101,1699,False,0,Retail
4377,2025-07-10,P008,68,1699,False,0,Retail
4378,2025-07-11,P008,123,1699,False,0,Online
4379,2025-07-12,P008,90,1699,False,0,Retail
4380,2025-07-13,P008,79,1699,False,0,Online
4381,2025-07-14,P008,98,1699,False,0,Online
4382,2025-07-15,P008,100,1699,False,0,Online
4383,2025-07-16,P008,87,1699,False,0,Online
4384,2025-07-17,P008,98,1699,False,0,Retail
4385,2025-07-18,P008,88,1699,False,0,B2B
4386,2025-07-19,P008,79,1699,False,0,Online
4387,2025-07-20,P008,77,1699,False,0,Retail
4388,2025-07-21,P008,81,1699,False,0,Retail
4389,2025-07-22,P008,170,1699,False,0,Online
4390,2025-07-23,P008,103,1699,False,0,Online
4391,2025-07-24,P008,102,1699,False,0,Online
4392,2025-07-25,P008,110,1699,False,0,B2B
4393,2025-07-26,P008,89,1699,False,0,Retail
4394,2025-07-27,P008,80,1699,False,0,Retail
4395,2025-07-28,P008,105,1699,False,0,Retail
4396,2025-07-29,P008,79,1699,False,0,Online
4397,2025-07-30,P008,85,1699,False,0,Online
4398,2025-07-31,P008,97,1699,True,10,Online
4399,2025-08-01,P008,129,1699,False,0,B2B
4400,2025-08-02,P008,113,1699,False,0,B2B
4401,2025-08-03,P008,112,1699,False,0,Online
4402,2025-08-04,P008,134,1699,False,0,Retail
4403,2025-08-05,P008,106,1699,False,0,Retail
4404,2025-08-06,P008,124,1699,False,0,Retail
4405,2025-08-07,P008,111,1699,False,0,Online
4406,2025-08-08,P008,132,1699,False,0,Online
4407,2025-08-09,P008,100,1699,False,0,Online
4408,2025-08-10,P008,99,1699,False,0,Online
4409,2025-08-11,P008,120,1699,False,0,B2B
4410,2025-08-12,P008,134,1699,False,0,Retail
4411,2025-08-13,P008,105,1699,False,0,Online
4412,2025-08-14,P008,119,1699,False,0,Online
4413,2025-08-15,P008,103,1699,False,0,Retail
4414,2025-08-16,P008,75,1699,False,0,Retail
4415,2025-08-17,P008,110,1699,False,0,B2B
4416,2025-08-18,P008,128,1699,False,0,Retail
4417,2025-08-19,P008,120,1699,False,0,Retail
4418,2025-08-20,P008,93,1699,False,0,Retail
4419,2025-08-21,P008,115,1699,False,0,Online
4420,2025-08-22,P008,87,1699,False,0,B2B
4421,2025-08-23,P008,117,1699,False,0,Online
4422,2025-08-24,P008,88,1699,False,0,Retail
4423,2025-08-25,P008,136,1699,False,0,Online
4424,2025-08-26,P008,134,1699,False,0,Online
4425,2025-08-27,P008,107,1699,False,0,Online
4426,2025-08-28,P008,106,1699,False,0,Retail
4427,2025-08-29,P008,122,1699,False,0,Retail
4428,2025-08-30,P008,89,1699,False,0,Online
4429,2025-08-31,P008,107,1699,False,0,Retail
4430,2025-09-01,P008,111,1699,False,0,Online
4431,2025-09-02,P008,93,1699,False,0,Online
4432,2025-09-03,P008,89,1699,False,0,Online
4433,2025-09-04,P008,123,1699,False,0,B2B
4434,2025-09-05,P008,114,1699,False,0,Online
4435,2025-09-06,P008,101,1699,False,0,Online
4436,2025-09-07,P008,117,1699,False,0,Online
4437,2025-09-08,P008,131,1699,False,0,B2B
4438,2025-09-09,P008,111,1699,False,0,Retail
4439,2025-09-10,P008,150,1699,True,20,B2B
4440,2025-09-11,P008,126,1699,False,0,Retail
4441,2025-09-12,P008,96,1699,False,0,B2B
4442,2025-09-13,P008,105,1699,False,0,Online
4443,2025-09-14,P008,139,1699,True,20,Retail
4444,2025-09-15,P008,125,1699,False,0,Retail
4445,2025-09-16,P008,104,1699,True,10,Retail
4446,2025-09-17,P008,111,1699,False,0,Online
4447,2025-09-18,P008,106,1699,False,0,Online
4448,2025-09-19,P008,121,1699,False,0,Online
4449,2025-09-20,P008,113,1699,False,0,Online
4450,2025-09-21,P008,127,1699,False,0,Retail
4451,2025-09-22,P008,116,1699,False,0,Retail
4452,2025-09-23,P008,117,1699,False,0,Online
4453,2025-09-24,P008,134,1699,False,0,Online
4454,2025-09-25,P008,127,1699,False,0,Online
4455,2025-09-26,P008,226,1699,False,0,Retail
4456,2025-09-27,P008,105,1699,False,0,Online
4457,2025-09-28,P008,92,1699,False,0,Retail
4458,2025-09-29,P008,100,1699,False,0,Online
4459,2025-09-30,P008,95,1699,False,0,Online
4460,2025-10-01,P008,129,1699,False,0,Online
4461,2025-10-02,P008,126,1699,False,0,Retail
4462,2025-10-03,P008,138,1699,False,0,Retail
4463,2025-10-04,P008,138,1699,True,15,Online
4464,2025-10-05,P008,111,1699,False,0,B2B
4465,2025-10-06,P008,108,1699,False,0,Online
4466,2025-10-07,P008,93,1699,False,0,B2B
4467,2025-10-08,P008,128,1699,False,0,B2B
4468,2025-10-09,P008,143,1699,True,10,B2B
4469,2025-10-10,P008,111,1699,False,0,Online
4470,2025-10-11,P008,111,1699,False,0,Online
4471,2025-10-12,P008,104,1699,False,0,Retail
4472,2025-10-13,P008,138,1699,False,0,Online
4473,2025-10-14,P008,125,1699,False,0,Online
4474,2025-10-15,P008,127,1699,False,0,Online
4475,2025-10-16,P008,123,1699,False,0,B2B
4476,2025-10-17,P008,117,1699,False,0,Online
4477,2025-10-18,P008,97,1699,False,0,Online
4478,2025-10-19,P008,110,1699,False,0,Retail
4479,2025-10-20,P008,97,1699,False,0,Retail
4480,2025-10-21,P008,126,1699,False,0,Online
4481,2025-10-22,P008,102,1699,True,5,Online
4482,2025-10-23,P008,122,1699,False,0,Retail
4483,2025-10-24,P008,124,1699,True,10,Retail
4484,2025-10-25,P008,113,1699,False,0,Retail
4485,2025-10-26,P008,100,1699,False,0,Retail
4486,2025-10-27,P008,92,1699,False,0,Retail
4487,2025-10-28,P008,121,1699,False,0,Online
4488,2025-10-29,P008,109,1699,False,0,Retail
4489,2025-10-30,P008,124,1699,False,0,Retail
4490,2025-10-31,P008,112,1699,False,0,Online
4491,2025-11-01,P008,112,1699,True,5,B2B
4492,2025-11-02,P008,90,1699,False,0,Retail
4493,2025-11-03,P008,104,1699,False,0,Online
4494,2025-11-04,P008,107,1699,False,0,Online
4495,2025-11-05,P008,132,1699,False,0,Online
4496,2025-11-06,P008,144,1699,False,0,Retail
4497,2025-11-07,P008,106,1699,False,0,Online
4498,2025-11-08,P008,119,1699,False,0,Online
4499,2025-11-09,P008,87,1699,True,10,Online
4500,2025-11-10,P008,94,1699,False,0,Online
4501,2025-11-11,P008,104,1699,False,0,Online
4502,2025-11-12,P008,91,1699,False,0,Online
4503,2025-11-13,P008,113,1699,True,10,Online
4504,2025-11-14,P008,114,1699,False,0,Online
4505,2025-11-15,P008,93,1699,False,0,Online
4506,2025-11-16,P008,104,1699,False,0,Retail
4507,2025-11-17,P008,124,1699,False,0,Online
4508,2025-11-18,P008,120,1699,False,0,Online
4509,2025-11-19,P008,121,1699,False,0,Retail
4510,2025-11-20,P008,114,1699,False,0,Retail
4511,2025-11-21,P008,123,1699,True,15,Retail
4512,2025-11-22,P008,109,1699,False,0,Online
4513,2025-11-23,P008,98,1699,False,0,Online
4514,2025-11-24,P008,104,1699,False,0,Online
4515,2025-11-25,P008,107,1699,False,0,Online
4516,2025-11-26,P008,97,1699,False,0,Retail
4517,2025-11-27,P008,107,1699,False,0,Retail
4518,2025-11-28,P008,123,1699,False,0,Retail
4519,2025-11-29,P008,104,1699,False,0,Online
4520,2025-11-30,P008,92,1699,False,0,Retail
4521,2025-12-01,P008,108,1699,False,0,B2B
4522,2025-12-02,P008,128,1699,False,0,Retail
4523,2025-12-03,P008,124,1699,False,0,Online
4524,2025-12-04,P008,137,1699,False,0,Online
4525,2025-12-05,P008,136,1699,False,0,Retail
4526,2025-12-06,P008,118,1699,False,0,Online
4527,2025-12-07,P008,85,1699,False,0,B2B
4528,2025-12-08,P008,133,1699,False,0,Retail
4529,2025-12-09,P008,116,1699,False,0,Online
4530,2025-12-10,P008,102,1699,False,0,Online
4531,2025-12-11,P008,122,1699,False,0,B2B
4532,2025-12-12,P008,122,1699,False,0,Online
4533,2025-12-13,P008,109,1699,False,0,Retail
4534,2025-12-14,P008,95,1699,False,0,B2B
4535,2025-12-15,P008,163,1699,True,15,B2B
4536,2025-12-16,P008,100,1699,False,0,B2B
4537,2025-12-17,P008,125,1699,False,0,Retail
4538,2025-12-18,P008,111,1699,False,0,Online
4539,2025-12-19,P008,119,1699,False,0,Online
4540,2025-12-20,P008,143,1699,True,15,Retail
4541,2025-12-21,P008,84,1699,False,0,Online
4542,2025-12-22,P008,150,1699,False,0,Online
4543,2025-12-23,P008,94,1699,False,0,Retail
4544,2025-12-24,P008,102,1699,False,0,Online
4545,2025-12-25,P008,123,1699,False,0,B2B
4546,2025-12-26,P008,122,1699,False,0,Retail
4547,2025-12-27,P008,104,1699,False,0,Online
4548,2025-12-28,P008,102,1699,False,0,Online
4549,2025-12-29,P008,116,1699,False,0,Online
4550,2025-12-30,P008,120,1699,False,0,Retail
4551,2025-12-31,P008,130,1699,False,0,Online
4552,2026-01-01,P008,107,1699,False,0,Online
4553,2026-01-02,P008,108,1699,False,0,Online
4554,2026-01-03,P008,73,1699,False,0,B2B
4555,2026-01-04,P008,91,1699,False,0,Retail
4556,2026-01-05,P008,95,1699,False,0,Online
4557,2026-01-06,P008,88,1699,False,0,Retail
4558,2026-01-07,P008,104,1699,False,0,Online
4559,2026-01-08,P008,91,1699,False,0,Retail
4560,2026-01-09,P008,115,1699,False,0,Online
4561,2026-01-10,P008,73,1699,False,0,B2B
4562,2026-01-11,P008,110,1699,False,0,Online
4563,2026-01-12,P008,106,1699,True,15,Retail
4564,2026-01-13,P008,115,1699,True,5,Retail
4565,2026-01-14,P008,119,1699,False,0,Online
4566,2026-01-15,P008,100,1699,False,0,Retail
4567,2026-01-16,P008,105,1699,False,0,Online
4568,2026-01-17,P008,101,1699,True,20,Online
4569,2026-01-18,P008,100,1699,False,0,B2B
4570,2026-01-19,P008,102,1699,False,0,Retail
4571,2026-01-20,P008,94,1699,False,0,Retail
4572,2026-01-21,P008,102,1699,False,0,Retail
4573,2026-01-22,P008,104,1699,False,0,Retail
4574,2026-01-23,P008,100,1699,False,0,Retail
4575,2026-01-24,P008,76,1699,False,0,Retail
4576,2026-01-25,P008,84,1699,False,0,Online
4577,2026-01-26,P008,85,1699,False,0,Retail
4578,2026-01-27,P008,130,1699,False,0,B2B
4579,2026-01-28,P008,90,1699,False,0,B2B
4580,2026-01-29,P008,104,1699,False,0,B2B
4581,2026-01-30,P008,112,1699,False,0,Retail
4582,2026-01-31,P008,83,1699,False,0,Online
4583,2026-02-01,P008,87,1699,False,0,Retail
4584,2026-02-02,P008,104,1699,False,0,Online
4585,2026-02-03,P008,103,1699,False,0,Online
4586,2026-02-04,P008,115,1699,False,0,Retail
4587,2026-02-05,P008,108,1699,False,0,Retail
4588,2026-02-06,P008,107,1699,False,0,Retail
4589,2026-02-07,P008,90,1699,False,0,Online
4590,2026-02-08,P008,74,1699,False,0,Online
4591,2026-02-09,P008,91,1699,False,0,B2B
4592,2026-02-10,P008,111,1699,False,0,Online
4593,2026-02-11,P008,133,1699,True,15,Online
4594,2026-02-12,P008,78,1699,False,0,Online
4595,2026-02-13,P008,103,1699,False,0,Retail
4596,2026-02-14,P008,97,1699,False,0,Online
4597,2026-02-15,P008,89,1699,False,0,Online
4598,2026-02-16,P008,123,1699,False,0,Retail
4599,2026-02-17,P008,111,1699,False,0,B2B
4600,2026-02-18,P008,125,1699,False,0,Online
4601,2026-02-19,P008,93,1699,False,0,Online
4602,2026-02-20,P008,110,1699,False,0,Retail
4603,2026-02-21,P008,103,1699,False,0,Retail
4604,2026-02-22,P008,97,1699,False,0,Online
4605,2026-02-23,P008,92,1699,False,0,Online
4606,2026-02-24,P008,98,1699,False,0,B2B
4607,2026-02-25,P008,114,1699,True,15,Online
4608,2026-02-26,P008,115,1699,False,0,Retail
4609,2026-02-27,P008,106,1699,False,0,Online
4610,2026-02-28,P008,81,1699,False,0,Online
4611,2026-03-01,P008,92,1699,False,0,B2B
4612,2026-03-02,P008,75,1699,False,0,Online
4613,2026-03-03,P008,172,1699,True,20,Online
4614,2026-03-04,P008,96,1699,False,0,Retail
4615,2026-03-05,P008,142,1699,True,20,Online
4616,2026-03-06,P008,96,1699,False,0,B2B
4617,2026-03-07,P008,113,1699,False,0,B2B
4618,2026-03-08,P008,59,1699,False,0,B2B
4619,2026-03-09,P008,132,1699,True,15,Online
4620,2026-03-10,P008,115,1699,False,0,Online
4621,2026-03-11,P008,108,1699,False,0,Online
4622,2026-03-12,P008,122,1699,False,0,Online
4623,2026-03-13,P008,103,1699,False,0,B2B
4624,2026-03-14,P008,111,1699,False,0,Online
4625,2026-03-15,P008,105,1699,False,0,Online
4626,2026-03-16,P008,127,1699,False,0,Retail
4627,2026-03-17,P008,97,1699,False,0,Online
4628,2026-03-18,P008,92,1699,False,0,Retail
4629,2026-03-19,P008,113,1699,False,0,B2B
4630,2026-03-20,P008,120,1699,False,0,Online
4631,2026-03-21,P008,72,1699,False,0,Online
4632,2026-03-22,P008,96,1699,False,0,Online
4633,2026-03-23,P008,119,1699,False,0,Retail
4634,2026-03-24,P008,115,1699,False,0,Online
4635,2026-03-25,P008,99,1699,False,0,B2B
4636,2026-03-26,P008,73,1699,False,0,B2B
4637,2026-03-27,P008,123,1699,False,0,Online
4638,2026-03-28,P008,75,1699,False,0,Retail
4639,2026-03-29,P008,78,1699,False,0,Online
4640,2026-03-30,P008,69,1699,False,0,Online
4641,2026-03-31,P008,110,1699,False,0,Retail
4642,2026-04-01,P008,118,1699,False,0,Online
4643,2026-04-02,P008,108,1699,False,0,Online
4644,2026-04-03,P008,123,1699,False,0,Online
4645,2026-04-04,P008,99,1699,False,0,Online
4646,2026-04-05,P008,109,1699,False,0,Online
4647,2026-04-06,P008,86,1699,False,0,B2B
4648,2026-04-07,P008,103,1699,False,0,Retail
4649,2026-04-08,P008,93,1699,False,0,B2B
4650,2026-04-09,P008,119,1699,True,5,Online
4651,2026-04-10,P008,101,1699,False,0,Online
4652,2026-04-11,P008,162,1699,False,0,Retail
4653,2026-04-12,P008,101,1699,False,0,Online
4654,2026-04-13,P008,124,1699,True,5,Retail
4655,2026-04-14,P008,121,1699,False,0,Online
4656,2026-04-15,P008,147,1699,False,0,Retail
4657,2026-04-16,P008,110,1699,False,0,Retail
4658,2026-04-17,P008,95,1699,False,0,Online
4659,2026-04-18,P008,107,1699,False,0,B2B
4660,2026-04-19,P008,87,1699,False,0,Online
4661,2026-04-20,P008,118,1699,False,0,B2B
4662,2026-04-21,P008,106,1699,False,0,Online
4663,2026-04-22,P008,94,1699,False,0,Online
4664,2026-04-23,P008,96,1699,False,0,Retail
4665,2026-04-24,P008,120,1699,False,0,Online
4666,2026-04-25,P008,99,1699,False,0,B2B
4667,2026-04-26,P008,84,1699,False,0,Online
4668,2026-04-27,P008,128,1699,False,0,Online
4669,2026-04-28,P008,90,1699,False,0,Retail
4670,2026-04-29,P008,105,1699,False,0,B2B
4671,2026-04-30,P008,116,1699,False,0,Online
4672,2026-05-01,P008,78,1699,False,0,Retail
4673,2026-05-02,P008,101,1699,False,0,Online
4674,2026-05-03,P008,86,1699,False,0,Retail
4675,2026-05-04,P008,120,1699,False,0,B2B
4676,2026-05-05,P008,86,1699,False,0,Online
4677,2026-05-06,P008,108,1699,False,0,Online
4678,2026-05-07,P008,127,1699,False,0,Online
4679,2026-05-08,P008,125,1699,False,0,Online
4680,2026-05-09,P008,91,1699,False,0,Retail
4681,2026-05-10,P008,97,1699,False,0,Retail
4682,2026-05-11,P008,100,1699,False,0,Retail
4683,2026-05-12,P008,180,1699,False,0,Online
4684,2026-05-13,P008,87,1699,False,0,Online
4685,2026-05-14,P008,97,1699,True,5,Online
4686,2026-05-15,P008,114,1699,True,5,Retail
4687,2026-05-16,P008,78,1699,False,0,Retail
4688,2026-05-17,P008,88,1699,False,0,Online
4689,2026-05-18,P008,89,1699,False,0,Online
4690,2026-05-19,P008,98,1699,False,0,Online
4691,2026-05-20,P008,110,1699,False,0,Retail
4692,2026-05-21,P008,104,1699,False,0,Online
4693,2026-05-22,P008,110,1699,False,0,B2B
4694,2026-05-23,P008,104,1699,False,0,Online
4695,2026-05-24,P008,124,1699,False,0,Retail
4696,2026-05-25,P008,108,1699,False,0,Online
4697,2026-05-26,P008,118,1699,False,0,B2B
4698,2026-05-27,P008,111,1699,False,0,Online
4699,2026-05-28,P008,103,1699,False,0,Retail
4700,2026-05-29,P008,102,1699,False,0,Online
4701,2026-05-30,P008,80,1699,False,0,B2B
4702,2026-05-31,P008,83,1699,False,0,B2B
4703,2026-06-01,P008,142,1699,True,20,Online
4704,2026-06-02,P008,113,1699,False,0,Retail
4705,2026-06-03,P008,108,1699,False,0,Online
4706,2026-06-04,P008,128,1699,False,0,B2B
4707,2026-06-05,P008,113,1699,False,0,Online
4708,2026-06-06,P008,84,1699,False,0,B2B
4709,2026-06-07,P008,109,1699,False,0,Online
4710,2026-06-08,P008,109,1699,False,0,Online
4711,2026-06-09,P008,90,1699,False,0,Online
4712,2026-06-10,P008,118,1699,False,0,Retail
4713,2026-06-11,P008,103,1699,False,0,Online
4714,2026-06-12,P008,105,1699,False,0,Online
4715,2026-06-13,P008,97,1699,False,0,Retail
4716,2026-06-14,P008,125,1699,False,0,Online
4717,2026-06-15,P008,128,1699,False,0,Online
4718,2026-06-16,P008,129,1699,False,0,Retail
4719,2026-06-17,P008,109,1699,False,0,B2B
4720,2026-06-18,P008,105,1699,False,0,Retail
4721,2026-06-19,P008,125,1699,False,0,Online
4722,2026-06-20,P008,106,1699,False,0,Online
4723,2026-06-21,P008,99,1699,False,0,Online
4724,2026-06-22,P008,100,1699,False,0,Retail
4725,2026-06-23,P008,94,1699,False,0,Online
4726,2026-06-24,P008,68,1699,False,0,B2B
4727,2026-06-25,P008,118,1699,True,10,Online
4728,2026-06-26,P008,106,1699,False,0,Online
4729,2026-06-27,P008,102,1699,False,0,Online
4730,2026-06-28,P008,101,1699,False,0,Online
4731,2026-06-29,P008,94,1699,False,0,Online
4732,2026-06-30,P008,108,1699,False,0,Online
4733,2026-07-01,P008,95,1699,False,0,Retail
4734,2026-07-02,P008,121,1699,False,0,Retail
4735,2026-07-03,P008,99,1699,False,0,Retail
4736,2026-07-04,P008,111,1699,False,0,Online
4737,2026-07-05,P008,88,1699,True,5,B2B
4738,2026-07-06,P008,103,1699,False,0,Online
4739,2026-07-07,P008,88,1699,False,0,B2B
4740,2026-07-08,P008,113,1699,False,0,Retail
4741,2026-07-09,P008,132,1699,True,10,B2B
4742,2026-07-10,P008,111,1699,True,5,Online
4743,2026-07-11,P008,99,1699,False,0,Retail
4744,2026-07-12,P008,103,1699,False,0,Online
4745,2026-07-13,P008,133,1699,False,0,Retail
4746,2026-07-14,P008,93,1699,False,0,Online
4747,2026-07-15,P008,117,1699,False,0,Online
4748,2026-07-16,P008,96,1699,False,0,Online
4749,2026-07-17,P008,120,1699,True,10,Retail
4750,2026-07-18,P008,90,1699,False,0,B2B
4751,2026-07-19,P008,116,1699,False,0,Online
4752,2026-07-20,P008,93,1699,False,0,Retail
4753,2026-07-21,P008,104,1699,False,0,Retail
4754,2026-07-22,P008,91,1699,False,0,Online
4755,2026-07-23,P008,98,1699,False,0,Retail
4756,2026-07-24,P008,119,1699,False,0,B2B
4757,2026-07-25,P008,71,1699,False,0,Retail
4758,2026-07-26,P008,117,1699,False,0,Online
4759,2026-07-27,P008,106,1699,False,0,B2B
4760,2026-07-28,P008,126,1699,False,0,B2B
4761,2026-07-29,P008,84,1699,False,0,Retail
4762,2026-07-30,P008,118,1699,False,0,Online
4763,2026-07-31,P008,123,1699,False,0,Online
4764,2026-08-01,P008,128,1699,False,0,Retail
4765,2026-08-02,P008,105,1699,False,0,Online
4766,2026-08-03,P008,167,1699,True,20,Retail
4767,2026-08-04,P008,115,1699,False,0,Online
4768,2026-08-05,P008,132,1699,False,0,Retail
4769,2026-08-06,P008,138,1699,False,0,Online
4770,2026-08-07,P008,126,1699,False,0,B2B
4771,2026-08-08,P008,111,1699,False,0,Online
4772,2026-08-09,P008,106,1699,False,0,Online
4773,2026-08-10,P008,137,1699,False,0,Retail
4774,2026-08-11,P008,138,1699,False,0,B2B
4775,2026-08-12,P008,100,1699,False,0,Online
4776,2026-08-13,P008,136,1699,False,0,Online
4777,2026-08-14,P008,121,1699,False,0,Online
4778,2026-08-15,P008,134,1699,False,0,Retail
4779,2026-08-16,P008,88,1699,False,0,Retail
4780,2026-08-17,P008,85,1699,False,0,Retail
4781,2026-08-18,P008,142,1699,True,5,Online
4782,2026-08-19,P008,124,1699,False,0,Online
4783,2026-08-20,P008,109,1699,False,0,B2B
4784,2026-08-21,P008,119,1699,False,0,Online
4785,2025-01-01,P009,40,7999,False,0,Online
4786,2025-01-02,P009,29,7999,False,0,Retail
4787,2025-01-03,P009,33,7999,False,0,Online
4788,2025-01-04,P009,24,7999,False,0,Retail
4789,2025-01-05,P009,20,7999,False,0,B2B
4790,2025-01-06,P009,29,7999,False,0,Online
4791,2025-01-07,P009,39,7999,False,0,Retail
4792,2025-01-08,P009,28,7999,False,0,Retail
4793,2025-01-09,P009,30,7999,False,0,B2B
4794,2025-01-10,P009,31,7999,False,0,Online
4795,2025-01-11,P009,26,7999,False,0,Online
4796,2025-01-12,P009,22,7999,False,0,Retail
4797,2025-01-13,P009,32,7999,False,0,Retail
4798,2025-01-14,P009,28,7999,True,15,Retail
4799,2025-01-15,P009,23,7999,False,0,Retail
4800,2025-01-16,P009,33,7999,False,0,Retail
4801,2025-01-17,P009,32,7999,False,0,B2B
4802,2025-01-18,P009,26,7999,False,0,Retail
4803,2025-01-19,P009,22,7999,False,0,Online
4804,2025-01-20,P009,28,7999,False,0,Online
4805,2025-01-21,P009,29,7999,False,0,B2B
4806,2025-01-22,P009,24,7999,False,0,Retail
4807,2025-01-23,P009,27,7999,False,0,Online
4808,2025-01-24,P009,33,7999,False,0,Online
4809,2025-01-25,P009,31,7999,False,0,Online
4810,2025-01-26,P009,25,7999,False,0,Online
4811,2025-01-27,P009,33,7999,False,0,Online
4812,2025-01-28,P009,23,7999,False,0,Online
4813,2025-01-29,P009,32,7999,False,0,Online
4814,2025-01-30,P009,27,7999,False,0,B2B
4815,2025-01-31,P009,31,7999,False,0,Online
4816,2025-02-01,P009,26,7999,False,0,B2B
4817,2025-02-02,P009,38,7999,True,15,Online
4818,2025-02-03,P009,35,7999,True,20,B2B
4819,2025-02-04,P009,32,7999,False,0,B2B
4820,2025-02-05,P009,34,7999,True,10,Retail
4821,2025-02-06,P009,30,7999,False,0,Online
4822,2025-02-07,P009,29,7999,False,0,Online
4823,2025-02-08,P009,24,7999,False,0,Online
4824,2025-02-09,P009,27,7999,False,0,Online
4825,2025-02-10,P009,30,7999,False,0,B2B
4826,2025-02-11,P009,31,7999,False,0,Online
4827,2025-02-12,P009,30,7999,False,0,Retail
4828,2025-02-13,P009,33,7999,False,0,Retail
4829,2025-02-14,P009,33,7999,False,0,Retail
4830,2025-02-15,P009,23,7999,False,0,Retail
4831,2025-02-16,P009,30,7999,False,0,Online
4832,2025-02-17,P009,26,7999,False,0,Retail
4833,2025-02-18,P009,33,7999,False,0,Retail
4834,2025-02-19,P009,33,7999,False,0,Online
4835,2025-02-20,P009,23,7999,False,0,Retail
4836,2025-02-21,P009,50,7999,False,0,Online
4837,2025-02-22,P009,25,7999,False,0,Online
4838,2025-02-23,P009,24,7999,False,0,Retail
4839,2025-02-24,P009,35,7999,False,0,Retail
4840,2025-02-25,P009,32,7999,True,10,B2B
4841,2025-02-26,P009,28,7999,False,0,Online
4842,2025-02-27,P009,30,7999,False,0,Online
4843,2025-02-28,P009,33,7999,False,0,Online
4844,2025-03-01,P009,32,7999,True,10,Online
4845,2025-03-02,P009,32,7999,False,0,Online
4846,2025-03-03,P009,40,7999,True,10,Online
4847,2025-03-04,P009,24,7999,False,0,B2B
4848,2025-03-05,P009,30,7999,False,0,Online
4849,2025-03-06,P009,30,7999,False,0,Online
4850,2025-03-07,P009,34,7999,False,0,B2B
4851,2025-03-08,P009,19,7999,False,0,Online
4852,2025-03-09,P009,37,7999,False,0,Online
4853,2025-03-10,P009,34,7999,False,0,Online
4854,2025-03-11,P009,32,7999,False,0,Online
4855,2025-03-12,P009,37,7999,False,0,Retail
4856,2025-03-13,P009,47,7999,True,10,Online
4857,2025-03-14,P009,35,7999,False,0,Online
4858,2025-03-15,P009,31,7999,False,0,Retail
4859,2025-03-16,P009,29,7999,False,0,B2B
4860,2025-03-17,P009,31,7999,False,0,Online
4861,2025-03-18,P009,35,7999,True,10,Online
4862,2025-03-19,P009,29,7999,False,0,B2B
4863,2025-03-20,P009,29,7999,False,0,Retail
4864,2025-03-21,P009,27,7999,False,0,Online
4865,2025-03-22,P009,28,7999,False,0,Retail
4866,2025-03-23,P009,26,7999,True,10,B2B
4867,2025-03-24,P009,33,7999,False,0,Online
4868,2025-03-25,P009,32,7999,False,0,Online
4869,2025-03-26,P009,35,7999,True,5,Retail
4870,2025-03-27,P009,30,7999,False,0,Online
4871,2025-03-28,P009,44,7999,False,0,B2B
4872,2025-03-29,P009,33,7999,False,0,B2B
4873,2025-03-30,P009,24,7999,False,0,Online
4874,2025-03-31,P009,33,7999,False,0,Online
4875,2025-04-01,P009,30,7999,False,0,Retail
4876,2025-04-02,P009,28,7999,False,0,Online
4877,2025-04-03,P009,27,7999,False,0,Retail
4878,2025-04-04,P009,34,7999,False,0,Online
4879,2025-04-05,P009,26,7999,False,0,Online
4880,2025-04-06,P009,31,7999,False,0,Online
4881,2025-04-07,P009,36,7999,False,0,Online
4882,2025-04-08,P009,38,7999,False,0,Retail
4883,2025-04-09,P009,29,7999,False,0,Retail
4884,2025-04-10,P009,35,7999,False,0,Retail
4885,2025-04-11,P009,56,7999,False,0,Online
4886,2025-04-12,P009,27,7999,False,0,Online
4887,2025-04-13,P009,26,7999,False,0,Online
4888,2025-04-14,P009,38,7999,False,0,Retail
4889,2025-04-15,P009,33,7999,False,0,Retail
4890,2025-04-16,P009,34,7999,False,0,Online
4891,2025-04-17,P009,29,7999,False,0,Retail
4892,2025-04-18,P009,27,7999,False,0,Retail
4893,2025-04-19,P009,26,7999,False,0,Online
4894,2025-04-20,P009,28,7999,False,0,Retail
4895,2025-04-21,P009,29,7999,False,0,Online
4896,2025-04-22,P009,33,7999,False,0,Online
4897,2025-04-23,P009,25,7999,False,0,Retail
4898,2025-04-24,P009,29,7999,False,0,Online
4899,2025-04-25,P009,35,7999,False,0,Online
4900,2025-04-26,P009,30,7999,False,0,Online
4901,2025-04-27,P009,27,7999,False,0,Online
4902,2025-04-28,P009,28,7999,False,0,Retail
4903,2025-04-29,P009,30,7999,True,5,Online
4904,2025-04-30,P009,31,7999,False,0,Online
4905,2025-05-01,P009,33,7999,False,0,Online
4906,2025-05-02,P009,35,7999,False,0,Online
4907,2025-05-03,P009,25,7999,False,0,Online
4908,2025-05-04,P009,23,7999,False,0,Online
4909,2025-05-05,P009,32,7999,False,0,Online
4910,2025-05-06,P009,27,7999,False,0,B2B
4911,2025-05-07,P009,29,7999,False,0,Retail
4912,2025-05-08,P009,35,7999,False,0,Online
4913,2025-05-09,P009,35,7999,False,0,Online
4914,2025-05-10,P009,28,7999,False,0,Online
4915,2025-05-11,P009,23,7999,False,0,Online
4916,2025-05-12,P009,32,7999,False,0,Online
4917,2025-05-13,P009,35,7999,False,0,Online
4918,2025-05-14,P009,30,7999,False,0,Retail
4919,2025-05-15,P009,36,7999,False,0,Retail
4920,2025-05-16,P009,46,7999,True,20,Retail
4921,2025-05-17,P009,32,7999,False,0,Online
4922,2025-05-18,P009,28,7999,False,0,Online
4923,2025-05-19,P009,34,7999,False,0,Online
4924,2025-05-20,P009,36,7999,False,0,Retail
4925,2025-05-21,P009,33,7999,False,0,B2B
4926,2025-05-22,P009,30,7999,False,0,Retail
4927,2025-05-23,P009,29,7999,False,0,Retail
4928,2025-05-24,P009,28,7999,False,0,Online
4929,2025-05-25,P009,23,7999,False,0,Online
4930,2025-05-26,P009,31,7999,False,0,Retail
4931,2025-05-27,P009,35,7999,False,0,Online
4932,2025-05-28,P009,23,7999,False,0,Online
4933,2025-05-29,P009,37,7999,False,0,Retail
4934,2025-05-30,P009,34,7999,False,0,Online
4935,2025-05-31,P009,25,7999,False,0,B2B
4936,2025-06-01,P009,29,7999,False,0,Retail
4937,2025-06-02,P009,30,7999,False,0,B2B
4938,2025-06-03,P009,35,7999,False,0,Retail
4939,2025-06-04,P009,34,7999,False,0,Online
4940,2025-06-05,P009,27,7999,False,0,Online
4941,2025-06-06,P009,33,7999,False,0,Retail
4942,2025-06-07,P009,27,7999,False,0,Online
4943,2025-06-08,P009,28,7999,False,0,Online
4944,2025-06-09,P009,29,7999,False,0,Online
4945,2025-06-10,P009,38,7999,False,0,B2B
4946,2025-06-11,P009,35,7999,False,0,Online
4947,2025-06-12,P009,28,7999,False,0,B2B
4948,2025-06-13,P009,26,7999,False,0,Online
4949,2025-06-14,P009,26,7999,False,0,Online
4950,2025-06-15,P009,29,7999,False,0,Online
4951,2025-06-16,P009,33,7999,False,0,Online
4952,2025-06-17,P009,36,7999,False,0,Online
4953,2025-06-18,P009,34,7999,False,0,Online
4954,2025-06-19,P009,35,7999,False,0,Retail
4955,2025-06-20,P009,32,7999,False,0,Online
4956,2025-06-21,P009,23,7999,False,0,Retail
4957,2025-06-22,P009,27,7999,False,0,Online
4958,2025-06-23,P009,36,7999,False,0,Retail
4959,2025-06-24,P009,32,7999,False,0,Online
4960,2025-06-25,P009,32,7999,False,0,B2B
4961,2025-06-26,P009,30,7999,False,0,B2B
4962,2025-06-27,P009,28,7999,False,0,Online
4963,2025-06-28,P009,28,7999,False,0,Online
4964,2025-06-29,P009,29,7999,False,0,Online
4965,2025-06-30,P009,30,7999,False,0,Retail
4966,2025-07-01,P009,36,7999,True,10,Retail
4967,2025-07-02,P009,28,7999,False,0,Online
4968,2025-07-03,P009,36,7999,False,0,B2B
4969,2025-07-04,P009,29,7999,False,0,Retail
4970,2025-07-05,P009,32,7999,False,0,Online
4971,2025-07-06,P009,33,7999,False,0,Online
4972,2025-07-07,P009,32,7999,False,0,Online
4973,2025-07-08,P009,28,7999,False,0,Online
4974,2025-07-09,P009,23,7999,False,0,Online
4975,2025-07-10,P009,27,7999,False,0,Online
4976,2025-07-11,P009,26,7999,False,0,B2B
4977,2025-07-12,P009,32,7999,False,0,Retail
4978,2025-07-13,P009,28,7999,False,0,Online
4979,2025-07-14,P009,32,7999,False,0,Retail
4980,2025-07-15,P009,23,7999,False,0,Online
4981,2025-07-16,P009,27,7999,False,0,Online
4982,2025-07-17,P009,35,7999,False,0,Online
4983,2025-07-18,P009,33,7999,False,0,B2B
4984,2025-07-19,P009,26,7999,False,0,B2B
4985,2025-07-20,P009,30,7999,False,0,Retail
4986,2025-07-21,P009,38,7999,False,0,Online
4987,2025-07-22,P009,30,7999,False,0,B2B
4988,2025-07-23,P009,32,7999,False,0,Online
4989,2025-07-24,P009,31,7999,False,0,Retail
4990,2025-07-25,P009,42,7999,False,0,Online
4991,2025-07-26,P009,21,7999,False,0,Online
4992,2025-07-27,P009,31,7999,False,0,Retail
4993,2025-07-28,P009,34,7999,True,5,Online
4994,2025-07-29,P009,34,7999,False,0,Online
4995,2025-07-30,P009,29,7999,False,0,Online
4996,2025-07-31,P009,30,7999,False,0,Retail
4997,2025-08-01,P009,42,7999,False,0,Retail
4998,2025-08-02,P009,45,7999,False,0,Retail
4999,2025-08-03,P009,38,7999,False,0,Online
5000,2025-08-04,P009,35,7999,False,0,Online
5001,2025-08-05,P009,37,7999,False,0,Online
5002,2025-08-06,P009,36,7999,False,0,Online
5003,2025-08-07,P009,31,7999,False,0,B2B
5004,2025-08-08,P009,43,7999,True,15,B2B
5005,2025-08-09,P009,35,7999,False,0,Online
5006,2025-08-10,P009,29,7999,False,0,Online
5007,2025-08-11,P009,69,7999,False,0,B2B
5008,2025-08-12,P009,40,7999,False,0,Retail
5009,2025-08-13,P009,34,7999,False,0,Online
5010,2025-08-14,P009,39,7999,False,0,Online
5011,2025-08-15,P009,46,7999,False,0,Online
5012,2025-08-16,P009,37,7999,False,0,Online
5013,2025-08-17,P009,34,7999,False,0,B2B
5014,2025-08-18,P009,38,7999,False,0,Retail
5015,2025-08-19,P009,38,7999,False,0,Online
5016,2025-08-20,P009,35,7999,False,0,Online
5017,2025-08-21,P009,28,7999,False,0,Online
5018,2025-08-22,P009,50,7999,False,0,Online
5019,2025-08-23,P009,34,7999,False,0,B2B
5020,2025-08-24,P009,35,7999,False,0,Retail
5021,2025-08-25,P009,38,7999,False,0,B2B
5022,2025-08-26,P009,36,7999,False,0,Online
5023,2025-08-27,P009,38,7999,False,0,Online
5024,2025-08-28,P009,41,7999,True,20,B2B
5025,2025-08-29,P009,51,7999,False,0,Online
5026,2025-08-30,P009,28,7999,False,0,B2B
5027,2025-08-31,P009,30,7999,False,0,Retail
5028,2025-09-01,P009,37,7999,False,0,Online
5029,2025-09-02,P009,44,7999,False,0,Retail
5030,2025-09-03,P009,38,7999,False,0,Online
5031,2025-09-04,P009,36,7999,True,5,Retail
5032,2025-09-05,P009,42,7999,False,0,B2B
5033,2025-09-06,P009,38,7999,False,0,Retail
5034,2025-09-07,P009,35,7999,False,0,B2B
5035,2025-09-08,P009,44,7999,True,5,Online
5036,2025-09-09,P009,52,7999,False,0,Online
5037,2025-09-10,P009,49,7999,False,0,Retail
5038,2025-09-11,P009,36,7999,False,0,B2B
5039,2025-09-12,P009,47,7999,False,0,Online
5040,2025-09-13,P009,34,7999,False,0,Online
5041,2025-09-14,P009,36,7999,False,0,Retail
5042,2025-09-15,P009,31,7999,False,0,Online
5043,2025-09-16,P009,36,7999,False,0,Online
5044,2025-09-17,P009,36,7999,False,0,Retail
5045,2025-09-18,P009,40,7999,False,0,Online
5046,2025-09-19,P009,44,7999,False,0,Retail
5047,2025-09-20,P009,26,7999,False,0,B2B
5048,2025-09-21,P009,33,7999,False,0,B2B
5049,2025-09-22,P009,45,7999,False,0,Online
5050,2025-09-23,P009,39,7999,False,0,B2B
5051,2025-09-24,P009,40,7999,False,0,B2B
5052,2025-09-25,P009,40,7999,False,0,Retail
5053,2025-09-26,P009,40,7999,False,0,Retail
5054,2025-09-27,P009,34,7999,False,0,Retail
5055,2025-09-28,P009,27,7999,False,0,Online
5056,2025-09-29,P009,32,7999,False,0,Online
5057,2025-09-30,P009,40,7999,False,0,Online
5058,2025-10-01,P009,35,7999,False,0,Retail
5059,2025-10-02,P009,35,7999,False,0,Online
5060,2025-10-03,P009,33,7999,False,0,B2B
5061,2025-10-04,P009,30,7999,False,0,Retail
5062,2025-10-05,P009,43,7999,True,10,Online
5063,2025-10-06,P009,35,7999,False,0,Retail
5064,2025-10-07,P009,32,7999,False,0,Online
5065,2025-10-08,P009,41,7999,False,0,Online
5066,2025-10-09,P009,37,7999,False,0,Retail
5067,2025-10-10,P009,39,7999,True,5,Online
5068,2025-10-11,P009,38,7999,False,0,Retail
5069,2025-10-12,P009,33,7999,False,0,B2B
5070,2025-10-13,P009,46,7999,True,10,Online
5071,2025-10-14,P009,32,7999,False,0,Online
5072,2025-10-15,P009,41,7999,True,5,Online
5073,2025-10-16,P009,37,7999,False,0,Retail
5074,2025-10-17,P009,31,7999,False,0,Online
5075,2025-10-18,P009,34,7999,False,0,Online
5076,2025-10-19,P009,34,7999,False,0,Online
5077,2025-10-20,P009,40,7999,True,5,B2B
5078,2025-10-21,P009,43,7999,False,0,Online
5079,2025-10-22,P009,39,7999,False,0,Online
5080,2025-10-23,P009,46,7999,False,0,Online
5081,2025-10-24,P009,33,7999,False,0,Online
5082,2025-10-25,P009,32,7999,False,0,Online
5083,2025-10-26,P009,32,7999,False,0,Retail
5084,2025-10-27,P009,31,7999,False,0,Retail
5085,2025-10-28,P009,54,7999,True,20,Retail
5086,2025-10-29,P009,47,7999,False,0,Retail
5087,2025-10-30,P009,38,7999,False,0,Online
5088,2025-10-31,P009,40,7999,False,0,Online
5089,2025-11-01,P009,35,7999,False,0,Online
5090,2025-11-02,P009,39,7999,True,20,Online
5091,2025-11-03,P009,31,7999,False,0,Online
5092,2025-11-04,P009,33,7999,False,0,Retail
5093,2025-11-05,P009,31,7999,False,0,Retail
5094,2025-11-06,P009,47,7999,False,0,Online
5095,2025-11-07,P009,37,7999,False,0,Online
5096,2025-11-08,P009,30,7999,False,0,Retail
5097,2025-11-09,P009,36,7999,False,0,Retail
5098,2025-11-10,P009,31,7999,False,0,B2B
5099,2025-11-11,P009,35,7999,False,0,Online
5100,2025-11-12,P009,36,7999,False,0,Online
5101,2025-11-13,P009,44,7999,False,0,Online
5102,2025-11-14,P009,40,7999,False,0,Retail
5103,2025-11-15,P009,34,7999,False,0,Online
5104,2025-11-16,P009,43,7999,True,20,Retail
5105,2025-11-17,P009,39,7999,False,0,Online
5106,2025-11-18,P009,40,7999,False,0,Online
5107,2025-11-19,P009,32,7999,False,0,Retail
5108,2025-11-20,P009,39,7999,False,0,Online
5109,2025-11-21,P009,32,7999,False,0,Online
5110,2025-11-22,P009,33,7999,False,0,Online
5111,2025-11-23,P009,30,7999,False,0,Retail
5112,2025-11-24,P009,63,7999,True,20,Retail
5113,2025-11-25,P009,37,7999,False,0,Retail
5114,2025-11-26,P009,32,7999,False,0,Retail
5115,2025-11-27,P009,43,7999,True,10,Retail
5116,2025-11-28,P009,49,7999,True,10,Online
5117,2025-11-29,P009,38,7999,False,0,Retail
5118,2025-11-30,P009,32,7999,False,0,Online
5119,2025-12-01,P009,31,7999,False,0,Retail
5120,2025-12-02,P009,39,7999,False,0,Retail
5121,2025-12-03,P009,31,7999,False,0,Online
5122,2025-12-04,P009,37,7999,False,0,Online
5123,2025-12-05,P009,38,7999,False,0,Online
5124,2025-12-06,P009,32,7999,False,0,Online
5125,2025-12-07,P009,35,7999,False,0,Online
5126,2025-12-08,P009,32,7999,False,0,Retail
5127,2025-12-09,P009,35,7999,False,0,B2B
5128,2025-12-10,P009,39,7999,False,0,Online
5129,2025-12-11,P009,40,7999,False,0,Online
5130,2025-12-12,P009,38,7999,False,0,Online
5131,2025-12-13,P009,32,7999,False,0,Retail
5132,2025-12-14,P009,38,7999,False,0,Online
5133,2025-12-15,P009,38,7999,False,0,Online
5134,2025-12-16,P009,48,7999,True,10,B2B
5135,2025-12-17,P009,30,7999,False,0,B2B
5136,2025-12-18,P009,45,7999,True,10,Retail
5137,2025-12-19,P009,37,7999,False,0,Online
5138,2025-12-20,P009,35,7999,False,0,Online
5139,2025-12-21,P009,34,7999,True,10,Online
5140,2025-12-22,P009,46,7999,True,20,Retail
5141,2025-12-23,P009,34,7999,False,0,Retail
5142,2025-12-24,P009,43,7999,False,0,Retail
5143,2025-12-25,P009,40,7999,False,0,Retail
5144,2025-12-26,P009,36,7999,False,0,B2B
5145,2025-12-27,P009,39,7999,False,0,Online
5146,2025-12-28,P009,33,7999,False,0,Online
5147,2025-12-29,P009,36,7999,False,0,Retail
5148,2025-12-30,P009,49,7999,False,0,Online
5149,2025-12-31,P009,39,7999,False,0,Online
5150,2026-01-01,P009,34,7999,False,0,Online
5151,2026-01-02,P009,39,7999,False,0,Online
5152,2026-01-03,P009,26,7999,False,0,Online
5153,2026-01-04,P009,32,7999,False,0,Online
5154,2026-01-05,P009,32,7999,False,0,B2B
5155,2026-01-06,P009,33,7999,True,10,Retail
5156,2026-01-07,P009,34,7999,False,0,Online
5157,2026-01-08,P009,34,7999,False,0,Online
5158,2026-01-09,P009,44,7999,False,0,Online
5159,2026-01-10,P009,29,7999,False,0,Online
5160,2026-01-11,P009,24,7999,False,0,Online
5161,2026-01-12,P009,42,7999,True,10,Retail
5162,2026-01-13,P009,25,7999,False,0,Online
5163,2026-01-14,P009,33,7999,False,0,B2B
5164,2026-01-15,P009,31,7999,False,0,Online
5165,2026-01-16,P009,34,7999,False,0,Online
5166,2026-01-17,P009,32,7999,False,0,Online
5167,2026-01-18,P009,28,7999,False,0,B2B
5168,2026-01-19,P009,40,7999,True,20,B2B
5169,2026-01-20,P009,29,7999,False,0,Online
5170,2026-01-21,P009,29,7999,False,0,Online
5171,2026-01-22,P009,34,7999,False,0,Online
5172,2026-01-23,P009,29,7999,False,0,Online
5173,2026-01-24,P009,29,7999,False,0,Retail
5174,2026-01-25,P009,24,7999,False,0,Online
5175,2026-01-26,P009,33,7999,False,0,Online
5176,2026-01-27,P009,39,7999,False,0,Retail
5177,2026-01-28,P009,28,7999,False,0,Online
5178,2026-01-29,P009,27,7999,False,0,B2B
5179,2026-01-30,P009,32,7999,False,0,Online
5180,2026-01-31,P009,29,7999,False,0,Retail
5181,2026-02-01,P009,29,7999,False,0,Online
5182,2026-02-02,P009,31,7999,False,0,Online
5183,2026-02-03,P009,34,7999,False,0,B2B
5184,2026-02-04,P009,33,7999,False,0,Retail
5185,2026-02-05,P009,36,7999,False,0,Online
5186,2026-02-06,P009,25,7999,False,0,Retail
5187,2026-02-07,P009,29,7999,False,0,Retail
5188,2026-02-08,P009,31,7999,False,0,Retail
5189,2026-02-09,P009,30,7999,False,0,Retail
5190,2026-02-10,P009,39,7999,False,0,Retail
5191,2026-02-11,P009,32,7999,False,0,Retail
5192,2026-02-12,P009,33,7999,False,0,Online
5193,2026-02-13,P009,36,7999,False,0,Online
5194,2026-02-14,P009,28,7999,False,0,Retail
5195,2026-02-15,P009,23,7999,False,0,Online
5196,2026-02-16,P009,30,7999,False,0,Online
5197,2026-02-17,P009,38,7999,False,0,Retail
5198,2026-02-18,P009,34,7999,False,0,Online
5199,2026-02-19,P009,30,7999,False,0,B2B
5200,2026-02-20,P009,36,7999,False,0,Online
5201,2026-02-21,P009,28,7999,False,0,Online
5202,2026-02-22,P009,29,7999,False,0,B2B
5203,2026-02-23,P009,32,7999,False,0,Retail
5204,2026-02-24,P009,34,7999,False,0,Online
5205,2026-02-25,P009,45,7999,True,5,Online
5206,2026-02-26,P009,38,7999,False,0,Online
5207,2026-02-27,P009,39,7999,False,0,B2B
5208,2026-02-28,P009,33,7999,True,15,Retail
5209,2026-03-01,P009,27,7999,False,0,Online
5210,2026-03-02,P009,60,7999,False,0,B2B
5211,2026-03-03,P009,35,7999,False,0,Online
5212,2026-03-04,P009,31,7999,False,0,Online
5213,2026-03-05,P009,44,7999,True,20,B2B
5214,2026-03-06,P009,38,7999,False,0,Online
5215,2026-03-07,P009,32,7999,False,0,Online
5216,2026-03-08,P009,34,7999,False,0,Online
5217,2026-03-09,P009,39,7999,False,0,Online
5218,2026-03-10,P009,30,7999,False,0,Retail
5219,2026-03-11,P009,32,7999,False,0,Retail
5220,2026-03-12,P009,29,7999,False,0,Online
5221,2026-03-13,P009,40,7999,False,0,Online
5222,2026-03-14,P009,32,7999,False,0,Online
5223,2026-03-15,P009,28,7999,False,0,Retail
5224,2026-03-16,P009,33,7999,False,0,Retail
5225,2026-03-17,P009,50,7999,False,0,Online
5226,2026-03-18,P009,33,7999,False,0,Retail
5227,2026-03-19,P009,35,7999,False,0,Online
5228,2026-03-20,P009,36,7999,False,0,Online
5229,2026-03-21,P009,31,7999,False,0,Online
5230,2026-03-22,P009,35,7999,False,0,Online
5231,2026-03-23,P009,57,7999,True,20,Retail
5232,2026-03-24,P009,37,7999,False,0,Retail
5233,2026-03-25,P009,31,7999,False,0,Online
5234,2026-03-26,P009,32,7999,False,0,Online
5235,2026-03-27,P009,43,7999,True,15,Online
5236,2026-03-28,P009,38,7999,False,0,Online
5237,2026-03-29,P009,28,7999,False,0,Online
5238,2026-03-30,P009,41,7999,False,0,Online
5239,2026-03-31,P009,35,7999,False,0,Online
5240,2026-04-01,P009,40,7999,False,0,Retail
5241,2026-04-02,P009,33,7999,False,0,Online
5242,2026-04-03,P009,30,7999,False,0,Retail
5243,2026-04-04,P009,35,7999,False,0,Retail
5244,2026-04-05,P009,31,7999,False,0,Online
5245,2026-04-06,P009,37,7999,False,0,Online
5246,2026-04-07,P009,35,7999,False,0,B2B
5247,2026-04-08,P009,30,7999,False,0,Online
5248,2026-04-09,P009,27,7999,False,0,Online
5249,2026-04-10,P009,35,7999,False,0,Retail
5250,2026-04-11,P009,32,7999,False,0,Retail
5251,2026-04-12,P009,29,7999,False,0,Online
5252,2026-04-13,P009,34,7999,False,0,Online
5253,2026-04-14,P009,35,7999,False,0,Retail
5254,2026-04-15,P009,30,7999,False,0,Online
5255,2026-04-16,P009,34,7999,False,0,Online
5256,2026-04-17,P009,32,7999,False,0,Retail
5257,2026-04-18,P009,30,7999,False,0,Online
5258,2026-04-19,P009,31,7999,False,0,Retail
5259,2026-04-20,P009,28,7999,False,0,Online
5260,2026-04-21,P009,43,7999,False,0,Online
5261,2026-04-22,P009,41,7999,False,0,Online
5262,2026-04-23,P009,30,7999,False,0,Online
5263,2026-04-24,P009,36,7999,False,0,Retail
5264,2026-04-25,P009,35,7999,False,0,Retail
5265,2026-04-26,P009,47,7999,True,20,Online
5266,2026-04-27,P009,34,7999,False,0,Online
5267,2026-04-28,P009,43,7999,False,0,Online
5268,2026-04-29,P009,32,7999,False,0,Online
5269,2026-04-30,P009,30,7999,False,0,Online
5270,2026-05-01,P009,39,7999,False,0,Retail
5271,2026-05-02,P009,36,7999,False,0,Online
5272,2026-05-03,P009,39,7999,False,0,Retail
5273,2026-05-04,P009,28,7999,False,0,Retail
5274,2026-05-05,P009,36,7999,False,0,Online
5275,2026-05-06,P009,32,7999,False,0,Online
5276,2026-05-07,P009,45,7999,True,20,Online
5277,2026-05-08,P009,28,7999,False,0,B2B
5278,2026-05-09,P009,26,7999,False,0,Online
5279,2026-05-10,P009,25,7999,False,0,Online
5280,2026-05-11,P009,34,7999,False,0,Online
5281,2026-05-12,P009,32,7999,False,0,Online
5282,2026-05-13,P009,38,7999,False,0,B2B
5283,2026-05-14,P009,37,7999,False,0,Online
5284,2026-05-15,P009,34,7999,False,0,Online
5285,2026-05-16,P009,33,7999,False,0,Retail
5286,2026-05-17,P009,30,7999,False,0,Retail
5287,2026-05-18,P009,31,7999,False,0,Online
5288,2026-05-19,P009,36,7999,False,0,Online
5289,2026-05-20,P009,31,7999,False,0,Retail
5290,2026-05-21,P009,40,7999,False,0,Online
5291,2026-05-22,P009,40,7999,False,0,Retail
5292,2026-05-23,P009,33,7999,False,0,B2B
5293,2026-05-24,P009,23,7999,False,0,Retail
5294,2026-05-25,P009,32,7999,False,0,Online
5295,2026-05-26,P009,40,7999,False,0,Retail
5296,2026-05-27,P009,35,7999,False,0,Online
5297,2026-05-28,P009,31,7999,False,0,Online
5298,2026-05-29,P009,40,7999,False,0,Online
5299,2026-05-30,P009,30,7999,False,0,Online
5300,2026-05-31,P009,29,7999,False,0,Online
5301,2026-06-01,P009,32,7999,False,0,Retail
5302,2026-06-02,P009,32,7999,False,0,Online
5303,2026-06-03,P009,34,7999,False,0,Online
5304,2026-06-04,P009,41,7999,True,10,B2B
5305,2026-06-05,P009,35,7999,False,0,Online
5306,2026-06-06,P009,32,7999,False,0,Online
5307,2026-06-07,P009,32,7999,False,0,Online
5308,2026-06-08,P009,33,7999,False,0,Online
5309,2026-06-09,P009,29,7999,False,0,Online
5310,2026-06-10,P009,30,7999,False,0,Online
5311,2026-06-11,P009,36,7999,False,0,Online
5312,2026-06-12,P009,42,7999,False,0,Online
5313,2026-06-13,P009,27,7999,False,0,Online
5314,2026-06-14,P009,28,7999,False,0,Retail
5315,2026-06-15,P009,34,7999,False,0,B2B
5316,2026-06-16,P009,31,7999,False,0,B2B
5317,2026-06-17,P009,36,7999,True,15,Online
5318,2026-06-18,P009,31,7999,False,0,B2B
5319,2026-06-19,P009,36,7999,False,0,Retail
5320,2026-06-20,P009,33,7999,False,0,Online
5321,2026-06-21,P009,32,7999,False,0,Online
5322,2026-06-22,P009,30,7999,False,0,B2B
5323,2026-06-23,P009,38,7999,True,5,B2B
5324,2026-06-24,P009,41,7999,True,5,Retail
5325,2026-06-25,P009,36,7999,False,0,Online
5326,2026-06-26,P009,36,7999,False,0,Online
5327,2026-06-27,P009,36,7999,True,15,Online
5328,2026-06-28,P009,31,7999,False,0,B2B
5329,2026-06-29,P009,37,7999,False,0,Online
5330,2026-06-30,P009,28,7999,False,0,Retail
5331,2026-07-01,P009,29,7999,False,0,Retail
5332,2026-07-02,P009,36,7999,False,0,Retail
5333,2026-07-03,P009,34,7999,False,0,B2B
5334,2026-07-04,P009,34,7999,False,0,Retail
5335,2026-07-05,P009,30,7999,False,0,Online
5336,2026-07-06,P009,35,7999,False,0,Online
5337,2026-07-07,P009,34,7999,False,0,Retail
5338,2026-07-08,P009,29,7999,False,0,Online
5339,2026-07-09,P009,39,7999,True,10,B2B
5340,2026-07-10,P009,38,7999,False,0,Retail
5341,2026-07-11,P009,24,7999,False,0,Online
5342,2026-07-12,P009,29,7999,False,0,Online
5343,2026-07-13,P009,26,7999,False,0,Retail
5344,2026-07-14,P009,31,7999,False,0,B2B
5345,2026-07-15,P009,32,7999,False,0,Online
5346,2026-07-16,P009,37,7999,False,0,Retail
5347,2026-07-17,P009,40,7999,True,15,Retail
5348,2026-07-18,P009,24,7999,False,0,Retail
5349,2026-07-19,P009,24,7999,False,0,B2B
5350,2026-07-20,P009,33,7999,False,0,Online
5351,2026-07-21,P009,40,7999,False,0,Retail
5352,2026-07-22,P009,32,7999,False,0,Online
5353,2026-07-23,P009,37,7999,False,0,Retail
5354,2026-07-24,P009,37,7999,False,0,B2B
5355,2026-07-25,P009,28,7999,False,0,Retail
5356,2026-07-26,P009,34,7999,False,0,B2B
5357,2026-07-27,P009,25,7999,False,0,Retail
5358,2026-07-28,P009,32,7999,False,0,Retail
5359,2026-07-29,P009,25,7999,False,0,Retail
5360,2026-07-30,P009,34,7999,False,0,Retail
5361,2026-07-31,P009,32,7999,False,0,Online
5362,2026-08-01,P009,37,7999,False,0,Retail
5363,2026-08-02,P009,36,7999,False,0,Retail
5364,2026-08-03,P009,38,7999,True,5,Retail
5365,2026-08-04,P009,51,7999,True,10,Online
5366,2026-08-05,P009,37,7999,False,0,Retail
5367,2026-08-06,P009,45,7999,False,0,Online
5368,2026-08-07,P009,40,7999,False,0,Retail
5369,2026-08-08,P009,34,7999,False,0,Online
5370,2026-08-09,P009,46,7999,False,0,Retail
5371,2026-08-10,P009,38,7999,False,0,Retail
5372,2026-08-11,P009,33,7999,False,0,Online
5373,2026-08-12,P009,34,7999,False,0,Online
5374,2026-08-13,P009,37,7999,False,0,Online
5375,2026-08-14,P009,47,7999,False,0,Online
5376,2026-08-15,P009,41,7999,False,0,Online
5377,2026-08-16,P009,45,7999,False,0,Online
5378,2026-08-17,P009,30,7999,False,0,Online
5379,2026-08-18,P009,43,7999,False,0,Online
5380,2026-08-19,P009,42,7999,False,0,Retail
5381,2026-08-20,P009,39,7999,False,0,Online
5382,2026-08-21,P009,34,7999,False,0,Retail
5383,2025-01-01,P010,35,4999,False,0,Online
5384,2025-01-02,P010,47,4999,False,0,Retail
5385,2025-01-03,P010,43,4999,False,0,Retail
5386,2025-01-04,P010,35,4999,False,0,Retail
5387,2025-01-05,P010,40,4999,False,0,Online
5388,2025-01-06,P010,32,4999,False,0,Online
5389,2025-01-07,P010,33,4999,False,0,Online
5390,2025-01-08,P010,29,4999,False,0,Online
5391,2025-01-09,P010,36,4999,False,0,Retail
5392,2025-01-10,P010,40,4999,False,0,Online
5393,2025-01-11,P010,35,4999,False,0,Retail
5394,2025-01-12,P010,35,4999,False,0,Retail
5395,2025-01-13,P010,33,4999,False,0,Online
5396,2025-01-14,P010,43,4999,False,0,Retail
5397,2025-01-15,P010,40,4999,False,0,B2B
5398,2025-01-16,P010,43,4999,False,0,Online
5399,2025-01-17,P010,30,4999,False,0,Online
5400,2025-01-18,P010,36,4999,False,0,B2B
5401,2025-01-19,P010,30,4999,False,0,B2B
5402,2025-01-20,P010,37,4999,False,0,Online
5403,2025-01-21,P010,42,4999,False,0,Online
5404,2025-01-22,P010,40,4999,False,0,Online
5405,2025-01-23,P010,35,4999,False,0,B2B
5406,2025-01-24,P010,39,4999,False,0,Retail
5407,2025-01-25,P010,28,4999,False,0,B2B
5408,2025-01-26,P010,39,4999,False,0,Retail
5409,2025-01-27,P010,38,4999,False,0,Retail
5410,2025-01-28,P010,45,4999,False,0,Online
5411,2025-01-29,P010,37,4999,False,0,Online
5412,2025-01-30,P010,37,4999,False,0,Retail
5413,2025-01-31,P010,36,4999,False,0,Online
5414,2025-02-01,P010,38,4999,False,0,Retail
5415,2025-02-02,P010,32,4999,False,0,Retail
5416,2025-02-03,P010,43,4999,False,0,Online
5417,2025-02-04,P010,50,4999,True,20,Online
5418,2025-02-05,P010,30,4999,False,0,Online
5419,2025-02-06,P010,37,4999,False,0,Online
5420,2025-02-07,P010,34,4999,False,0,Online
5421,2025-02-08,P010,35,4999,False,0,B2B
5422,2025-02-09,P010,30,4999,False,0,Online
5423,2025-02-10,P010,44,4999,False,0,Online
5424,2025-02-11,P010,39,4999,False,0,Retail
5425,2025-02-12,P010,39,4999,False,0,Online
5426,2025-02-13,P010,43,4999,False,0,Retail
5427,2025-02-14,P010,44,4999,False,0,Retail
5428,2025-02-15,P010,35,4999,False,0,Retail
5429,2025-02-16,P010,32,4999,False,0,Online
5430,2025-02-17,P010,31,4999,False,0,Online
5431,2025-02-18,P010,36,4999,False,0,B2B
5432,2025-02-19,P010,37,4999,False,0,Online
5433,2025-02-20,P010,47,4999,True,10,Online
5434,2025-02-21,P010,38,4999,False,0,Online
5435,2025-02-22,P010,38,4999,False,0,Retail
5436,2025-02-23,P010,32,4999,False,0,Online
5437,2025-02-24,P010,40,4999,False,0,B2B
5438,2025-02-25,P010,45,4999,False,0,Online
5439,2025-02-26,P010,42,4999,False,0,Retail
5440,2025-02-27,P010,39,4999,False,0,Retail
5441,2025-02-28,P010,39,4999,True,5,Online
5442,2025-03-01,P010,41,4999,True,15,Online
5443,2025-03-02,P010,33,4999,False,0,Retail
5444,2025-03-03,P010,42,4999,True,5,Online
5445,2025-03-04,P010,46,4999,False,0,Online
5446,2025-03-05,P010,41,4999,False,0,B2B
5447,2025-03-06,P010,35,4999,False,0,B2B
5448,2025-03-07,P010,51,4999,False,0,Online
5449,2025-03-08,P010,39,4999,False,0,B2B
5450,2025-03-09,P010,31,4999,False,0,Online
5451,2025-03-10,P010,39,4999,False,0,Online
5452,2025-03-11,P010,42,4999,False,0,Retail
5453,2025-03-12,P010,51,4999,False,0,Online
5454,2025-03-13,P010,36,4999,False,0,Retail
5455,2025-03-14,P010,46,4999,False,0,Online
5456,2025-03-15,P010,43,4999,False,0,Retail
5457,2025-03-16,P010,34,4999,False,0,Retail
5458,2025-03-17,P010,40,4999,False,0,Retail
5459,2025-03-18,P010,36,4999,False,0,Retail
5460,2025-03-19,P010,41,4999,False,0,Online
5461,2025-03-20,P010,42,4999,False,0,B2B
5462,2025-03-21,P010,45,4999,False,0,Online
5463,2025-03-22,P010,42,4999,False,0,Retail
5464,2025-03-23,P010,33,4999,False,0,Retail
5465,2025-03-24,P010,32,4999,False,0,Retail
5466,2025-03-25,P010,42,4999,False,0,Online
5467,2025-03-26,P010,51,4999,True,10,Online
5468,2025-03-27,P010,43,4999,False,0,B2B
5469,2025-03-28,P010,49,4999,True,15,Online
5470,2025-03-29,P010,38,4999,False,0,Retail
5471,2025-03-30,P010,55,4999,True,15,Retail
5472,2025-03-31,P010,43,4999,False,0,Retail
5473,2025-04-01,P010,40,4999,False,0,Online
5474,2025-04-02,P010,39,4999,False,0,B2B
5475,2025-04-03,P010,50,4999,True,15,B2B
5476,2025-04-04,P010,51,4999,False,0,B2B
5477,2025-04-05,P010,37,4999,False,0,Online
5478,2025-04-06,P010,37,4999,False,0,Retail
5479,2025-04-07,P010,39,4999,False,0,Retail
5480,2025-04-08,P010,47,4999,False,0,B2B
5481,2025-04-09,P010,52,4999,False,0,B2B
5482,2025-04-10,P010,45,4999,False,0,Online
5483,2025-04-11,P010,43,4999,False,0,Online
5484,2025-04-12,P010,48,4999,True,20,Online
5485,2025-04-13,P010,26,4999,False,0,Online
5486,2025-04-14,P010,57,4999,True,15,Retail
5487,2025-04-15,P010,42,4999,False,0,Online
5488,2025-04-16,P010,44,4999,False,0,Online
5489,2025-04-17,P010,39,4999,False,0,Retail
5490,2025-04-18,P010,40,4999,False,0,Retail
5491,2025-04-19,P010,35,4999,False,0,Online
5492,2025-04-20,P010,42,4999,False,0,Online
5493,2025-04-21,P010,39,4999,False,0,Retail
5494,2025-04-22,P010,52,4999,False,0,Retail
5495,2025-04-23,P010,45,4999,False,0,B2B
5496,2025-04-24,P010,36,4999,False,0,B2B
5497,2025-04-25,P010,42,4999,False,0,Retail
5498,2025-04-26,P010,46,4999,True,20,Retail
5499,2025-04-27,P010,28,4999,False,0,B2B
5500,2025-04-28,P010,51,4999,False,0,Online
5501,2025-04-29,P010,46,4999,False,0,Online
5502,2025-04-30,P010,45,4999,False,0,Online
5503,2025-05-01,P010,41,4999,False,0,Online
5504,2025-05-02,P010,34,4999,False,0,Retail
5505,2025-05-03,P010,33,4999,False,0,Online
5506,2025-05-04,P010,40,4999,False,0,Online
5507,2025-05-05,P010,35,4999,False,0,Online
5508,2025-05-06,P010,28,4999,False,0,Retail
5509,2025-05-07,P010,46,4999,True,10,Retail
5510,2025-05-08,P010,39,4999,False,0,Retail
5511,2025-05-09,P010,42,4999,False,0,B2B
5512,2025-05-10,P010,38,4999,False,0,Online
5513,2025-05-11,P010,39,4999,False,0,B2B
5514,2025-05-12,P010,42,4999,False,0,Retail
5515,2025-05-13,P010,46,4999,False,0,Retail
5516,2025-05-14,P010,34,4999,False,0,Retail
5517,2025-05-15,P010,43,4999,False,0,Retail
5518,2025-05-16,P010,47,4999,True,5,Online
5519,2025-05-17,P010,30,4999,False,0,Online
5520,2025-05-18,P010,38,4999,True,20,Online
5521,2025-05-19,P010,36,4999,False,0,Online
5522,2025-05-20,P010,37,4999,False,0,Online
5523,2025-05-21,P010,43,4999,False,0,Online
5524,2025-05-22,P010,38,4999,False,0,Online
5525,2025-05-23,P010,36,4999,False,0,B2B
5526,2025-05-24,P010,33,4999,False,0,Retail
5527,2025-05-25,P010,40,4999,False,0,Online
5528,2025-05-26,P010,41,4999,False,0,Online
5529,2025-05-27,P010,39,4999,False,0,Online
5530,2025-05-28,P010,41,4999,False,0,Online
5531,2025-05-29,P010,47,4999,False,0,Online
5532,2025-05-30,P010,36,4999,False,0,Online
5533,2025-05-31,P010,41,4999,False,0,B2B
5534,2025-06-01,P010,36,4999,False,0,Online
5535,2025-06-02,P010,40,4999,False,0,Retail
5536,2025-06-03,P010,52,4999,False,0,Retail
5537,2025-06-04,P010,35,4999,False,0,Online
5538,2025-06-05,P010,39,4999,False,0,Retail
5539,2025-06-06,P010,34,4999,False,0,B2B
5540,2025-06-07,P010,40,4999,False,0,Online
5541,2025-06-08,P010,43,4999,False,0,Online
5542,2025-06-09,P010,49,4999,False,0,Online
5543,2025-06-10,P010,46,4999,False,0,Online
5544,2025-06-11,P010,41,4999,False,0,B2B
5545,2025-06-12,P010,38,4999,False,0,Online
5546,2025-06-13,P010,33,4999,False,0,Online
5547,2025-06-14,P010,43,4999,False,0,Online
5548,2025-06-15,P010,37,4999,False,0,Online
5549,2025-06-16,P010,42,4999,True,5,Online
5550,2025-06-17,P010,48,4999,False,0,Online
5551,2025-06-18,P010,37,4999,False,0,Online
5552,2025-06-19,P010,43,4999,False,0,B2B
5553,2025-06-20,P010,39,4999,False,0,Retail
5554,2025-06-21,P010,40,4999,False,0,Retail
5555,2025-06-22,P010,36,4999,False,0,Online
5556,2025-06-23,P010,35,4999,False,0,B2B
5557,2025-06-24,P010,51,4999,True,15,Online
5558,2025-06-25,P010,45,4999,False,0,Retail
5559,2025-06-26,P010,42,4999,False,0,Retail
5560,2025-06-27,P010,57,4999,True,20,Online
5561,2025-06-28,P010,31,4999,False,0,Online
5562,2025-06-29,P010,36,4999,False,0,Online
5563,2025-06-30,P010,39,4999,False,0,Retail
5564,2025-07-01,P010,44,4999,False,0,Online
5565,2025-07-02,P010,48,4999,True,10,Retail
5566,2025-07-03,P010,44,4999,False,0,Online
5567,2025-07-04,P010,46,4999,False,0,Online
5568,2025-07-05,P010,38,4999,False,0,Online
5569,2025-07-06,P010,37,4999,False,0,Online
5570,2025-07-07,P010,36,4999,False,0,Online
5571,2025-07-08,P010,40,4999,False,0,Retail
5572,2025-07-09,P010,39,4999,False,0,B2B
5573,2025-07-10,P010,39,4999,False,0,Online
5574,2025-07-11,P010,40,4999,False,0,B2B
5575,2025-07-12,P010,37,4999,True,10,Online
5576,2025-07-13,P010,28,4999,False,0,Retail
5577,2025-07-14,P010,37,4999,False,0,Retail
5578,2025-07-15,P010,41,4999,False,0,Retail
5579,2025-07-16,P010,34,4999,False,0,Online
5580,2025-07-17,P010,40,4999,False,0,Online
5581,2025-07-18,P010,50,4999,False,0,Retail
5582,2025-07-19,P010,40,4999,False,0,Online
5583,2025-07-20,P010,45,4999,False,0,Online
5584,2025-07-21,P010,44,4999,False,0,Online
5585,2025-07-22,P010,46,4999,False,0,Online
5586,2025-07-23,P010,39,4999,False,0,Retail
5587,2025-07-24,P010,38,4999,False,0,Online
5588,2025-07-25,P010,27,4999,False,0,Retail
5589,2025-07-26,P010,42,4999,False,0,Online
5590,2025-07-27,P010,58,4999,False,0,Retail
5591,2025-07-28,P010,40,4999,False,0,B2B
5592,2025-07-29,P010,41,4999,False,0,B2B
5593,2025-07-30,P010,38,4999,False,0,Retail
5594,2025-07-31,P010,42,4999,False,0,Retail
5595,2025-08-01,P010,57,4999,False,0,Retail
5596,2025-08-02,P010,34,4999,False,0,Online
5597,2025-08-03,P010,45,4999,False,0,Online
5598,2025-08-04,P010,46,4999,False,0,Online
5599,2025-08-05,P010,52,4999,False,0,Retail
5600,2025-08-06,P010,53,4999,False,0,Online
5601,2025-08-07,P010,49,4999,False,0,Online
5602,2025-08-08,P010,49,4999,False,0,Online
5603,2025-08-09,P010,42,4999,False,0,Online
5604,2025-08-10,P010,49,4999,False,0,B2B
5605,2025-08-11,P010,53,4999,False,0,B2B
5606,2025-08-12,P010,52,4999,False,0,Online
5607,2025-08-13,P010,40,4999,False,0,Retail
5608,2025-08-14,P010,47,4999,False,0,Online
5609,2025-08-15,P010,53,4999,False,0,Retail
5610,2025-08-16,P010,43,4999,False,0,B2B
5611,2025-08-17,P010,52,4999,True,5,Retail
5612,2025-08-18,P010,60,4999,False,0,Online
5613,2025-08-19,P010,55,4999,False,0,Online
5614,2025-08-20,P010,51,4999,False,0,Retail
5615,2025-08-21,P010,45,4999,False,0,B2B
5616,2025-08-22,P010,35,4999,False,0,Retail
5617,2025-08-23,P010,44,4999,False,0,Retail
5618,2025-08-24,P010,41,4999,False,0,B2B
5619,2025-08-25,P010,65,4999,True,15,Online
5620,2025-08-26,P010,58,4999,True,10,Retail
5621,2025-08-27,P010,49,4999,False,0,Online
5622,2025-08-28,P010,38,4999,False,0,Online
5623,2025-08-29,P010,43,4999,False,0,Online
5624,2025-08-30,P010,48,4999,False,0,Retail
5625,2025-08-31,P010,51,4999,False,0,Retail
5626,2025-09-01,P010,49,4999,False,0,Online
5627,2025-09-02,P010,62,4999,True,15,Online
5628,2025-09-03,P010,55,4999,False,0,Online
5629,2025-09-04,P010,44,4999,False,0,Retail
5630,2025-09-05,P010,51,4999,False,0,Online
5631,2025-09-06,P010,43,4999,True,5,Online
5632,2025-09-07,P010,51,4999,False,0,Online
5633,2025-09-08,P010,49,4999,False,0,Online
5634,2025-09-09,P010,50,4999,False,0,B2B
5635,2025-09-10,P010,47,4999,False,0,Retail
5636,2025-09-11,P010,55,4999,False,0,Retail
5637,2025-09-12,P010,62,4999,False,0,Online
5638,2025-09-13,P010,41,4999,False,0,Online
5639,2025-09-14,P010,43,4999,False,0,Online
5640,2025-09-15,P010,53,4999,False,0,Online
5641,2025-09-16,P010,52,4999,False,0,B2B
5642,2025-09-17,P010,46,4999,False,0,Online
5643,2025-09-18,P010,33,4999,False,0,Online
5644,2025-09-19,P010,58,4999,False,0,Online
5645,2025-09-20,P010,47,4999,False,0,Retail
5646,2025-09-21,P010,35,4999,False,0,Retail
5647,2025-09-22,P010,45,4999,False,0,Online
5648,2025-09-23,P010,57,4999,False,0,Online
5649,2025-09-24,P010,58,4999,False,0,Online
5650,2025-09-25,P010,95,4999,False,0,Online
5651,2025-09-26,P010,47,4999,False,0,Retail
5652,2025-09-27,P010,44,4999,False,0,Online
5653,2025-09-28,P010,42,4999,False,0,Online
5654,2025-09-29,P010,56,4999,False,0,Online
5655,2025-09-30,P010,43,4999,False,0,Online
5656,2025-10-01,P010,42,4999,False,0,Retail
5657,2025-10-02,P010,54,4999,False,0,Retail
5658,2025-10-03,P010,49,4999,False,0,Retail
5659,2025-10-04,P010,52,4999,False,0,B2B
5660,2025-10-05,P010,41,4999,False,0,Online
5661,2025-10-06,P010,46,4999,False,0,Retail
5662,2025-10-07,P010,45,4999,False,0,Online
5663,2025-10-08,P010,52,4999,True,5,Online
5664,2025-10-09,P010,41,4999,False,0,Online
5665,2025-10-10,P010,44,4999,False,0,Retail
5666,2025-10-11,P010,35,4999,False,0,B2B
5667,2025-10-12,P010,44,4999,False,0,Retail
5668,2025-10-13,P010,52,4999,False,0,Retail
5669,2025-10-14,P010,37,4999,False,0,Online
5670,2025-10-15,P010,55,4999,False,0,Online
5671,2025-10-16,P010,64,4999,False,0,Online
5672,2025-10-17,P010,47,4999,False,0,Online
5673,2025-10-18,P010,41,4999,False,0,B2B
5674,2025-10-19,P010,56,4999,False,0,Online
5675,2025-10-20,P010,39,4999,False,0,Online
5676,2025-10-21,P010,46,4999,False,0,Retail
5677,2025-10-22,P010,49,4999,False,0,Retail
5678,2025-10-23,P010,56,4999,False,0,Retail
5679,2025-10-24,P010,63,4999,True,15,Retail
5680,2025-10-25,P010,38,4999,False,0,Online
5681,2025-10-26,P010,36,4999,False,0,Online
5682,2025-10-27,P010,47,4999,False,0,Online
5683,2025-10-28,P010,42,4999,False,0,B2B
5684,2025-10-29,P010,47,4999,False,0,Online
5685,2025-10-30,P010,52,4999,True,10,Retail
5686,2025-10-31,P010,40,4999,False,0,Online
5687,2025-11-01,P010,51,4999,False,0,Retail
5688,2025-11-02,P010,42,4999,False,0,Online
5689,2025-11-03,P010,43,4999,False,0,Online
5690,2025-11-04,P010,46,4999,False,0,Online
5691,2025-11-05,P010,49,4999,False,0,Online
5692,2025-11-06,P010,40,4999,False,0,Online
5693,2025-11-07,P010,52,4999,True,5,Retail
5694,2025-11-08,P010,50,4999,True,20,Online
5695,2025-11-09,P010,53,4999,False,0,Retail
5696,2025-11-10,P010,52,4999,False,0,Online
5697,2025-11-11,P010,48,4999,False,0,Retail
5698,2025-11-12,P010,46,4999,False,0,Online
5699,2025-11-13,P010,50,4999,False,0,Online
5700,2025-11-14,P010,54,4999,False,0,Online
5701,2025-11-15,P010,48,4999,True,5,Retail
5702,2025-11-16,P010,42,4999,False,0,Retail
5703,2025-11-17,P010,50,4999,False,0,Retail
5704,2025-11-18,P010,48,4999,False,0,B2B
5705,2025-11-19,P010,46,4999,False,0,Retail
5706,2025-11-20,P010,39,4999,False,0,Online
5707,2025-11-21,P010,69,4999,True,15,Retail
5708,2025-11-22,P010,58,4999,True,20,Retail
5709,2025-11-23,P010,40,4999,False,0,Online
5710,2025-11-24,P010,57,4999,False,0,Online
5711,2025-11-25,P010,52,4999,False,0,Online
5712,2025-11-26,P010,44,4999,False,0,Online
5713,2025-11-27,P010,53,4999,False,0,Retail
5714,2025-11-28,P010,67,4999,True,15,B2B
5715,2025-11-29,P010,76,4999,False,0,Online
5716,2025-11-30,P010,43,4999,False,0,Online
5717,2025-12-01,P010,49,4999,False,0,Retail
5718,2025-12-02,P010,45,4999,False,0,B2B
5719,2025-12-03,P010,54,4999,False,0,Retail
5720,2025-12-04,P010,37,4999,False,0,B2B
5721,2025-12-05,P010,46,4999,False,0,Online
5722,2025-12-06,P010,52,4999,False,0,B2B
5723,2025-12-07,P010,39,4999,False,0,Online
5724,2025-12-08,P010,43,4999,False,0,Retail
5725,2025-12-09,P010,44,4999,False,0,Online
5726,2025-12-10,P010,41,4999,False,0,Retail
5727,2025-12-11,P010,34,4999,False,0,Retail
5728,2025-12-12,P010,45,4999,False,0,Online
5729,2025-12-13,P010,44,4999,False,0,Retail
5730,2025-12-14,P010,56,4999,True,15,Online
5731,2025-12-15,P010,47,4999,False,0,Online
5732,2025-12-16,P010,49,4999,False,0,B2B
5733,2025-12-17,P010,58,4999,False,0,Retail
5734,2025-12-18,P010,51,4999,False,0,Online
5735,2025-12-19,P010,53,4999,True,15,Online
5736,2025-12-20,P010,44,4999,False,0,Retail
5737,2025-12-21,P010,51,4999,True,10,B2B
5738,2025-12-22,P010,56,4999,False,0,Retail
5739,2025-12-23,P010,45,4999,False,0,Online
5740,2025-12-24,P010,61,4999,True,15,Online
5741,2025-12-25,P010,52,4999,False,0,Retail
5742,2025-12-26,P010,43,4999,False,0,Online
5743,2025-12-27,P010,44,4999,False,0,Retail
5744,2025-12-28,P010,37,4999,False,0,Online
5745,2025-12-29,P010,67,4999,False,0,Online
5746,2025-12-30,P010,52,4999,False,0,Retail
5747,2025-12-31,P010,44,4999,False,0,Online
5748,2026-01-01,P010,42,4999,False,0,Retail
5749,2026-01-02,P010,45,4999,False,0,B2B
5750,2026-01-03,P010,31,4999,False,0,Online
5751,2026-01-04,P010,36,4999,False,0,Online
5752,2026-01-05,P010,38,4999,False,0,Retail
5753,2026-01-06,P010,49,4999,False,0,Retail
5754,2026-01-07,P010,38,4999,False,0,B2B
5755,2026-01-08,P010,43,4999,False,0,Online
5756,2026-01-09,P010,40,4999,False,0,Online
5757,2026-01-10,P010,42,4999,False,0,Online
5758,2026-01-11,P010,38,4999,False,0,Online
5759,2026-01-12,P010,43,4999,False,0,Online
5760,2026-01-13,P010,47,4999,False,0,Retail
5761,2026-01-14,P010,45,4999,False,0,Online
5762,2026-01-15,P010,47,4999,False,0,Online
5763,2026-01-16,P010,39,4999,False,0,Online
5764,2026-01-17,P010,32,4999,False,0,Online
5765,2026-01-18,P010,38,4999,False,0,Online
5766,2026-01-19,P010,40,4999,False,0,Retail
5767,2026-01-20,P010,76,4999,False,0,B2B
5768,2026-01-21,P010,41,4999,False,0,Online
5769,2026-01-22,P010,46,4999,False,0,Retail
5770,2026-01-23,P010,34,4999,False,0,B2B
5771,2026-01-24,P010,48,4999,False,0,Online
5772,2026-01-25,P010,38,4999,False,0,Online
5773,2026-01-26,P010,48,4999,False,0,Online
5774,2026-01-27,P010,37,4999,False,0,Online
5775,2026-01-28,P010,42,4999,False,0,Online
5776,2026-01-29,P010,34,4999,False,0,Retail
5777,2026-01-30,P010,48,4999,False,0,Online
5778,2026-01-31,P010,38,4999,False,0,Retail
5779,2026-02-01,P010,37,4999,False,0,Online
5780,2026-02-02,P010,47,4999,False,0,Retail
5781,2026-02-03,P010,38,4999,False,0,Online
5782,2026-02-04,P010,41,4999,False,0,Online
5783,2026-02-05,P010,57,4999,True,20,Retail
5784,2026-02-06,P010,56,4999,False,0,Retail
5785,2026-02-07,P010,38,4999,False,0,Online
5786,2026-02-08,P010,42,4999,False,0,Online
5787,2026-02-09,P010,48,4999,True,10,Online
5788,2026-02-10,P010,53,4999,False,0,Retail
5789,2026-02-11,P010,34,4999,False,0,Online
5790,2026-02-12,P010,41,4999,False,0,Online
5791,2026-02-13,P010,36,4999,False,0,B2B
5792,2026-02-14,P010,26,4999,False,0,Retail
5793,2026-02-15,P010,41,4999,False,0,Online
5794,2026-02-16,P010,41,4999,False,0,Online
5795,2026-02-17,P010,41,4999,False,0,Online
5796,2026-02-18,P010,40,4999,False,0,Online
5797,2026-02-19,P010,63,4999,False,0,Online
5798,2026-02-20,P010,41,4999,False,0,Online
5799,2026-02-21,P010,39,4999,False,0,Retail
5800,2026-02-22,P010,37,4999,False,0,Online
5801,2026-02-23,P010,42,4999,False,0,Online
5802,2026-02-24,P010,40,4999,False,0,Online
5803,2026-02-25,P010,38,4999,False,0,Retail
5804,2026-02-26,P010,49,4999,False,0,Retail
5805,2026-02-27,P010,47,4999,False,0,Online
5806,2026-02-28,P010,40,4999,False,0,Online
5807,2026-03-01,P010,28,4999,False,0,Online
5808,2026-03-02,P010,46,4999,False,0,Online
5809,2026-03-03,P010,58,4999,False,0,B2B
5810,2026-03-04,P010,42,4999,False,0,Retail
5811,2026-03-05,P010,52,4999,False,0,Online
5812,2026-03-06,P010,57,4999,False,0,Online
5813,2026-03-07,P010,40,4999,False,0,Online
5814,2026-03-08,P010,38,4999,False,0,Retail
5815,2026-03-09,P010,30,4999,False,0,Retail
5816,2026-03-10,P010,49,4999,False,0,Online
5817,2026-03-11,P010,43,4999,False,0,Online
5818,2026-03-12,P010,45,4999,False,0,Retail
5819,2026-03-13,P010,40,4999,False,0,Online
5820,2026-03-14,P010,45,4999,True,5,B2B
5821,2026-03-15,P010,41,4999,False,0,Retail
5822,2026-03-16,P010,51,4999,True,10,Online
5823,2026-03-17,P010,41,4999,False,0,B2B
5824,2026-03-18,P010,56,4999,False,0,Online
5825,2026-03-19,P010,40,4999,False,0,Retail
5826,2026-03-20,P010,45,4999,True,20,Retail
5827,2026-03-21,P010,37,4999,False,0,Retail
5828,2026-03-22,P010,38,4999,False,0,Online
5829,2026-03-23,P010,49,4999,False,0,Online
5830,2026-03-24,P010,53,4999,False,0,Online
5831,2026-03-25,P010,45,4999,False,0,Online
5832,2026-03-26,P010,43,4999,False,0,Online
5833,2026-03-27,P010,56,4999,True,20,Retail
5834,2026-03-28,P010,45,4999,False,0,Online
5835,2026-03-29,P010,44,4999,False,0,Online
5836,2026-03-30,P010,42,4999,False,0,Online
5837,2026-03-31,P010,39,4999,True,5,Retail
5838,2026-04-01,P010,51,4999,False,0,Retail
5839,2026-04-02,P010,44,4999,True,10,Online
5840,2026-04-03,P010,49,4999,True,10,Retail
5841,2026-04-04,P010,51,4999,True,15,Online
5842,2026-04-05,P010,34,4999,False,0,Online
5843,2026-04-06,P010,35,4999,False,0,Online
5844,2026-04-07,P010,38,4999,True,10,Online
5845,2026-04-08,P010,52,4999,False,0,Retail
5846,2026-04-09,P010,70,4999,False,0,Retail
5847,2026-04-10,P010,84,4999,True,20,Retail
5848,2026-04-11,P010,36,4999,False,0,Retail
5849,2026-04-12,P010,37,4999,False,0,Online
5850,2026-04-13,P010,45,4999,True,5,B2B
5851,2026-04-14,P010,51,4999,False,0,Online
5852,2026-04-15,P010,42,4999,False,0,Retail
5853,2026-04-16,P010,52,4999,False,0,Online
5854,2026-04-17,P010,44,4999,True,5,Retail
5855,2026-04-18,P010,31,4999,False,0,Online
5856,2026-04-19,P010,34,4999,False,0,Retail
5857,2026-04-20,P010,33,4999,False,0,Online
5858,2026-04-21,P010,56,4999,True,20,Retail
5859,2026-04-22,P010,41,4999,False,0,Online
5860,2026-04-23,P010,40,4999,False,0,Online
5861,2026-04-24,P010,50,4999,False,0,B2B
5862,2026-04-25,P010,46,4999,False,0,Online
5863,2026-04-26,P010,37,4999,False,0,B2B
5864,2026-04-27,P010,36,4999,False,0,Online
5865,2026-04-28,P010,40,4999,False,0,Retail
5866,2026-04-29,P010,41,4999,False,0,Online
5867,2026-04-30,P010,42,4999,False,0,Online
5868,2026-05-01,P010,38,4999,False,0,Online
5869,2026-05-02,P010,35,4999,False,0,Online
5870,2026-05-03,P010,38,4999,False,0,Online
5871,2026-05-04,P010,41,4999,False,0,Online
5872,2026-05-05,P010,49,4999,False,0,Online
5873,2026-05-06,P010,44,4999,False,0,Retail
5874,2026-05-07,P010,42,4999,False,0,Retail
5875,2026-05-08,P010,53,4999,False,0,Retail
5876,2026-05-09,P010,34,4999,False,0,Online
5877,2026-05-10,P010,30,4999,False,0,Retail
5878,2026-05-11,P010,43,4999,False,0,Retail
5879,2026-05-12,P010,43,4999,False,0,Online
5880,2026-05-13,P010,42,4999,False,0,Online
5881,2026-05-14,P010,39,4999,True,10,Online
5882,2026-05-15,P010,51,4999,False,0,Online
5883,2026-05-16,P010,45,4999,True,5,Retail
5884,2026-05-17,P010,35,4999,False,0,Retail
5885,2026-05-18,P010,35,4999,False,0,Retail
5886,2026-05-19,P010,55,4999,False,0,Online
5887,2026-05-20,P010,39,4999,False,0,Online
5888,2026-05-21,P010,37,4999,False,0,Online
5889,2026-05-22,P010,31,4999,False,0,B2B
5890,2026-05-23,P010,36,4999,False,0,Retail
5891,2026-05-24,P010,35,4999,False,0,Online
5892,2026-05-25,P010,48,4999,False,0,B2B
5893,2026-05-26,P010,38,4999,False,0,B2B
5894,2026-05-27,P010,34,4999,False,0,B2B
5895,2026-05-28,P010,46,4999,False,0,Retail
5896,2026-05-29,P010,52,4999,False,0,Retail
5897,2026-05-30,P010,30,4999,False,0,Online
5898,2026-05-31,P010,47,4999,False,0,Retail
5899,2026-06-01,P010,46,4999,False,0,Retail
5900,2026-06-02,P010,54,4999,False,0,Online
5901,2026-06-03,P010,47,4999,False,0,Online
5902,2026-06-04,P010,29,4999,False,0,Online
5903,2026-06-05,P010,46,4999,False,0,Online
5904,2026-06-06,P010,58,4999,True,15,Online
5905,2026-06-07,P010,37,4999,False,0,Online
5906,2026-06-08,P010,42,4999,False,0,Online
5907,2026-06-09,P010,44,4999,False,0,Retail
5908,2026-06-10,P010,31,4999,False,0,Retail
5909,2026-06-11,P010,54,4999,False,0,Online
5910,2026-06-12,P010,38,4999,False,0,Online
5911,2026-06-13,P010,45,4999,False,0,Online
5912,2026-06-14,P010,47,4999,True,10,B2B
5913,2026-06-15,P010,47,4999,False,0,B2B
5914,2026-06-16,P010,44,4999,False,0,Online
5915,2026-06-17,P010,47,4999,False,0,Retail
5916,2026-06-18,P010,51,4999,True,20,Retail
5917,2026-06-19,P010,47,4999,False,0,Retail
5918,2026-06-20,P010,29,4999,False,0,Online
5919,2026-06-21,P010,39,4999,False,0,Retail
5920,2026-06-22,P010,39,4999,False,0,Retail
5921,2026-06-23,P010,52,4999,False,0,Retail
5922,2026-06-24,P010,44,4999,False,0,Online
5923,2026-06-25,P010,46,4999,False,0,Retail
5924,2026-06-26,P010,46,4999,False,0,Online
5925,2026-06-27,P010,33,4999,False,0,Retail
5926,2026-06-28,P010,32,4999,False,0,B2B
5927,2026-06-29,P010,45,4999,False,0,Online
5928,2026-06-30,P010,41,4999,False,0,Retail
5929,2026-07-01,P010,53,4999,False,0,Online
5930,2026-07-02,P010,43,4999,False,0,B2B
5931,2026-07-03,P010,38,4999,False,0,Retail
5932,2026-07-04,P010,37,4999,False,0,Retail
5933,2026-07-05,P010,38,4999,False,0,Online
5934,2026-07-06,P010,29,4999,False,0,Retail
5935,2026-07-07,P010,51,4999,False,0,Retail
5936,2026-07-08,P010,50,4999,False,0,Online
5937,2026-07-09,P010,53,4999,False,0,Online
5938,2026-07-10,P010,38,4999,False,0,Retail
5939,2026-07-11,P010,49,4999,False,0,Online
5940,2026-07-12,P010,46,4999,False,0,Online
5941,2026-07-13,P010,40,4999,False,0,Online
5942,2026-07-14,P010,50,4999,False,0,Online
5943,2026-07-15,P010,41,4999,False,0,Online
5944,2026-07-16,P010,35,4999,False,0,Online
5945,2026-07-17,P010,51,4999,False,0,Retail
5946,2026-07-18,P010,53,4999,True,10,Online
5947,2026-07-19,P010,35,4999,False,0,Online
5948,2026-07-20,P010,53,4999,False,0,Retail
5949,2026-07-21,P010,35,4999,False,0,Retail
5950,2026-07-22,P010,39,4999,False,0,Retail
5951,2026-07-23,P010,42,4999,False,0,Retail
5952,2026-07-24,P010,45,4999,False,0,Online
5953,2026-07-25,P010,37,4999,False,0,Online
5954,2026-07-26,P010,45,4999,False,0,Online
5955,2026-07-27,P010,49,4999,False,0,Online
5956,2026-07-28,P010,46,4999,False,0,Retail
5957,2026-07-29,P010,48,4999,False,0,Online
5958,2026-07-30,P010,53,4999,False,0,Retail
5959,2026-07-31,P010,45,4999,False,0,Online
5960,2026-08-01,P010,57,4999,False,0,Online
5961,2026-08-02,P010,47,4999,False,0,Online
5962,2026-08-03,P010,67,4999,False,0,Online
5963,2026-08-04,P010,58,4999,False,0,Retail
5964,2026-08-05,P010,49,4999,False,0,Online
5965,2026-08-06,P010,60,4999,False,0,Retail
5966,2026-08-07,P010,49,4999,False,0,Retail
5967,2026-08-08,P010,58,4999,False,0,Retail
5968,2026-08-09,P010,58,4999,False,0,Online
5969,2026-08-10,P010,52,4999,False,0,Online
5970,2026-08-11,P010,51,4999,False,0,Retail
5971,2026-08-12,P010,66,4999,False,0,Online
5972,2026-08-13,P010,57,4999,False,0,Online
5973,2026-08-14,P010,58,4999,False,0,Retail
5974,2026-08-15,P010,35,4999,False,0,Retail
5975,2026-08-16,P010,71,4999,True,20,Online
5976,2026-08-17,P010,47,4999,False,0,Online
5977,2026-08-18,P010,68,4999,False,0,B2B
5978,2026-08-19,P010,61,4999,False,0,Online
5979,2026-08-20,P010,60,4999,False,0,Online
5980,2026-08-21,P010,55,4999,False,0,B2B
5981,2025-01-01,P011,28,9999,False,0,Online
5982,2025-01-02,P011,37,9999,False,0,Retail
5983,2025-01-03,P011,39,9999,False,0,B2B
5984,2025-01-04,P011,29,9999,False,0,B2B
5985,2025-01-05,P011,33,9999,False,0,Retail
5986,2025-01-06,P011,29,9999,False,0,Online
5987,2025-01-07,P011,35,9999,True,15,Retail
5988,2025-01-08,P011,31,9999,False,0,Retail
5989,2025-01-09,P011,33,9999,False,0,B2B
5990,2025-01-10,P011,30,9999,False,0,Retail
5991,2025-01-11,P011,29,9999,False,0,Online
5992,2025-01-12,P011,29,9999,False,0,Online
5993,2025-01-13,P011,36,9999,True,20,Online
5994,2025-01-14,P011,33,9999,False,0,Online
5995,2025-01-15,P011,45,9999,True,20,Online
5996,2025-01-16,P011,32,9999,False,0,Retail
5997,2025-01-17,P011,36,9999,False,0,Online
5998,2025-01-18,P011,24,9999,False,0,Online
5999,2025-01-19,P011,29,9999,False,0,Online
6000,2025-01-20,P011,27,9999,False,0,Online
6001,2025-01-21,P011,27,9999,False,0,Online
6002,2025-01-22,P011,34,9999,True,10,Online
6003,2025-01-23,P011,28,9999,False,0,Online
6004,2025-01-24,P011,29,9999,False,0,Retail
6005,2025-01-25,P011,27,9999,False,0,Online
6006,2025-01-26,P011,30,9999,False,0,Online
6007,2025-01-27,P011,30,9999,False,0,Online
6008,2025-01-28,P011,25,9999,False,0,Online
6009,2025-01-29,P011,36,9999,False,0,B2B
6010,2025-01-30,P011,28,9999,False,0,Online
6011,2025-01-31,P011,31,9999,False,0,B2B
6012,2025-02-01,P011,29,9999,False,0,Online
6013,2025-02-02,P011,28,9999,False,0,Online
6014,2025-02-03,P011,36,9999,False,0,Online
6015,2025-02-04,P011,33,9999,False,0,Online
6016,2025-02-05,P011,28,9999,False,0,Retail
6017,2025-02-06,P011,40,9999,False,0,Online
6018,2025-02-07,P011,32,9999,False,0,B2B
6019,2025-02-08,P011,27,9999,False,0,Online
6020,2025-02-09,P011,38,9999,True,15,Retail
6021,2025-02-10,P011,33,9999,False,0,Online
6022,2025-02-11,P011,33,9999,False,0,Online
6023,2025-02-12,P011,41,9999,False,0,Retail
6024,2025-02-13,P011,30,9999,False,0,Online
6025,2025-02-14,P011,30,9999,False,0,Retail
6026,2025-02-15,P011,28,9999,False,0,Online
6027,2025-02-16,P011,32,9999,False,0,Online
6028,2025-02-17,P011,26,9999,False,0,B2B
6029,2025-02-18,P011,24,9999,False,0,Retail
6030,2025-02-19,P011,34,9999,True,10,Retail
6031,2025-02-20,P011,26,9999,False,0,Online
6032,2025-02-21,P011,30,9999,False,0,Retail
6033,2025-02-22,P011,30,9999,False,0,Online
6034,2025-02-23,P011,25,9999,False,0,Online
6035,2025-02-24,P011,27,9999,False,0,Retail
6036,2025-02-25,P011,32,9999,False,0,Retail
6037,2025-02-26,P011,35,9999,False,0,Online
6038,2025-02-27,P011,25,9999,False,0,Retail
6039,2025-02-28,P011,35,9999,False,0,Retail
6040,2025-03-01,P011,32,9999,False,0,Online
6041,2025-03-02,P011,55,9999,False,0,Online
6042,2025-03-03,P011,38,9999,False,0,Online
6043,2025-03-04,P011,42,9999,False,0,B2B
6044,2025-03-05,P011,32,9999,False,0,Retail
6045,2025-03-06,P011,34,9999,False,0,Online
6046,2025-03-07,P011,34,9999,True,5,Online
6047,2025-03-08,P011,29,9999,False,0,Online
6048,2025-03-09,P011,35,9999,False,0,Retail
6049,2025-03-10,P011,28,9999,False,0,Online
6050,2025-03-11,P011,30,9999,False,0,Online
6051,2025-03-12,P011,38,9999,False,0,Online
6052,2025-03-13,P011,38,9999,False,0,Online
6053,2025-03-14,P011,42,9999,True,20,B2B
6054,2025-03-15,P011,33,9999,False,0,Online
6055,2025-03-16,P011,30,9999,False,0,Online
6056,2025-03-17,P011,39,9999,False,0,B2B
6057,2025-03-18,P011,34,9999,False,0,Online
6058,2025-03-19,P011,37,9999,False,0,Retail
6059,2025-03-20,P011,44,9999,False,0,Retail
6060,2025-03-21,P011,36,9999,False,0,Retail
6061,2025-03-22,P011,30,9999,False,0,B2B
6062,2025-03-23,P011,32,9999,False,0,Online
6063,2025-03-24,P011,32,9999,False,0,B2B
6064,2025-03-25,P011,43,9999,False,0,Online
6065,2025-03-26,P011,34,9999,False,0,Online
6066,2025-03-27,P011,33,9999,False,0,Retail
6067,2025-03-28,P011,34,9999,True,10,Online
6068,2025-03-29,P011,33,9999,False,0,Retail
6069,2025-03-30,P011,33,9999,False,0,Online
6070,2025-03-31,P011,32,9999,False,0,Retail
6071,2025-04-01,P011,37,9999,False,0,Retail
6072,2025-04-02,P011,33,9999,True,15,B2B
6073,2025-04-03,P011,34,9999,False,0,Online
6074,2025-04-04,P011,43,9999,True,15,Retail
6075,2025-04-05,P011,36,9999,False,0,Online
6076,2025-04-06,P011,35,9999,True,20,Retail
6077,2025-04-07,P011,37,9999,True,20,Retail
6078,2025-04-08,P011,30,9999,False,0,Retail
6079,2025-04-09,P011,28,9999,False,0,Online
6080,2025-04-10,P011,40,9999,False,0,B2B
6081,2025-04-11,P011,40,9999,False,0,Retail
6082,2025-04-12,P011,31,9999,False,0,Online
6083,2025-04-13,P011,34,9999,False,0,Retail
6084,2025-04-14,P011,34,9999,False,0,Retail
6085,2025-04-15,P011,34,9999,False,0,Online
6086,2025-04-16,P011,33,9999,False,0,Retail
6087,2025-04-17,P011,33,9999,False,0,Retail
6088,2025-04-18,P011,27,9999,False,0,Online
6089,2025-04-19,P011,30,9999,False,0,Online
6090,2025-04-20,P011,30,9999,False,0,Online
6091,2025-04-21,P011,37,9999,False,0,Online
6092,2025-04-22,P011,34,9999,False,0,B2B
6093,2025-04-23,P011,40,9999,True,15,Online
6094,2025-04-24,P011,31,9999,False,0,Retail
6095,2025-04-25,P011,34,9999,False,0,Online
6096,2025-04-26,P011,33,9999,False,0,B2B
6097,2025-04-27,P011,26,9999,False,0,Online
6098,2025-04-28,P011,34,9999,False,0,Retail
6099,2025-04-29,P011,35,9999,False,0,Online
6100,2025-04-30,P011,30,9999,False,0,Retail
6101,2025-05-01,P011,30,9999,False,0,Retail
6102,2025-05-02,P011,33,9999,False,0,Online
6103,2025-05-03,P011,24,9999,False,0,Retail
6104,2025-05-04,P011,30,9999,False,0,Online
6105,2025-05-05,P011,29,9999,False,0,Retail
6106,2025-05-06,P011,37,9999,False,0,Retail
6107,2025-05-07,P011,40,9999,False,0,B2B
6108,2025-05-08,P011,29,9999,False,0,Retail
6109,2025-05-09,P011,34,9999,False,0,Retail
6110,2025-05-10,P011,26,9999,False,0,Retail
6111,2025-05-11,P011,32,9999,False,0,B2B
6112,2025-05-12,P011,27,9999,False,0,Retail
6113,2025-05-13,P011,46,9999,True,20,Online
6114,2025-05-14,P011,29,9999,False,0,Retail
6115,2025-05-15,P011,32,9999,False,0,B2B
6116,2025-05-16,P011,35,9999,True,15,Retail
6117,2025-05-17,P011,32,9999,False,0,Retail
6118,2025-05-18,P011,26,9999,False,0,Online
6119,2025-05-19,P011,35,9999,False,0,Retail
6120,2025-05-20,P011,32,9999,False,0,Online
6121,2025-05-21,P011,32,9999,False,0,Retail
6122,2025-05-22,P011,32,9999,False,0,Online
6123,2025-05-23,P011,29,9999,False,0,Online
6124,2025-05-24,P011,29,9999,False,0,Online
6125,2025-05-25,P011,34,9999,False,0,Online
6126,2025-05-26,P011,49,9999,False,0,Online
6127,2025-05-27,P011,37,9999,False,0,Retail
6128,2025-05-28,P011,39,9999,False,0,Retail
6129,2025-05-29,P011,29,9999,False,0,Retail
6130,2025-05-30,P011,27,9999,False,0,Online
6131,2025-05-31,P011,30,9999,False,0,Retail
6132,2025-06-01,P011,26,9999,False,0,Online
6133,2025-06-02,P011,40,9999,False,0,Retail
6134,2025-06-03,P011,32,9999,False,0,B2B
6135,2025-06-04,P011,30,9999,False,0,Online
6136,2025-06-05,P011,28,9999,False,0,Online
6137,2025-06-06,P011,36,9999,False,0,Online
6138,2025-06-07,P011,26,9999,False,0,B2B
6139,2025-06-08,P011,28,9999,False,0,Online
6140,2025-06-09,P011,37,9999,False,0,Online
6141,2025-06-10,P011,31,9999,False,0,B2B
6142,2025-06-11,P011,31,9999,False,0,Online
6143,2025-06-12,P011,33,9999,False,0,Online
6144,2025-06-13,P011,34,9999,False,0,Retail
6145,2025-06-14,P011,31,9999,False,0,Retail
6146,2025-06-15,P011,28,9999,False,0,Retail
6147,2025-06-16,P011,33,9999,False,0,Online
6148,2025-06-17,P011,31,9999,False,0,B2B
6149,2025-06-18,P011,26,9999,False,0,Online
6150,2025-06-19,P011,33,9999,False,0,Online
6151,2025-06-20,P011,39,9999,False,0,Online
6152,2025-06-21,P011,26,9999,False,0,Online
6153,2025-06-22,P011,26,9999,False,0,Online
6154,2025-06-23,P011,30,9999,False,0,Retail
6155,2025-06-24,P011,36,9999,False,0,Retail
6156,2025-06-25,P011,36,9999,True,5,Retail
6157,2025-06-26,P011,31,9999,False,0,B2B
6158,2025-06-27,P011,29,9999,False,0,Retail
6159,2025-06-28,P011,29,9999,False,0,Online
6160,2025-06-29,P011,23,9999,False,0,Retail
6161,2025-06-30,P011,45,9999,True,20,Online
6162,2025-07-01,P011,37,9999,False,0,Online
6163,2025-07-02,P011,27,9999,False,0,Online
6164,2025-07-03,P011,27,9999,False,0,Online
6165,2025-07-04,P011,39,9999,False,0,B2B
6166,2025-07-05,P011,27,9999,False,0,Online
6167,2025-07-06,P011,33,9999,False,0,Online
6168,2025-07-07,P011,33,9999,False,0,B2B
6169,2025-07-08,P011,33,9999,False,0,Online
6170,2025-07-09,P011,33,9999,False,0,Online
6171,2025-07-10,P011,29,9999,False,0,Online
6172,2025-07-11,P011,33,9999,False,0,Retail
6173,2025-07-12,P011,45,9999,False,0,Retail
6174,2025-07-13,P011,25,9999,False,0,Online
6175,2025-07-14,P011,35,9999,False,0,Online
6176,2025-07-15,P011,32,9999,False,0,Online
6177,2025-07-16,P011,32,9999,False,0,Retail
6178,2025-07-17,P011,28,9999,False,0,Online
6179,2025-07-18,P011,40,9999,False,0,Retail
6180,2025-07-19,P011,33,9999,False,0,Retail
6181,2025-07-20,P011,32,9999,False,0,Online
6182,2025-07-21,P011,31,9999,False,0,Online
6183,2025-07-22,P011,26,9999,False,0,Retail
6184,2025-07-23,P011,41,9999,False,0,Online
6185,2025-07-24,P011,33,9999,False,0,Online
6186,2025-07-25,P011,30,9999,False,0,Retail
6187,2025-07-26,P011,30,9999,False,0,Online
6188,2025-07-27,P011,34,9999,False,0,Online
6189,2025-07-28,P011,32,9999,False,0,B2B
6190,2025-07-29,P011,39,9999,False,0,Retail
6191,2025-07-30,P011,37,9999,False,0,Retail
6192,2025-07-31,P011,28,9999,False,0,Retail
6193,2025-08-01,P011,37,9999,False,0,B2B
6194,2025-08-02,P011,39,9999,False,0,Online
6195,2025-08-03,P011,23,9999,False,0,Online
6196,2025-08-04,P011,38,9999,False,0,Online
6197,2025-08-05,P011,32,9999,False,0,B2B
6198,2025-08-06,P011,37,9999,False,0,Online
6199,2025-08-07,P011,39,9999,False,0,Retail
6200,2025-08-08,P011,38,9999,False,0,Online
6201,2025-08-09,P011,33,9999,False,0,Online
6202,2025-08-10,P011,31,9999,False,0,Retail
6203,2025-08-11,P011,49,9999,False,0,Online
6204,2025-08-12,P011,50,9999,False,0,Online
6205,2025-08-13,P011,34,9999,False,0,Retail
6206,2025-08-14,P011,49,9999,False,0,Online
6207,2025-08-15,P011,39,9999,False,0,Retail
6208,2025-08-16,P011,37,9999,False,0,Retail
6209,2025-08-17,P011,35,9999,False,0,Online
6210,2025-08-18,P011,36,9999,False,0,Retail
6211,2025-08-19,P011,43,9999,False,0,Retail
6212,2025-08-20,P011,48,9999,True,15,Online
6213,2025-08-21,P011,39,9999,False,0,Online
6214,2025-08-22,P011,33,9999,False,0,Retail
6215,2025-08-23,P011,31,9999,False,0,B2B
6216,2025-08-24,P011,28,9999,False,0,Retail
6217,2025-08-25,P011,38,9999,False,0,Retail
6218,2025-08-26,P011,35,9999,False,0,Online
6219,2025-08-27,P011,38,9999,False,0,Retail
6220,2025-08-28,P011,46,9999,False,0,Retail
6221,2025-08-29,P011,46,9999,False,0,Online
6222,2025-08-30,P011,34,9999,False,0,Retail
6223,2025-08-31,P011,36,9999,False,0,Online
6224,2025-09-01,P011,58,9999,True,15,Retail
6225,2025-09-02,P011,44,9999,False,0,Online
6226,2025-09-03,P011,39,9999,False,0,B2B
6227,2025-09-04,P011,32,9999,False,0,Online
6228,2025-09-05,P011,43,9999,False,0,Online
6229,2025-09-06,P011,40,9999,False,0,B2B
6230,2025-09-07,P011,33,9999,False,0,Retail
6231,2025-09-08,P011,40,9999,False,0,Retail
6232,2025-09-09,P011,38,9999,False,0,Online
6233,2025-09-10,P011,41,9999,False,0,Retail
6234,2025-09-11,P011,27,9999,False,0,B2B
6235,2025-09-12,P011,40,9999,False,0,Online
6236,2025-09-13,P011,40,9999,False,0,Online
6237,2025-09-14,P011,34,9999,False,0,Retail
6238,2025-09-15,P011,39,9999,False,0,Online
6239,2025-09-16,P011,35,9999,False,0,Retail
6240,2025-09-17,P011,43,9999,False,0,Online
6241,2025-09-18,P011,38,9999,False,0,B2B
6242,2025-09-19,P011,36,9999,False,0,Retail
6243,2025-09-20,P011,40,9999,False,0,Online
6244,2025-09-21,P011,40,9999,False,0,Online
6245,2025-09-22,P011,36,9999,False,0,B2B
6246,2025-09-23,P011,44,9999,False,0,B2B
6247,2025-09-24,P011,41,9999,False,0,Online
6248,2025-09-25,P011,42,9999,False,0,Online
6249,2025-09-26,P011,32,9999,False,0,Online
6250,2025-09-27,P011,39,9999,False,0,Online
6251,2025-09-28,P011,43,9999,True,20,Online
6252,2025-09-29,P011,40,9999,False,0,Online
6253,2025-09-30,P011,52,9999,False,0,Online
6254,2025-10-01,P011,40,9999,False,0,Online
6255,2025-10-02,P011,35,9999,False,0,B2B
6256,2025-10-03,P011,28,9999,False,0,Online
6257,2025-10-04,P011,39,9999,False,0,B2B
6258,2025-10-05,P011,28,9999,False,0,Retail
6259,2025-10-06,P011,32,9999,False,0,Retail
6260,2025-10-07,P011,38,9999,False,0,Online
6261,2025-10-08,P011,44,9999,False,0,Retail
6262,2025-10-09,P011,43,9999,False,0,Retail
6263,2025-10-10,P011,36,9999,False,0,Online
6264,2025-10-11,P011,34,9999,False,0,Retail
6265,2025-10-12,P011,31,9999,False,0,Online
6266,2025-10-13,P011,38,9999,False,0,Retail
6267,2025-10-14,P011,37,9999,False,0,Retail
6268,2025-10-15,P011,41,9999,False,0,Online
6269,2025-10-16,P011,41,9999,False,0,Retail
6270,2025-10-17,P011,39,9999,False,0,Online
6271,2025-10-18,P011,33,9999,False,0,Retail
6272,2025-10-19,P011,36,9999,False,0,Online
6273,2025-10-20,P011,40,9999,False,0,B2B
6274,2025-10-21,P011,41,9999,True,10,Online
6275,2025-10-22,P011,35,9999,False,0,Online
6276,2025-10-23,P011,37,9999,False,0,Retail
6277,2025-10-24,P011,44,9999,False,0,Online
6278,2025-10-25,P011,37,9999,True,10,B2B
6279,2025-10-26,P011,29,9999,False,0,Online
6280,2025-10-27,P011,41,9999,False,0,Online
6281,2025-10-28,P011,41,9999,False,0,Online
6282,2025-10-29,P011,42,9999,False,0,Retail
6283,2025-10-30,P011,49,9999,True,10,Online
6284,2025-10-31,P011,46,9999,False,0,Retail
6285,2025-11-01,P011,31,9999,False,0,B2B
6286,2025-11-02,P011,32,9999,False,0,B2B
6287,2025-11-03,P011,33,9999,False,0,Online
6288,2025-11-04,P011,58,9999,True,20,Online
6289,2025-11-05,P011,45,9999,False,0,B2B
6290,2025-11-06,P011,36,9999,False,0,Retail
6291,2025-11-07,P011,35,9999,False,0,Retail
6292,2025-11-08,P011,39,9999,False,0,Online
6293,2025-11-09,P011,35,9999,False,0,Retail
6294,2025-11-10,P011,41,9999,False,0,B2B
6295,2025-11-11,P011,43,9999,True,20,Online
6296,2025-11-12,P011,44,9999,False,0,Retail
6297,2025-11-13,P011,35,9999,False,0,Online
6298,2025-11-14,P011,32,9999,False,0,Online
6299,2025-11-15,P011,32,9999,False,0,Retail
6300,2025-11-16,P011,33,9999,False,0,B2B
6301,2025-11-17,P011,40,9999,False,0,Online
6302,2025-11-18,P011,30,9999,False,0,B2B
6303,2025-11-19,P011,44,9999,False,0,Retail
6304,2025-11-20,P011,43,9999,False,0,Online
6305,2025-11-21,P011,28,9999,False,0,Online
6306,2025-11-22,P011,38,9999,False,0,B2B
6307,2025-11-23,P011,32,9999,False,0,Online
6308,2025-11-24,P011,45,9999,False,0,B2B
6309,2025-11-25,P011,39,9999,False,0,Online
6310,2025-11-26,P011,40,9999,False,0,Online
6311,2025-11-27,P011,38,9999,False,0,Retail
6312,2025-11-28,P011,43,9999,False,0,B2B
6313,2025-11-29,P011,45,9999,False,0,Online
6314,2025-11-30,P011,38,9999,False,0,Online
6315,2025-12-01,P011,46,9999,False,0,Retail
6316,2025-12-02,P011,45,9999,False,0,Online
6317,2025-12-03,P011,48,9999,False,0,Retail
6318,2025-12-04,P011,34,9999,False,0,Online
6319,2025-12-05,P011,43,9999,False,0,Retail
6320,2025-12-06,P011,33,9999,False,0,Online
6321,2025-12-07,P011,38,9999,False,0,Retail
6322,2025-12-08,P011,40,9999,False,0,Online
6323,2025-12-09,P011,39,9999,False,0,Online
6324,2025-12-10,P011,46,9999,False,0,Retail
6325,2025-12-11,P011,36,9999,False,0,Online
6326,2025-12-12,P011,31,9999,False,0,Retail
6327,2025-12-13,P011,30,9999,False,0,B2B
6328,2025-12-14,P011,36,9999,False,0,Retail
6329,2025-12-15,P011,48,9999,False,0,Online
6330,2025-12-16,P011,42,9999,False,0,B2B
6331,2025-12-17,P011,45,9999,False,0,Online
6332,2025-12-18,P011,33,9999,False,0,Retail
6333,2025-12-19,P011,35,9999,False,0,Retail
6334,2025-12-20,P011,31,9999,False,0,Online
6335,2025-12-21,P011,34,9999,False,0,Retail
6336,2025-12-22,P011,41,9999,False,0,B2B
6337,2025-12-23,P011,43,9999,False,0,Online
6338,2025-12-24,P011,35,9999,False,0,Online
6339,2025-12-25,P011,42,9999,False,0,Online
6340,2025-12-26,P011,42,9999,False,0,Retail
6341,2025-12-27,P011,31,9999,False,0,Retail
6342,2025-12-28,P011,35,9999,False,0,Retail
6343,2025-12-29,P011,36,9999,False,0,Online
6344,2025-12-30,P011,49,9999,True,20,B2B
6345,2025-12-31,P011,40,9999,False,0,Online
6346,2026-01-01,P011,34,9999,False,0,Retail
6347,2026-01-02,P011,31,9999,False,0,Retail
6348,2026-01-03,P011,33,9999,False,0,Retail
6349,2026-01-04,P011,27,9999,False,0,Online
6350,2026-01-05,P011,31,9999,False,0,Online
6351,2026-01-06,P011,48,9999,False,0,Online
6352,2026-01-07,P011,28,9999,False,0,Retail
6353,2026-01-08,P011,33,9999,True,15,Online
6354,2026-01-09,P011,37,9999,False,0,Online
6355,2026-01-10,P011,21,9999,False,0,Retail
6356,2026-01-11,P011,27,9999,False,0,Online
6357,2026-01-12,P011,57,9999,True,15,Retail
6358,2026-01-13,P011,29,9999,False,0,B2B
6359,2026-01-14,P011,26,9999,False,0,Retail
6360,2026-01-15,P011,26,9999,False,0,Retail
6361,2026-01-16,P011,38,9999,False,0,Online
6362,2026-01-17,P011,36,9999,False,0,B2B
6363,2026-01-18,P011,28,9999,False,0,Retail
6364,2026-01-19,P011,36,9999,False,0,B2B
6365,2026-01-20,P011,38,9999,False,0,Online
6366,2026-01-21,P011,46,9999,True,5,B2B
6367,2026-01-22,P011,33,9999,False,0,Online
6368,2026-01-23,P011,25,9999,False,0,Online
6369,2026-01-24,P011,28,9999,False,0,Online
6370,2026-01-25,P011,27,9999,False,0,Retail
6371,2026-01-26,P011,35,9999,False,0,Retail
6372,2026-01-27,P011,33,9999,False,0,Retail
6373,2026-01-28,P011,37,9999,False,0,Online
6374,2026-01-29,P011,41,9999,False,0,Online
6375,2026-01-30,P011,33,9999,False,0,Online
6376,2026-01-31,P011,33,9999,False,0,Online
6377,2026-02-01,P011,34,9999,False,0,Online
6378,2026-02-02,P011,33,9999,False,0,Retail
6379,2026-02-03,P011,38,9999,False,0,Online
6380,2026-02-04,P011,36,9999,False,0,Online
6381,2026-02-05,P011,45,9999,False,0,B2B
6382,2026-02-06,P011,28,9999,False,0,Retail
6383,2026-02-07,P011,27,9999,False,0,Online
6384,2026-02-08,P011,30,9999,False,0,Retail
6385,2026-02-09,P011,39,9999,False,0,Retail
6386,2026-02-10,P011,38,9999,False,0,Retail
6387,2026-02-11,P011,34,9999,False,0,Online
6388,2026-02-12,P011,28,9999,False,0,Online
6389,2026-02-13,P011,40,9999,False,0,B2B
6390,2026-02-14,P011,33,9999,False,0,Online
6391,2026-02-15,P011,24,9999,False,0,B2B
6392,2026-02-16,P011,35,9999,False,0,Retail
6393,2026-02-17,P011,29,9999,False,0,Retail
6394,2026-02-18,P011,33,9999,False,0,B2B
6395,2026-02-19,P011,33,9999,False,0,Retail
6396,2026-02-20,P011,43,9999,True,15,Online
6397,2026-02-21,P011,29,9999,False,0,Retail
6398,2026-02-22,P011,28,9999,False,0,Online
6399,2026-02-23,P011,47,9999,True,20,Online
6400,2026-02-24,P011,36,9999,True,15,Retail
6401,2026-02-25,P011,34,9999,False,0,Online
6402,2026-02-26,P011,29,9999,False,0,Online
6403,2026-02-27,P011,31,9999,False,0,Online
6404,2026-02-28,P011,34,9999,False,0,Online
6405,2026-03-01,P011,39,9999,True,15,Retail
6406,2026-03-02,P011,40,9999,False,0,B2B
6407,2026-03-03,P011,35,9999,False,0,Retail
6408,2026-03-04,P011,39,9999,False,0,Retail
6409,2026-03-05,P011,34,9999,False,0,Retail
6410,2026-03-06,P011,39,9999,False,0,Online
6411,2026-03-07,P011,41,9999,True,10,Retail
6412,2026-03-08,P011,30,9999,False,0,Online
6413,2026-03-09,P011,32,9999,True,10,Retail
6414,2026-03-10,P011,38,9999,False,0,Online
6415,2026-03-11,P011,40,9999,False,0,Retail
6416,2026-03-12,P011,32,9999,False,0,Retail
6417,2026-03-13,P011,32,9999,False,0,Online
6418,2026-03-14,P011,40,9999,False,0,Online
6419,2026-03-15,P011,34,9999,False,0,Online
6420,2026-03-16,P011,35,9999,False,0,Online
6421,2026-03-17,P011,32,9999,False,0,Online
6422,2026-03-18,P011,33,9999,False,0,B2B
6423,2026-03-19,P011,44,9999,False,0,Retail
6424,2026-03-20,P011,38,9999,False,0,Retail
6425,2026-03-21,P011,29,9999,False,0,Retail
6426,2026-03-22,P011,32,9999,False,0,Online
6427,2026-03-23,P011,32,9999,False,0,Retail
6428,2026-03-24,P011,40,9999,False,0,Online
6429,2026-03-25,P011,40,9999,False,0,Online
6430,2026-03-26,P011,35,9999,False,0,Retail
6431,2026-03-27,P011,32,9999,False,0,Online
6432,2026-03-28,P011,24,9999,True,10,Online
6433,2026-03-29,P011,28,9999,False,0,B2B
6434,2026-03-30,P011,30,9999,False,0,Retail
6435,2026-03-31,P011,40,9999,False,0,Online
6436,2026-04-01,P011,33,9999,False,0,Online
6437,2026-04-02,P011,30,9999,False,0,Retail
6438,2026-04-03,P011,35,9999,False,0,Online
6439,2026-04-04,P011,34,9999,False,0,Retail
6440,2026-04-05,P011,32,9999,False,0,B2B
6441,2026-04-06,P011,31,9999,False,0,Retail
6442,2026-04-07,P011,34,9999,False,0,Online
6443,2026-04-08,P011,42,9999,True,20,Retail
6444,2026-04-09,P011,43,9999,False,0,Online
6445,2026-04-10,P011,43,9999,False,0,B2B
6446,2026-04-11,P011,30,9999,False,0,Online
6447,2026-04-12,P011,31,9999,False,0,Online
6448,2026-04-13,P011,37,9999,False,0,Retail
6449,2026-04-14,P011,29,9999,False,0,Online
6450,2026-04-15,P011,53,9999,True,20,Online
6451,2026-04-16,P011,45,9999,True,20,Online
6452,2026-04-17,P011,42,9999,False,0,Online
6453,2026-04-18,P011,27,9999,False,0,Online
6454,2026-04-19,P011,35,9999,True,5,Online
6455,2026-04-20,P011,29,9999,False,0,Retail
6456,2026-04-21,P011,34,9999,False,0,Online
6457,2026-04-22,P011,32,9999,False,0,Online
6458,2026-04-23,P011,43,9999,False,0,Online
6459,2026-04-24,P011,32,9999,False,0,Online
6460,2026-04-25,P011,34,9999,False,0,Retail
6461,2026-04-26,P011,30,9999,False,0,B2B
6462,2026-04-27,P011,32,9999,False,0,B2B
6463,2026-04-28,P011,38,9999,False,0,Online
6464,2026-04-29,P011,46,9999,True,10,Online
6465,2026-04-30,P011,29,9999,False,0,Retail
6466,2026-05-01,P011,42,9999,False,0,Online
6467,2026-05-02,P011,43,9999,False,0,Online
6468,2026-05-03,P011,30,9999,False,0,Online
6469,2026-05-04,P011,39,9999,False,0,Retail
6470,2026-05-05,P011,33,9999,False,0,Online
6471,2026-05-06,P011,34,9999,False,0,Online
6472,2026-05-07,P011,44,9999,True,20,Retail
6473,2026-05-08,P011,39,9999,False,0,Online
6474,2026-05-09,P011,22,9999,False,0,Online
6475,2026-05-10,P011,22,9999,False,0,Online
6476,2026-05-11,P011,39,9999,False,0,Online
6477,2026-05-12,P011,38,9999,False,0,Online
6478,2026-05-13,P011,32,9999,False,0,Online
6479,2026-05-14,P011,36,9999,False,0,B2B
6480,2026-05-15,P011,36,9999,False,0,Retail
6481,2026-05-16,P011,35,9999,False,0,Retail
6482,2026-05-17,P011,22,9999,False,0,Online
6483,2026-05-18,P011,33,9999,False,0,Online
6484,2026-05-19,P011,34,9999,False,0,Online
6485,2026-05-20,P011,39,9999,False,0,Retail
6486,2026-05-21,P011,48,9999,True,5,Online
6487,2026-05-22,P011,38,9999,False,0,Online
6488,2026-05-23,P011,26,9999,False,0,Retail
6489,2026-05-24,P011,33,9999,False,0,Online
6490,2026-05-25,P011,38,9999,False,0,Online
6491,2026-05-26,P011,38,9999,False,0,Online
6492,2026-05-27,P011,35,9999,True,5,Online
6493,2026-05-28,P011,40,9999,False,0,Online
6494,2026-05-29,P011,40,9999,False,0,B2B
6495,2026-05-30,P011,28,9999,False,0,Online
6496,2026-05-31,P011,34,9999,False,0,Retail
6497,2026-06-01,P011,39,9999,False,0,Online
6498,2026-06-02,P011,39,9999,False,0,Online
6499,2026-06-03,P011,32,9999,False,0,Online
6500,2026-06-04,P011,48,9999,True,20,Online
6501,2026-06-05,P011,43,9999,False,0,Online
6502,2026-06-06,P011,26,9999,False,0,Online
6503,2026-06-07,P011,36,9999,False,0,B2B
6504,2026-06-08,P011,34,9999,True,5,Online
6505,2026-06-09,P011,42,9999,False,0,Online
6506,2026-06-10,P011,32,9999,False,0,Online
6507,2026-06-11,P011,55,9999,True,20,Online
6508,2026-06-12,P011,36,9999,False,0,Retail
6509,2026-06-13,P011,28,9999,False,0,Online
6510,2026-06-14,P011,33,9999,False,0,Retail
6511,2026-06-15,P011,39,9999,False,0,Online
6512,2026-06-16,P011,36,9999,False,0,Online
6513,2026-06-17,P011,31,9999,False,0,Retail
6514,2026-06-18,P011,32,9999,False,0,Online
6515,2026-06-19,P011,35,9999,False,0,Online
6516,2026-06-20,P011,27,9999,False,0,Online
6517,2026-06-21,P011,48,9999,True,20,Retail
6518,2026-06-22,P011,39,9999,False,0,Retail
6519,2026-06-23,P011,26,9999,False,0,Retail
6520,2026-06-24,P011,40,9999,False,0,Retail
6521,2026-06-25,P011,37,9999,False,0,Retail
6522,2026-06-26,P011,37,9999,False,0,Online
6523,2026-06-27,P011,27,9999,False,0,Online
6524,2026-06-28,P011,32,9999,False,0,Retail
6525,2026-06-29,P011,39,9999,False,0,Online
6526,2026-06-30,P011,38,9999,False,0,Online
6527,2026-07-01,P011,43,9999,True,15,Online
6528,2026-07-02,P011,35,9999,False,0,Online
6529,2026-07-03,P011,39,9999,False,0,Retail
6530,2026-07-04,P011,28,9999,False,0,Online
6531,2026-07-05,P011,32,9999,False,0,Online
6532,2026-07-06,P011,36,9999,False,0,Online
6533,2026-07-07,P011,44,9999,False,0,Online
6534,2026-07-08,P011,50,9999,True,10,B2B
6535,2026-07-09,P011,31,9999,False,0,B2B
6536,2026-07-10,P011,46,9999,True,10,Online
6537,2026-07-11,P011,26,9999,False,0,Online
6538,2026-07-12,P011,32,9999,False,0,Online
6539,2026-07-13,P011,41,9999,True,10,Retail
6540,2026-07-14,P011,30,9999,False,0,Retail
6541,2026-07-15,P011,36,9999,False,0,Online
6542,2026-07-16,P011,34,9999,True,20,Online
6543,2026-07-17,P011,30,9999,False,0,Online
6544,2026-07-18,P011,41,9999,True,15,B2B
6545,2026-07-19,P011,31,9999,False,0,Online
6546,2026-07-20,P011,35,9999,False,0,Online
6547,2026-07-21,P011,30,9999,True,5,Online
6548,2026-07-22,P011,37,9999,True,5,Online
6549,2026-07-23,P011,37,9999,False,0,B2B
6550,2026-07-24,P011,40,9999,False,0,Retail
6551,2026-07-25,P011,30,9999,False,0,B2B
6552,2026-07-26,P011,32,9999,False,0,B2B
6553,2026-07-27,P011,37,9999,False,0,Retail
6554,2026-07-28,P011,36,9999,False,0,B2B
6555,2026-07-29,P011,33,9999,False,0,Retail
6556,2026-07-30,P011,29,9999,False,0,Online
6557,2026-07-31,P011,33,9999,False,0,Retail
6558,2026-08-01,P011,42,9999,False,0,B2B
6559,2026-08-02,P011,39,9999,False,0,Retail
6560,2026-08-03,P011,54,9999,False,0,B2B
6561,2026-08-04,P011,45,9999,False,0,Retail
6562,2026-08-05,P011,51,9999,False,0,B2B
6563,2026-08-06,P011,40,9999,False,0,Retail
6564,2026-08-07,P011,51,9999,False,0,B2B
6565,2026-08-08,P011,36,9999,False,0,Online
6566,2026-08-09,P011,45,9999,False,0,Retail
6567,2026-08-10,P011,55,9999,False,0,Retail
6568,2026-08-11,P011,41,9999,False,0,B2B
6569,2026-08-12,P011,42,9999,False,0,Retail
6570,2026-08-13,P011,49,9999,False,0,Retail
6571,2026-08-14,P011,47,9999,False,0,Online
6572,2026-08-15,P011,29,9999,False,0,Online
6573,2026-08-16,P011,52,9999,False,0,Retail
6574,2026-08-17,P011,37,9999,False,0,Online
6575,2026-08-18,P011,41,9999,False,0,Online
6576,2026-08-19,P011,44,9999,False,0,Retail
6577,2026-08-20,P011,44,9999,False,0,Online
6578,2026-08-21,P011,36,9999,False,0,Online
6579,2025-01-01,P012,95,2499,False,0,Retail
6580,2025-01-02,P012,84,2499,True,10,Online
6581,2025-01-03,P012,89,2499,False,0,Online
6582,2025-01-04,P012,84,2499,False,0,Retail
6583,2025-01-05,P012,79,2499,False,0,B2B
6584,2025-01-06,P012,87,2499,True,10,Online
6585,2025-01-07,P012,119,2499,True,5,Retail
6586,2025-01-08,P012,94,2499,False,0,Online
6587,2025-01-09,P012,109,2499,False,0,Online
6588,2025-01-10,P012,90,2499,False,0,Online
6589,2025-01-11,P012,73,2499,False,0,Retail
6590,2025-01-12,P012,84,2499,False,0,B2B
6591,2025-01-13,P012,90,2499,False,0,Online
6592,2025-01-14,P012,80,2499,False,0,Retail
6593,2025-01-15,P012,109,2499,False,0,B2B
6594,2025-01-16,P012,86,2499,False,0,Online
6595,2025-01-17,P012,72,2499,False,0,Retail
6596,2025-01-18,P012,95,2499,False,0,Online
6597,2025-01-19,P012,77,2499,False,0,Online
6598,2025-01-20,P012,86,2499,False,0,B2B
6599,2025-01-21,P012,73,2499,False,0,Retail
6600,2025-01-22,P012,112,2499,False,0,Online
6601,2025-01-23,P012,79,2499,False,0,Online
6602,2025-01-24,P012,93,2499,False,0,Retail
6603,2025-01-25,P012,91,2499,False,0,B2B
6604,2025-01-26,P012,113,2499,True,20,Online
6605,2025-01-27,P012,92,2499,False,0,Online
6606,2025-01-28,P012,74,2499,False,0,Online
6607,2025-01-29,P012,84,2499,False,0,Retail
6608,2025-01-30,P012,95,2499,False,0,Online
6609,2025-01-31,P012,85,2499,False,0,Retail
6610,2025-02-01,P012,84,2499,False,0,Online
6611,2025-02-02,P012,88,2499,False,0,Online
6612,2025-02-03,P012,104,2499,False,0,Retail
6613,2025-02-04,P012,80,2499,False,0,Retail
6614,2025-02-05,P012,118,2499,False,0,Online
6615,2025-02-06,P012,102,2499,False,0,Online
6616,2025-02-07,P012,94,2499,False,0,Online
6617,2025-02-08,P012,92,2499,False,0,Retail
6618,2025-02-09,P012,106,2499,False,0,B2B
6619,2025-02-10,P012,78,2499,False,0,Online
6620,2025-02-11,P012,91,2499,False,0,Online
6621,2025-02-12,P012,66,2499,False,0,Online
6622,2025-02-13,P012,95,2499,False,0,B2B
6623,2025-02-14,P012,98,2499,False,0,Online
6624,2025-02-15,P012,82,2499,False,0,Online
6625,2025-02-16,P012,76,2499,False,0,Retail
6626,2025-02-17,P012,71,2499,False,0,B2B
6627,2025-02-18,P012,98,2499,False,0,B2B
6628,2025-02-19,P012,111,2499,False,0,Retail
6629,2025-02-20,P012,87,2499,False,0,Online
6630,2025-02-21,P012,113,2499,True,10,B2B
6631,2025-02-22,P012,67,2499,False,0,Online
6632,2025-02-23,P012,87,2499,False,0,Online
6633,2025-02-24,P012,89,2499,False,0,Retail
6634,2025-02-25,P012,85,2499,False,0,Retail
6635,2025-02-26,P012,85,2499,False,0,B2B
6636,2025-02-27,P012,90,2499,False,0,Online
6637,2025-02-28,P012,99,2499,False,0,B2B
6638,2025-03-01,P012,74,2499,False,0,B2B
6639,2025-03-02,P012,83,2499,False,0,Online
6640,2025-03-03,P012,98,2499,False,0,Retail
6641,2025-03-04,P012,85,2499,False,0,Online
6642,2025-03-05,P012,118,2499,False,0,Retail
6643,2025-03-06,P012,88,2499,False,0,Online
6644,2025-03-07,P012,91,2499,False,0,Online
6645,2025-03-08,P012,78,2499,False,0,Online
6646,2025-03-09,P012,106,2499,False,0,Retail
6647,2025-03-10,P012,104,2499,False,0,Online
6648,2025-03-11,P012,87,2499,False,0,Online
6649,2025-03-12,P012,111,2499,False,0,Retail
6650,2025-03-13,P012,100,2499,False,0,Online
6651,2025-03-14,P012,117,2499,True,10,Retail
6652,2025-03-15,P012,84,2499,False,0,Online
6653,2025-03-16,P012,79,2499,False,0,B2B
6654,2025-03-17,P012,104,2499,False,0,Online
6655,2025-03-18,P012,93,2499,False,0,Online
6656,2025-03-19,P012,120,2499,False,0,Online
6657,2025-03-20,P012,84,2499,False,0,Online
6658,2025-03-21,P012,119,2499,False,0,Online
6659,2025-03-22,P012,87,2499,False,0,Online
6660,2025-03-23,P012,111,2499,True,15,Retail
6661,2025-03-24,P012,109,2499,False,0,Online
6662,2025-03-25,P012,91,2499,False,0,Retail
6663,2025-03-26,P012,125,2499,True,10,Online
6664,2025-03-27,P012,66,2499,False,0,B2B
6665,2025-03-28,P012,90,2499,False,0,Online
6666,2025-03-29,P012,78,2499,False,0,Online
6667,2025-03-30,P012,74,2499,False,0,Online
6668,2025-03-31,P012,97,2499,False,0,Online
6669,2025-04-01,P012,105,2499,False,0,Online
6670,2025-04-02,P012,107,2499,False,0,Online
6671,2025-04-03,P012,103,2499,False,0,Online
6672,2025-04-04,P012,93,2499,False,0,Retail
6673,2025-04-05,P012,90,2499,False,0,Online
6674,2025-04-06,P012,88,2499,False,0,Online
6675,2025-04-07,P012,109,2499,False,0,Retail
6676,2025-04-08,P012,108,2499,False,0,Online
6677,2025-04-09,P012,100,2499,False,0,B2B
6678,2025-04-10,P012,88,2499,False,0,Online
6679,2025-04-11,P012,93,2499,False,0,Retail
6680,2025-04-12,P012,80,2499,False,0,Retail
6681,2025-04-13,P012,83,2499,False,0,Online
6682,2025-04-14,P012,104,2499,False,0,Retail
6683,2025-04-15,P012,108,2499,False,0,Retail
6684,2025-04-16,P012,99,2499,False,0,Online
6685,2025-04-17,P012,100,2499,False,0,Online
6686,2025-04-18,P012,101,2499,False,0,Online
6687,2025-04-19,P012,82,2499,False,0,Online
6688,2025-04-20,P012,79,2499,False,0,Online
6689,2025-04-21,P012,99,2499,True,15,Retail
6690,2025-04-22,P012,101,2499,True,5,Retail
6691,2025-04-23,P012,108,2499,False,0,Online
6692,2025-04-24,P012,92,2499,False,0,Online
6693,2025-04-25,P012,97,2499,False,0,Retail
6694,2025-04-26,P012,91,2499,False,0,Online
6695,2025-04-27,P012,94,2499,False,0,B2B
6696,2025-04-28,P012,86,2499,False,0,Retail
6697,2025-04-29,P012,113,2499,False,0,Online
6698,2025-04-30,P012,116,2499,False,0,Online
6699,2025-05-01,P012,84,2499,False,0,Online
6700,2025-05-02,P012,87,2499,False,0,Retail
6701,2025-05-03,P012,97,2499,False,0,B2B
6702,2025-05-04,P012,81,2499,False,0,B2B
6703,2025-05-05,P012,71,2499,False,0,Online
6704,2025-05-06,P012,81,2499,False,0,Retail
6705,2025-05-07,P012,92,2499,False,0,B2B
6706,2025-05-08,P012,93,2499,True,10,Online
6707,2025-05-09,P012,91,2499,False,0,Retail
6708,2025-05-10,P012,86,2499,False,0,Retail
6709,2025-05-11,P012,100,2499,False,0,Online
6710,2025-05-12,P012,123,2499,True,20,Retail
6711,2025-05-13,P012,109,2499,False,0,B2B
6712,2025-05-14,P012,111,2499,False,0,Retail
6713,2025-05-15,P012,115,2499,False,0,B2B
6714,2025-05-16,P012,100,2499,False,0,B2B
6715,2025-05-17,P012,63,2499,False,0,Retail
6716,2025-05-18,P012,90,2499,False,0,Retail
6717,2025-05-19,P012,109,2499,False,0,Online
6718,2025-05-20,P012,94,2499,False,0,Retail
6719,2025-05-21,P012,115,2499,False,0,Online
6720,2025-05-22,P012,106,2499,False,0,B2B
6721,2025-05-23,P012,103,2499,False,0,Online
6722,2025-05-24,P012,98,2499,False,0,Retail
6723,2025-05-25,P012,88,2499,False,0,B2B
6724,2025-05-26,P012,68,2499,False,0,Retail
6725,2025-05-27,P012,88,2499,False,0,Retail
6726,2025-05-28,P012,108,2499,False,0,Online
6727,2025-05-29,P012,84,2499,False,0,Retail
6728,2025-05-30,P012,93,2499,False,0,Retail
6729,2025-05-31,P012,75,2499,False,0,B2B
6730,2025-06-01,P012,105,2499,False,0,Online
6731,2025-06-02,P012,115,2499,False,0,Online
6732,2025-06-03,P012,84,2499,False,0,Retail
6733,2025-06-04,P012,95,2499,False,0,Online
6734,2025-06-05,P012,88,2499,False,0,Online
6735,2025-06-06,P012,100,2499,False,0,Online
6736,2025-06-07,P012,91,2499,False,0,B2B
6737,2025-06-08,P012,90,2499,False,0,Online
6738,2025-06-09,P012,100,2499,False,0,Retail
6739,2025-06-10,P012,131,2499,False,0,Online
6740,2025-06-11,P012,83,2499,False,0,Retail
6741,2025-06-12,P012,75,2499,False,0,Retail
6742,2025-06-13,P012,94,2499,False,0,Online
6743,2025-06-14,P012,68,2499,False,0,Online
6744,2025-06-15,P012,72,2499,False,0,Retail
6745,2025-06-16,P012,84,2499,False,0,Retail
6746,2025-06-17,P012,104,2499,True,15,Online
6747,2025-06-18,P012,88,2499,False,0,B2B
6748,2025-06-19,P012,136,2499,False,0,Online
6749,2025-06-20,P012,91,2499,False,0,Retail
6750,2025-06-21,P012,82,2499,False,0,B2B
6751,2025-06-22,P012,95,2499,False,0,Retail
6752,2025-06-23,P012,85,2499,False,0,Retail
6753,2025-06-24,P012,93,2499,False,0,Retail
6754,2025-06-25,P012,98,2499,False,0,Retail
6755,2025-06-26,P012,73,2499,False,0,Retail
6756,2025-06-27,P012,68,2499,False,0,Online
6757,2025-06-28,P012,118,2499,True,20,Retail
6758,2025-06-29,P012,93,2499,False,0,Online
6759,2025-06-30,P012,122,2499,False,0,Online
6760,2025-07-01,P012,98,2499,False,0,Online
6761,2025-07-02,P012,120,2499,True,10,Retail
6762,2025-07-03,P012,97,2499,False,0,Retail
6763,2025-07-04,P012,102,2499,False,0,Retail
6764,2025-07-05,P012,103,2499,False,0,Online
6765,2025-07-06,P012,63,2499,False,0,Online
6766,2025-07-07,P012,98,2499,False,0,Online
6767,2025-07-08,P012,123,2499,False,0,Online
6768,2025-07-09,P012,97,2499,False,0,Online
6769,2025-07-10,P012,117,2499,False,0,B2B
6770,2025-07-11,P012,107,2499,True,10,Retail
6771,2025-07-12,P012,85,2499,False,0,B2B
6772,2025-07-13,P012,89,2499,False,0,Retail
6773,2025-07-14,P012,74,2499,False,0,Online
6774,2025-07-15,P012,84,2499,False,0,Online
6775,2025-07-16,P012,81,2499,False,0,Retail
6776,2025-07-17,P012,108,2499,False,0,Online
6777,2025-07-18,P012,109,2499,False,0,Online
6778,2025-07-19,P012,88,2499,False,0,Retail
6779,2025-07-20,P012,94,2499,False,0,Online
6780,2025-07-21,P012,92,2499,False,0,Online
6781,2025-07-22,P012,111,2499,False,0,B2B
6782,2025-07-23,P012,94,2499,False,0,Retail
6783,2025-07-24,P012,102,2499,False,0,Online
6784,2025-07-25,P012,91,2499,False,0,B2B
6785,2025-07-26,P012,96,2499,False,0,Retail
6786,2025-07-27,P012,81,2499,False,0,Online
6787,2025-07-28,P012,147,2499,True,20,Online
6788,2025-07-29,P012,86,2499,False,0,Online
6789,2025-07-30,P012,87,2499,False,0,B2B
6790,2025-07-31,P012,110,2499,False,0,Online
6791,2025-08-01,P012,116,2499,False,0,B2B
6792,2025-08-02,P012,100,2499,False,0,Retail
6793,2025-08-03,P012,112,2499,False,0,Online
6794,2025-08-04,P012,116,2499,True,5,Retail
6795,2025-08-05,P012,147,2499,True,20,Online
6796,2025-08-06,P012,139,2499,False,0,Online
6797,2025-08-07,P012,144,2499,False,0,Online
6798,2025-08-08,P012,135,2499,False,0,Online
6799,2025-08-09,P012,98,2499,False,0,Retail
6800,2025-08-10,P012,121,2499,False,0,Online
6801,2025-08-11,P012,108,2499,False,0,Online
6802,2025-08-12,P012,108,2499,True,5,Online
6803,2025-08-13,P012,87,2499,False,0,Online
6804,2025-08-14,P012,137,2499,False,0,Retail
6805,2025-08-15,P012,106,2499,False,0,Retail
6806,2025-08-16,P012,104,2499,False,0,Online
6807,2025-08-17,P012,94,2499,False,0,Online
6808,2025-08-18,P012,129,2499,False,0,Online
6809,2025-08-19,P012,114,2499,False,0,Retail
6810,2025-08-20,P012,103,2499,False,0,Retail
6811,2025-08-21,P012,123,2499,False,0,Online
6812,2025-08-22,P012,94,2499,False,0,Retail
6813,2025-08-23,P012,91,2499,False,0,Online
6814,2025-08-24,P012,76,2499,False,0,Online
6815,2025-08-25,P012,93,2499,False,0,Online
6816,2025-08-26,P012,125,2499,False,0,B2B
6817,2025-08-27,P012,94,2499,False,0,Retail
6818,2025-08-28,P012,100,2499,False,0,Retail
6819,2025-08-29,P012,119,2499,False,0,Retail
6820,2025-08-30,P012,96,2499,False,0,Online
6821,2025-08-31,P012,168,2499,True,20,Retail
6822,2025-09-01,P012,148,2499,False,0,Online
6823,2025-09-02,P012,106,2499,False,0,Online
6824,2025-09-03,P012,121,2499,False,0,Online
6825,2025-09-04,P012,125,2499,False,0,Online
6826,2025-09-05,P012,140,2499,True,20,Online
6827,2025-09-06,P012,88,2499,False,0,Retail
6828,2025-09-07,P012,100,2499,False,0,B2B
6829,2025-09-08,P012,120,2499,False,0,B2B
6830,2025-09-09,P012,117,2499,False,0,B2B
6831,2025-09-10,P012,126,2499,False,0,Retail
6832,2025-09-11,P012,137,2499,True,15,Online
6833,2025-09-12,P012,102,2499,False,0,Online
6834,2025-09-13,P012,108,2499,False,0,B2B
6835,2025-09-14,P012,104,2499,False,0,Online
6836,2025-09-15,P012,105,2499,False,0,B2B
6837,2025-09-16,P012,132,2499,False,0,Online
6838,2025-09-17,P012,96,2499,False,0,B2B
6839,2025-09-18,P012,110,2499,False,0,Retail
6840,2025-09-19,P012,136,2499,True,15,Retail
6841,2025-09-20,P012,97,2499,False,0,Online
6842,2025-09-21,P012,95,2499,False,0,B2B
6843,2025-09-22,P012,145,2499,False,0,Online
6844,2025-09-23,P012,110,2499,False,0,Online
6845,2025-09-24,P012,148,2499,False,0,Online
6846,2025-09-25,P012,129,2499,False,0,Online
6847,2025-09-26,P012,125,2499,False,0,Online
6848,2025-09-27,P012,112,2499,False,0,Retail
6849,2025-09-28,P012,143,2499,False,0,Online
6850,2025-09-29,P012,109,2499,False,0,Online
6851,2025-09-30,P012,97,2499,False,0,Online
6852,2025-10-01,P012,108,2499,False,0,Online
6853,2025-10-02,P012,147,2499,True,15,Online
6854,2025-10-03,P012,92,2499,False,0,B2B
6855,2025-10-04,P012,101,2499,False,0,Online
6856,2025-10-05,P012,115,2499,False,0,B2B
6857,2025-10-06,P012,113,2499,False,0,Online
6858,2025-10-07,P012,114,2499,False,0,B2B
6859,2025-10-08,P012,111,2499,False,0,Online
6860,2025-10-09,P012,121,2499,False,0,Online
6861,2025-10-10,P012,108,2499,False,0,Online
6862,2025-10-11,P012,147,2499,True,15,Online
6863,2025-10-12,P012,117,2499,False,0,B2B
6864,2025-10-13,P012,150,2499,True,20,Online
6865,2025-10-14,P012,119,2499,False,0,Online
6866,2025-10-15,P012,129,2499,False,0,Online
6867,2025-10-16,P012,135,2499,False,0,Online
6868,2025-10-17,P012,107,2499,False,0,Retail
6869,2025-10-18,P012,89,2499,False,0,B2B
6870,2025-10-19,P012,85,2499,False,0,Online
6871,2025-10-20,P012,118,2499,False,0,B2B
6872,2025-10-21,P012,121,2499,False,0,Online
6873,2025-10-22,P012,98,2499,False,0,Online
6874,2025-10-23,P012,110,2499,False,0,Online
6875,2025-10-24,P012,91,2499,False,0,Retail
6876,2025-10-25,P012,89,2499,False,0,Online
6877,2025-10-26,P012,113,2499,False,0,Retail
6878,2025-10-27,P012,105,2499,False,0,B2B
6879,2025-10-28,P012,117,2499,False,0,Online
6880,2025-10-29,P012,87,2499,False,0,Retail
6881,2025-10-30,P012,122,2499,False,0,Retail
6882,2025-10-31,P012,120,2499,False,0,B2B
6883,2025-11-01,P012,120,2499,False,0,B2B
6884,2025-11-02,P012,99,2499,False,0,Online
6885,2025-11-03,P012,122,2499,False,0,Online
6886,2025-11-04,P012,104,2499,False,0,Online
6887,2025-11-05,P012,95,2499,False,0,Retail
6888,2025-11-06,P012,134,2499,False,0,Online
6889,2025-11-07,P012,103,2499,False,0,B2B
6890,2025-11-08,P012,94,2499,False,0,Retail
6891,2025-11-09,P012,110,2499,False,0,Retail
6892,2025-11-10,P012,173,2499,False,0,Online
6893,2025-11-11,P012,102,2499,False,0,Online
6894,2025-11-12,P012,126,2499,False,0,Retail
6895,2025-11-13,P012,99,2499,False,0,Retail
6896,2025-11-14,P012,110,2499,False,0,Online
6897,2025-11-15,P012,92,2499,False,0,Online
6898,2025-11-16,P012,88,2499,False,0,B2B
6899,2025-11-17,P012,108,2499,False,0,Online
6900,2025-11-18,P012,98,2499,False,0,Online
6901,2025-11-19,P012,127,2499,False,0,Retail
6902,2025-11-20,P012,123,2499,False,0,B2B
6903,2025-11-21,P012,123,2499,False,0,Online
6904,2025-11-22,P012,97,2499,False,0,Retail
6905,2025-11-23,P012,96,2499,False,0,B2B
6906,2025-11-24,P012,119,2499,False,0,B2B
6907,2025-11-25,P012,97,2499,False,0,B2B
6908,2025-11-26,P012,111,2499,False,0,Retail
6909,2025-11-27,P012,104,2499,False,0,Online
6910,2025-11-28,P012,108,2499,False,0,Retail
6911,2025-11-29,P012,74,2499,False,0,Online
6912,2025-11-30,P012,111,2499,False,0,Online
6913,2025-12-01,P012,108,2499,False,0,Retail
6914,2025-12-02,P012,138,2499,False,0,Online
6915,2025-12-03,P012,129,2499,False,0,Online
6916,2025-12-04,P012,93,2499,False,0,B2B
6917,2025-12-05,P012,97,2499,False,0,Online
6918,2025-12-06,P012,141,2499,False,0,Online
6919,2025-12-07,P012,124,2499,False,0,Retail
6920,2025-12-08,P012,113,2499,False,0,Online
6921,2025-12-09,P012,129,2499,True,5,Online
6922,2025-12-10,P012,106,2499,False,0,Online
6923,2025-12-11,P012,114,2499,False,0,Online
6924,2025-12-12,P012,135,2499,True,15,Online
6925,2025-12-13,P012,76,2499,False,0,B2B
6926,2025-12-14,P012,88,2499,False,0,Online
6927,2025-12-15,P012,114,2499,False,0,Online
6928,2025-12-16,P012,98,2499,False,0,Retail
6929,2025-12-17,P012,109,2499,False,0,Online
6930,2025-12-18,P012,101,2499,False,0,Online
6931,2025-12-19,P012,99,2499,False,0,Online
6932,2025-12-20,P012,110,2499,False,0,Online
6933,2025-12-21,P012,144,2499,True,20,Retail
6934,2025-12-22,P012,118,2499,False,0,Online
6935,2025-12-23,P012,131,2499,False,0,Retail
6936,2025-12-24,P012,118,2499,False,0,Online
6937,2025-12-25,P012,140,2499,False,0,Online
6938,2025-12-26,P012,114,2499,False,0,Online
6939,2025-12-27,P012,99,2499,False,0,Online
6940,2025-12-28,P012,90,2499,False,0,Online
6941,2025-12-29,P012,114,2499,False,0,Retail
6942,2025-12-30,P012,123,2499,False,0,B2B
6943,2025-12-31,P012,131,2499,False,0,Online
6944,2026-01-01,P012,117,2499,False,0,Retail
6945,2026-01-02,P012,74,2499,False,0,Retail
6946,2026-01-03,P012,105,2499,False,0,Retail
6947,2026-01-04,P012,66,2499,False,0,Retail
6948,2026-01-05,P012,116,2499,False,0,Retail
6949,2026-01-06,P012,94,2499,False,0,Online
6950,2026-01-07,P012,173,2499,False,0,B2B
6951,2026-01-08,P012,80,2499,False,0,Retail
6952,2026-01-09,P012,120,2499,False,0,Retail
6953,2026-01-10,P012,76,2499,False,0,Retail
6954,2026-01-11,P012,84,2499,False,0,Online
6955,2026-01-12,P012,118,2499,True,20,Retail
6956,2026-01-13,P012,76,2499,False,0,Online
6957,2026-01-14,P012,97,2499,False,0,Online
6958,2026-01-15,P012,119,2499,False,0,Online
6959,2026-01-16,P012,125,2499,False,0,Online
6960,2026-01-17,P012,91,2499,False,0,Online
6961,2026-01-18,P012,100,2499,False,0,Online
6962,2026-01-19,P012,106,2499,False,0,Online
6963,2026-01-20,P012,102,2499,False,0,Online
6964,2026-01-21,P012,98,2499,False,0,Online
6965,2026-01-22,P012,99,2499,False,0,Retail
6966,2026-01-23,P012,108,2499,False,0,Retail
6967,2026-01-24,P012,112,2499,True,20,B2B
6968,2026-01-25,P012,85,2499,False,0,Retail
6969,2026-01-26,P012,107,2499,False,0,Online
6970,2026-01-27,P012,135,2499,True,10,Retail
6971,2026-01-28,P012,83,2499,False,0,B2B
6972,2026-01-29,P012,98,2499,False,0,Online
6973,2026-01-30,P012,121,2499,False,0,Online
6974,2026-01-31,P012,107,2499,False,0,Retail
6975,2026-02-01,P012,102,2499,False,0,Online
6976,2026-02-02,P012,107,2499,False,0,Online
6977,2026-02-03,P012,111,2499,False,0,Online
6978,2026-02-04,P012,107,2499,False,0,Retail
6979,2026-02-05,P012,126,2499,False,0,Retail
6980,2026-02-06,P012,84,2499,False,0,Retail
6981,2026-02-07,P012,77,2499,False,0,Online
6982,2026-02-08,P012,169,2499,False,0,Retail
6983,2026-02-09,P012,97,2499,False,0,Online
6984,2026-02-10,P012,97,2499,False,0,B2B
6985,2026-02-11,P012,83,2499,False,0,Online
6986,2026-02-12,P012,99,2499,False,0,Retail
6987,2026-02-13,P012,86,2499,False,0,Retail
6988,2026-02-14,P012,114,2499,False,0,Online
6989,2026-02-15,P012,95,2499,False,0,B2B
6990,2026-02-16,P012,106,2499,False,0,Retail
6991,2026-02-17,P012,110,2499,False,0,Online
6992,2026-02-18,P012,188,2499,False,0,Online
6993,2026-02-19,P012,108,2499,False,0,Retail
6994,2026-02-20,P012,119,2499,False,0,Online
6995,2026-02-21,P012,80,2499,False,0,Online
6996,2026-02-22,P012,91,2499,False,0,Retail
6997,2026-02-23,P012,120,2499,False,0,Online
6998,2026-02-24,P012,100,2499,False,0,B2B
6999,2026-02-25,P012,103,2499,False,0,Retail
7000,2026-02-26,P012,110,2499,False,0,Online
7001,2026-02-27,P012,108,2499,False,0,Online
7002,2026-02-28,P012,69,2499,False,0,Online
7003,2026-03-01,P012,107,2499,False,0,Online
7004,2026-03-02,P012,113,2499,True,5,Online
7005,2026-03-03,P012,114,2499,False,0,Online
7006,2026-03-04,P012,109,2499,False,0,Online
7007,2026-03-05,P012,120,2499,False,0,Retail
7008,2026-03-06,P012,123,2499,False,0,Online
7009,2026-03-07,P012,105,2499,False,0,Online
7010,2026-03-08,P012,109,2499,False,0,Online
7011,2026-03-09,P012,106,2499,False,0,Retail
7012,2026-03-10,P012,107,2499,False,0,Online
7013,2026-03-11,P012,123,2499,False,0,B2B
7014,2026-03-12,P012,111,2499,False,0,Online
7015,2026-03-13,P012,108,2499,False,0,B2B
7016,2026-03-14,P012,108,2499,False,0,Online
7017,2026-03-15,P012,87,2499,False,0,Online
7018,2026-03-16,P012,100,2499,False,0,Retail
7019,2026-03-17,P012,129,2499,False,0,Online
7020,2026-03-18,P012,131,2499,True,20,Online
7021,2026-03-19,P012,135,2499,False,0,Retail
7022,2026-03-20,P012,91,2499,False,0,Online
7023,2026-03-21,P012,83,2499,False,0,Online
7024,2026-03-22,P012,102,2499,False,0,Online
7025,2026-03-23,P012,120,2499,False,0,Retail
7026,2026-03-24,P012,120,2499,False,0,Retail
7027,2026-03-25,P012,115,2499,True,5,B2B
7028,2026-03-26,P012,92,2499,False,0,Online
7029,2026-03-27,P012,96,2499,False,0,Retail
7030,2026-03-28,P012,91,2499,False,0,Online
7031,2026-03-29,P012,77,2499,False,0,Retail
7032,2026-03-30,P012,94,2499,False,0,Online
7033,2026-03-31,P012,116,2499,False,0,B2B
7034,2026-04-01,P012,90,2499,False,0,Online
7035,2026-04-02,P012,125,2499,False,0,Online
7036,2026-04-03,P012,153,2499,True,20,Retail
7037,2026-04-04,P012,76,2499,False,0,Online
7038,2026-04-05,P012,102,2499,True,20,Retail
7039,2026-04-06,P012,86,2499,False,0,Retail
7040,2026-04-07,P012,98,2499,False,0,Retail
7041,2026-04-08,P012,114,2499,False,0,Online
7042,2026-04-09,P012,106,2499,False,0,Retail
7043,2026-04-10,P012,121,2499,False,0,Online
7044,2026-04-11,P012,78,2499,False,0,B2B
7045,2026-04-12,P012,97,2499,False,0,B2B
7046,2026-04-13,P012,95,2499,False,0,Retail
7047,2026-04-14,P012,106,2499,False,0,Retail
7048,2026-04-15,P012,99,2499,False,0,B2B
7049,2026-04-16,P012,93,2499,False,0,B2B
7050,2026-04-17,P012,90,2499,False,0,Retail
7051,2026-04-18,P012,113,2499,False,0,Online
7052,2026-04-19,P012,109,2499,False,0,Retail
7053,2026-04-20,P012,122,2499,False,0,Retail
7054,2026-04-21,P012,121,2499,False,0,Retail
7055,2026-04-22,P012,132,2499,True,10,Online
7056,2026-04-23,P012,83,2499,False,0,Online
7057,2026-04-24,P012,98,2499,False,0,Retail
7058,2026-04-25,P012,104,2499,False,0,B2B
7059,2026-04-26,P012,128,2499,False,0,Retail
7060,2026-04-27,P012,180,2499,False,0,Online
7061,2026-04-28,P012,141,2499,False,0,Online
7062,2026-04-29,P012,112,2499,False,0,Online
7063,2026-04-30,P012,101,2499,False,0,Retail
7064,2026-05-01,P012,103,2499,False,0,Online
7065,2026-05-02,P012,101,2499,False,0,Retail
7066,2026-05-03,P012,82,2499,False,0,Online
7067,2026-05-04,P012,103,2499,False,0,Retail
7068,2026-05-05,P012,110,2499,False,0,Retail
7069,2026-05-06,P012,133,2499,True,5,Online
7070,2026-05-07,P012,74,2499,False,0,Retail
7071,2026-05-08,P012,124,2499,False,0,B2B
7072,2026-05-09,P012,85,2499,False,0,Retail
7073,2026-05-10,P012,78,2499,False,0,Online
7074,2026-05-11,P012,120,2499,False,0,Online
7075,2026-05-12,P012,124,2499,False,0,Online
7076,2026-05-13,P012,110,2499,False,0,Retail
7077,2026-05-14,P012,107,2499,False,0,Retail
7078,2026-05-15,P012,123,2499,False,0,Retail
7079,2026-05-16,P012,103,2499,False,0,Online
7080,2026-05-17,P012,86,2499,False,0,Retail
7081,2026-05-18,P012,114,2499,False,0,Retail
7082,2026-05-19,P012,126,2499,False,0,Online
7083,2026-05-20,P012,100,2499,False,0,Retail
7084,2026-05-21,P012,103,2499,False,0,Online
7085,2026-05-22,P012,94,2499,False,0,Retail
7086,2026-05-23,P012,69,2499,False,0,Online
7087,2026-05-24,P012,121,2499,True,20,Retail
7088,2026-05-25,P012,77,2499,False,0,Online
7089,2026-05-26,P012,105,2499,False,0,Retail
7090,2026-05-27,P012,116,2499,False,0,Retail
7091,2026-05-28,P012,99,2499,False,0,Online
7092,2026-05-29,P012,122,2499,False,0,Online
7093,2026-05-30,P012,83,2499,False,0,Online
7094,2026-05-31,P012,100,2499,False,0,B2B
7095,2026-06-01,P012,108,2499,False,0,B2B
7096,2026-06-02,P012,85,2499,True,5,Online
7097,2026-06-03,P012,146,2499,False,0,Retail
7098,2026-06-04,P012,122,2499,True,15,Online
7099,2026-06-05,P012,93,2499,False,0,Online
7100,2026-06-06,P012,80,2499,False,0,Retail
7101,2026-06-07,P012,121,2499,True,15,B2B
7102,2026-06-08,P012,101,2499,False,0,B2B
7103,2026-06-09,P012,100,2499,False,0,B2B
7104,2026-06-10,P012,94,2499,False,0,Online
7105,2026-06-11,P012,119,2499,False,0,Online
7106,2026-06-12,P012,106,2499,False,0,Retail
7107,2026-06-13,P012,67,2499,False,0,Online
7108,2026-06-14,P012,96,2499,False,0,Retail
7109,2026-06-15,P012,97,2499,True,15,Online
7110,2026-06-16,P012,156,2499,True,20,Online
7111,2026-06-17,P012,100,2499,False,0,Retail
7112,2026-06-18,P012,115,2499,False,0,Online
7113,2026-06-19,P012,125,2499,False,0,Retail
7114,2026-06-20,P012,119,2499,False,0,Online
7115,2026-06-21,P012,96,2499,False,0,Retail
7116,2026-06-22,P012,105,2499,False,0,B2B
7117,2026-06-23,P012,175,2499,False,0,Online
7118,2026-06-24,P012,108,2499,False,0,Retail
7119,2026-06-25,P012,88,2499,False,0,Retail
7120,2026-06-26,P012,108,2499,False,0,Online
7121,2026-06-27,P012,85,2499,False,0,Online
7122,2026-06-28,P012,86,2499,False,0,Retail
7123,2026-06-29,P012,97,2499,False,0,Online
7124,2026-06-30,P012,115,2499,False,0,Online
7125,2026-07-01,P012,125,2499,False,0,B2B
7126,2026-07-02,P012,84,2499,False,0,Online
7127,2026-07-03,P012,127,2499,True,10,Online
7128,2026-07-04,P012,105,2499,False,0,Online
7129,2026-07-05,P012,100,2499,True,5,Online
7130,2026-07-06,P012,121,2499,False,0,Retail
7131,2026-07-07,P012,108,2499,False,0,Online
7132,2026-07-08,P012,114,2499,False,0,B2B
7133,2026-07-09,P012,121,2499,False,0,Online
7134,2026-07-10,P012,108,2499,False,0,B2B
7135,2026-07-11,P012,80,2499,False,0,Online
7136,2026-07-12,P012,98,2499,False,0,Online
7137,2026-07-13,P012,103,2499,False,0,Online
7138,2026-07-14,P012,100,2499,False,0,Retail
7139,2026-07-15,P012,102,2499,False,0,Online
7140,2026-07-16,P012,125,2499,False,0,Online
7141,2026-07-17,P012,64,2499,False,0,Online
7142,2026-07-18,P012,89,2499,False,0,Online
7143,2026-07-19,P012,116,2499,True,10,B2B
7144,2026-07-20,P012,92,2499,False,0,Retail
7145,2026-07-21,P012,121,2499,False,0,Retail
7146,2026-07-22,P012,105,2499,False,0,B2B
7147,2026-07-23,P012,107,2499,False,0,Retail
7148,2026-07-24,P012,97,2499,True,20,Retail
7149,2026-07-25,P012,129,2499,True,20,B2B
7150,2026-07-26,P012,77,2499,False,0,Retail
7151,2026-07-27,P012,113,2499,False,0,Retail
7152,2026-07-28,P012,117,2499,False,0,Retail
7153,2026-07-29,P012,95,2499,False,0,Online
7154,2026-07-30,P012,114,2499,False,0,Retail
7155,2026-07-31,P012,105,2499,False,0,B2B
7156,2026-08-01,P012,81,2499,False,0,Retail
7157,2026-08-02,P012,132,2499,False,0,Retail
7158,2026-08-03,P012,123,2499,False,0,B2B
7159,2026-08-04,P012,123,2499,False,0,Online
7160,2026-08-05,P012,133,2499,False,0,Retail
7161,2026-08-06,P012,120,2499,False,0,Retail
7162,2026-08-07,P012,117,2499,False,0,Online
7163,2026-08-08,P012,118,2499,False,0,Online
7164,2026-08-09,P012,95,2499,False,0,Online
7165,2026-08-10,P012,119,2499,False,0,Online
7166,2026-08-11,P012,125,2499,False,0,Online
7167,2026-08-12,P012,168,2499,False,0,Online
7168,2026-08-13,P012,123,2499,False,0,Online
7169,2026-08-14,P012,145,2499,False,0,Retail
7170,2026-08-15,P012,108,2499,False,0,Online
7171,2026-08-16,P012,116,2499,False,0,Online
7172,2026-08-17,P012,125,2499,False,0,Online
7173,2026-08-18,P012,134,2499,False,0,Retail
7174,2026-08-19,P012,148,2499,True,5,B2B
7175,2026-08-20,P012,147,2499,False,0,B2B
7176,2026-08-21,P012,178,2499,True,20,Online
7177,2025-01-01,P013,26,10999,False,0,Retail
7178,2025-01-02,P013,20,10999,False,0,Online
7179,2025-01-03,P013,22,10999,False,0,Retail
7180,2025-01-04,P013,18,10999,False,0,Retail
7181,2025-01-05,P013,21,10999,False,0,Online
7182,2025-01-06,P013,22,10999,False,0,Retail
7183,2025-01-07,P013,25,10999,False,0,Online
7184,2025-01-08,P013,20,10999,False,0,Retail
7185,2025-01-09,P013,23,10999,False,0,Online
7186,2025-01-10,P013,25,10999,False,0,Online
7187,2025-01-11,P013,15,10999,False,0,Online
7188,2025-01-12,P013,29,10999,True,10,Retail
7189,2025-01-13,P013,22,10999,False,0,B2B
7190,2025-01-14,P013,17,10999,False,0,Retail
7191,2025-01-15,P013,23,10999,False,0,Online
7192,2025-01-16,P013,23,10999,False,0,Online
7193,2025-01-17,P013,23,10999,False,0,Retail
7194,2025-01-18,P013,23,10999,False,0,Online
7195,2025-01-19,P013,22,10999,False,0,Online
7196,2025-01-20,P013,24,10999,False,0,Retail
7197,2025-01-21,P013,24,10999,False,0,Retail
7198,2025-01-22,P013,23,10999,False,0,B2B
7199,2025-01-23,P013,28,10999,False,0,Retail
7200,2025-01-24,P013,19,10999,False,0,Retail
7201,2025-01-25,P013,20,10999,False,0,Online
7202,2025-01-26,P013,20,10999,False,0,Retail
7203,2025-01-27,P013,25,10999,False,0,Retail
7204,2025-01-28,P013,21,10999,False,0,Online
7205,2025-01-29,P013,18,10999,False,0,Retail
7206,2025-01-30,P013,31,10999,True,20,Retail
7207,2025-01-31,P013,24,10999,False,0,Retail
7208,2025-02-01,P013,24,10999,False,0,B2B
7209,2025-02-02,P013,17,10999,False,0,B2B
7210,2025-02-03,P013,26,10999,False,0,Online
7211,2025-02-04,P013,32,10999,True,5,B2B
7212,2025-02-05,P013,22,10999,False,0,Retail
7213,2025-02-06,P013,19,10999,False,0,B2B
7214,2025-02-07,P013,22,10999,False,0,B2B
7215,2025-02-08,P013,20,10999,False,0,Online
7216,2025-02-09,P013,22,10999,False,0,Online
7217,2025-02-10,P013,21,10999,False,0,Retail
7218,2025-02-11,P013,27,10999,False,0,Retail
7219,2025-02-12,P013,20,10999,False,0,Retail
7220,2025-02-13,P013,18,10999,False,0,Online
7221,2025-02-14,P013,30,10999,True,10,Retail
7222,2025-02-15,P013,16,10999,True,5,Online
7223,2025-02-16,P013,20,10999,False,0,Online
7224,2025-02-17,P013,32,10999,False,0,Online
7225,2025-02-18,P013,30,10999,True,20,Online
7226,2025-02-19,P013,20,10999,False,0,Online
7227,2025-02-20,P013,23,10999,False,0,Online
7228,2025-02-21,P013,23,10999,False,0,Retail
7229,2025-02-22,P013,21,10999,False,0,Retail
7230,2025-02-23,P013,22,10999,False,0,Online
7231,2025-02-24,P013,20,10999,False,0,B2B
7232,2025-02-25,P013,28,10999,False,0,Online
7233,2025-02-26,P013,28,10999,True,10,Retail
7234,2025-02-27,P013,25,10999,False,0,B2B
7235,2025-02-28,P013,21,10999,False,0,Online
7236,2025-03-01,P013,25,10999,False,0,Retail
7237,2025-03-02,P013,21,10999,False,0,Online
7238,2025-03-03,P013,25,10999,False,0,Online
7239,2025-03-04,P013,22,10999,False,0,B2B
7240,2025-03-05,P013,22,10999,False,0,Retail
7241,2025-03-06,P013,26,10999,False,0,Online
7242,2025-03-07,P013,23,10999,False,0,Online
7243,2025-03-08,P013,19,10999,False,0,Online
7244,2025-03-09,P013,20,10999,False,0,Online
7245,2025-03-10,P013,27,10999,False,0,B2B
7246,2025-03-11,P013,23,10999,False,0,Online
7247,2025-03-12,P013,24,10999,False,0,Retail
7248,2025-03-13,P013,25,10999,False,0,B2B
7249,2025-03-14,P013,19,10999,False,0,Online
7250,2025-03-15,P013,18,10999,False,0,B2B
7251,2025-03-16,P013,22,10999,False,0,Retail
7252,2025-03-17,P013,22,10999,False,0,Retail
7253,2025-03-18,P013,27,10999,False,0,Online
7254,2025-03-19,P013,27,10999,False,0,Online
7255,2025-03-20,P013,27,10999,False,0,Online
7256,2025-03-21,P013,30,10999,False,0,Online
7257,2025-03-22,P013,25,10999,True,10,Online
7258,2025-03-23,P013,23,10999,False,0,Online
7259,2025-03-24,P013,22,10999,False,0,Online
7260,2025-03-25,P013,31,10999,False,0,Retail
7261,2025-03-26,P013,30,10999,False,0,Online
7262,2025-03-27,P013,24,10999,False,0,Online
7263,2025-03-28,P013,25,10999,False,0,Online
7264,2025-03-29,P013,25,10999,False,0,Retail
7265,2025-03-30,P013,21,10999,False,0,Retail
7266,2025-03-31,P013,22,10999,False,0,Online
7267,2025-04-01,P013,27,10999,False,0,B2B
7268,2025-04-02,P013,25,10999,False,0,Retail
7269,2025-04-03,P013,25,10999,False,0,Online
7270,2025-04-04,P013,22,10999,False,0,Online
7271,2025-04-05,P013,17,10999,False,0,Online
7272,2025-04-06,P013,22,10999,False,0,Online
7273,2025-04-07,P013,28,10999,False,0,Online
7274,2025-04-08,P013,24,10999,False,0,Online
7275,2025-04-09,P013,29,10999,False,0,Online
7276,2025-04-10,P013,22,10999,False,0,Online
7277,2025-04-11,P013,28,10999,True,20,Retail
7278,2025-04-12,P013,22,10999,False,0,B2B
7279,2025-04-13,P013,21,10999,False,0,Retail
7280,2025-04-14,P013,27,10999,False,0,Online
7281,2025-04-15,P013,22,10999,False,0,Online
7282,2025-04-16,P013,28,10999,False,0,Online
7283,2025-04-17,P013,31,10999,False,0,Retail
7284,2025-04-18,P013,24,10999,False,0,Retail
7285,2025-04-19,P013,25,10999,False,0,Online
7286,2025-04-20,P013,19,10999,False,0,Online
7287,2025-04-21,P013,27,10999,False,0,Retail
7288,2025-04-22,P013,28,10999,False,0,B2B
7289,2025-04-23,P013,27,10999,False,0,Retail
7290,2025-04-24,P013,24,10999,False,0,Retail
7291,2025-04-25,P013,16,10999,False,0,Retail
7292,2025-04-26,P013,20,10999,False,0,Retail
7293,2025-04-27,P013,20,10999,False,0,Retail
7294,2025-04-28,P013,22,10999,False,0,Online
7295,2025-04-29,P013,25,10999,False,0,Retail
7296,2025-04-30,P013,23,10999,False,0,Retail
7297,2025-05-01,P013,21,10999,False,0,Retail
7298,2025-05-02,P013,21,10999,False,0,Online
7299,2025-05-03,P013,19,10999,False,0,Retail
7300,2025-05-04,P013,23,10999,False,0,Online
7301,2025-05-05,P013,22,10999,False,0,Online
7302,2025-05-06,P013,22,10999,False,0,Online
7303,2025-05-07,P013,22,10999,False,0,Online
7304,2025-05-08,P013,25,10999,False,0,B2B
7305,2025-05-09,P013,24,10999,False,0,B2B
7306,2025-05-10,P013,13,10999,False,0,Online
7307,2025-05-11,P013,23,10999,False,0,Online
7308,2025-05-12,P013,28,10999,False,0,Online
7309,2025-05-13,P013,20,10999,False,0,Retail
7310,2025-05-14,P013,22,10999,True,5,Online
7311,2025-05-15,P013,23,10999,False,0,Online
7312,2025-05-16,P013,22,10999,False,0,Online
7313,2025-05-17,P013,22,10999,False,0,B2B
7314,2025-05-18,P013,16,10999,False,0,Online
7315,2025-05-19,P013,21,10999,False,0,Online
7316,2025-05-20,P013,29,10999,False,0,Online
7317,2025-05-21,P013,21,10999,False,0,Online
7318,2025-05-22,P013,27,10999,False,0,Retail
7319,2025-05-23,P013,24,10999,False,0,Retail
7320,2025-05-24,P013,22,10999,True,20,B2B
7321,2025-05-25,P013,22,10999,False,0,Online
7322,2025-05-26,P013,23,10999,False,0,Online
7323,2025-05-27,P013,22,10999,False,0,B2B
7324,2025-05-28,P013,24,10999,False,0,Online
7325,2025-05-29,P013,26,10999,False,0,B2B
7326,2025-05-30,P013,33,10999,True,20,Online
7327,2025-05-31,P013,24,10999,False,0,Online
7328,2025-06-01,P013,22,10999,False,0,Online
7329,2025-06-02,P013,20,10999,False,0,Retail
7330,2025-06-03,P013,22,10999,False,0,Retail
7331,2025-06-04,P013,33,10999,False,0,Online
7332,2025-06-05,P013,25,10999,False,0,Online
7333,2025-06-06,P013,30,10999,False,0,B2B
7334,2025-06-07,P013,24,10999,False,0,Online
7335,2025-06-08,P013,21,10999,False,0,Retail
7336,2025-06-09,P013,24,10999,False,0,Retail
7337,2025-06-10,P013,23,10999,False,0,Online
7338,2025-06-11,P013,19,10999,False,0,Online
7339,2025-06-12,P013,24,10999,False,0,Online
7340,2025-06-13,P013,27,10999,False,0,Retail
7341,2025-06-14,P013,20,10999,False,0,Online
7342,2025-06-15,P013,21,10999,False,0,Retail
7343,2025-06-16,P013,26,10999,False,0,Online
7344,2025-06-17,P013,21,10999,False,0,Online
7345,2025-06-18,P013,22,10999,False,0,Online
7346,2025-06-19,P013,21,10999,False,0,Retail
7347,2025-06-20,P013,21,10999,False,0,Retail
7348,2025-06-21,P013,19,10999,True,5,B2B
7349,2025-06-22,P013,18,10999,False,0,Online
7350,2025-06-23,P013,29,10999,False,0,Online
7351,2025-06-24,P013,27,10999,True,20,Retail
7352,2025-06-25,P013,25,10999,False,0,Online
7353,2025-06-26,P013,22,10999,False,0,Retail
7354,2025-06-27,P013,27,10999,False,0,Online
7355,2025-06-28,P013,25,10999,False,0,Retail
7356,2025-06-29,P013,23,10999,False,0,Online
7357,2025-06-30,P013,25,10999,False,0,Retail
7358,2025-07-01,P013,23,10999,False,0,Online
7359,2025-07-02,P013,20,10999,False,0,Retail
7360,2025-07-03,P013,29,10999,False,0,Online
7361,2025-07-04,P013,22,10999,False,0,Retail
7362,2025-07-05,P013,23,10999,False,0,Retail
7363,2025-07-06,P013,23,10999,False,0,Online
7364,2025-07-07,P013,22,10999,False,0,Retail
7365,2025-07-08,P013,28,10999,False,0,Retail
7366,2025-07-09,P013,26,10999,False,0,B2B
7367,2025-07-10,P013,28,10999,False,0,Online
7368,2025-07-11,P013,23,10999,False,0,B2B
7369,2025-07-12,P013,18,10999,False,0,Retail
7370,2025-07-13,P013,20,10999,False,0,Retail
7371,2025-07-14,P013,25,10999,False,0,Retail
7372,2025-07-15,P013,24,10999,False,0,Online
7373,2025-07-16,P013,23,10999,False,0,Retail
7374,2025-07-17,P013,19,10999,False,0,Online
7375,2025-07-18,P013,25,10999,False,0,Retail
7376,2025-07-19,P013,26,10999,False,0,Online
7377,2025-07-20,P013,23,10999,False,0,B2B
7378,2025-07-21,P013,25,10999,False,0,Retail
7379,2025-07-22,P013,27,10999,False,0,Online
7380,2025-07-23,P013,25,10999,False,0,Online
7381,2025-07-24,P013,26,10999,False,0,Online
7382,2025-07-25,P013,25,10999,False,0,Retail
7383,2025-07-26,P013,21,10999,False,0,Online
7384,2025-07-27,P013,23,10999,True,15,Online
7385,2025-07-28,P013,24,10999,False,0,Retail
7386,2025-07-29,P013,26,10999,False,0,Retail
7387,2025-07-30,P013,22,10999,False,0,Retail
7388,2025-07-31,P013,25,10999,False,0,Online
7389,2025-08-01,P013,30,10999,False,0,Retail
7390,2025-08-02,P013,29,10999,False,0,Online
7391,2025-08-03,P013,28,10999,False,0,Online
7392,2025-08-04,P013,29,10999,False,0,Online
7393,2025-08-05,P013,24,10999,False,0,Retail
7394,2025-08-06,P013,28,10999,False,0,Online
7395,2025-08-07,P013,28,10999,False,0,Online
7396,2025-08-08,P013,23,10999,False,0,Online
7397,2025-08-09,P013,29,10999,False,0,B2B
7398,2025-08-10,P013,26,10999,False,0,Online
7399,2025-08-11,P013,30,10999,False,0,Online
7400,2025-08-12,P013,33,10999,False,0,Online
7401,2025-08-13,P013,27,10999,False,0,B2B
7402,2025-08-14,P013,30,10999,False,0,Retail
7403,2025-08-15,P013,29,10999,False,0,Retail
7404,2025-08-16,P013,24,10999,False,0,Online
7405,2025-08-17,P013,26,10999,True,5,B2B
7406,2025-08-18,P013,35,10999,False,0,Retail
7407,2025-08-19,P013,27,10999,False,0,B2B
7408,2025-08-20,P013,32,10999,False,0,Online
7409,2025-08-21,P013,23,10999,False,0,B2B
7410,2025-08-22,P013,32,10999,False,0,B2B
7411,2025-08-23,P013,29,10999,False,0,Online
7412,2025-08-24,P013,43,10999,False,0,Online
7413,2025-08-25,P013,27,10999,False,0,Retail
7414,2025-08-26,P013,38,10999,True,20,Online
7415,2025-08-27,P013,39,10999,False,0,Retail
7416,2025-08-28,P013,22,10999,False,0,B2B
7417,2025-08-29,P013,33,10999,False,0,Retail
7418,2025-08-30,P013,23,10999,False,0,Retail
7419,2025-08-31,P013,32,10999,True,15,Retail
7420,2025-09-01,P013,28,10999,False,0,Online
7421,2025-09-02,P013,29,10999,False,0,Online
7422,2025-09-03,P013,30,10999,False,0,Online
7423,2025-09-04,P013,26,10999,False,0,Online
7424,2025-09-05,P013,33,10999,False,0,B2B
7425,2025-09-06,P013,21,10999,False,0,B2B
7426,2025-09-07,P013,29,10999,False,0,B2B
7427,2025-09-08,P013,36,10999,True,15,Retail
7428,2025-09-09,P013,26,10999,False,0,Retail
7429,2025-09-10,P013,29,10999,False,0,B2B
7430,2025-09-11,P013,23,10999,False,0,Retail
7431,2025-09-12,P013,29,10999,False,0,Retail
7432,2025-09-13,P013,22,10999,False,0,B2B
7433,2025-09-14,P013,27,10999,False,0,Online
7434,2025-09-15,P013,26,10999,False,0,Online
7435,2025-09-16,P013,33,10999,True,10,Online
7436,2025-09-17,P013,29,10999,False,0,Retail
7437,2025-09-18,P013,26,10999,False,0,Online
7438,2025-09-19,P013,28,10999,False,0,B2B
7439,2025-09-20,P013,27,10999,True,20,Online
7440,2025-09-21,P013,29,10999,False,0,Retail
7441,2025-09-22,P013,34,10999,False,0,B2B
7442,2025-09-23,P013,38,10999,False,0,Online
7443,2025-09-24,P013,30,10999,False,0,Retail
7444,2025-09-25,P013,33,10999,False,0,Retail
7445,2025-09-26,P013,22,10999,False,0,Online
7446,2025-09-27,P013,30,10999,False,0,Retail
7447,2025-09-28,P013,28,10999,False,0,Online
7448,2025-09-29,P013,27,10999,False,0,Retail
7449,2025-09-30,P013,35,10999,False,0,B2B
7450,2025-10-01,P013,27,10999,False,0,Retail
7451,2025-10-02,P013,27,10999,False,0,Online
7452,2025-10-03,P013,30,10999,True,5,Retail
7453,2025-10-04,P013,22,10999,False,0,Online
7454,2025-10-05,P013,28,10999,False,0,Online
7455,2025-10-06,P013,25,10999,False,0,Online
7456,2025-10-07,P013,25,10999,False,0,Retail
7457,2025-10-08,P013,25,10999,False,0,Online
7458,2025-10-09,P013,30,10999,False,0,Online
7459,2025-10-10,P013,27,10999,False,0,Retail
7460,2025-10-11,P013,21,10999,False,0,Online
7461,2025-10-12,P013,23,10999,False,0,Online
7462,2025-10-13,P013,29,10999,False,0,Retail
7463,2025-10-14,P013,24,10999,False,0,Online
7464,2025-10-15,P013,24,10999,False,0,Online
7465,2025-10-16,P013,37,10999,False,0,Online
7466,2025-10-17,P013,26,10999,False,0,Online
7467,2025-10-18,P013,24,10999,False,0,Retail
7468,2025-10-19,P013,25,10999,False,0,Online
7469,2025-10-20,P013,28,10999,False,0,Online
7470,2025-10-21,P013,30,10999,False,0,Online
7471,2025-10-22,P013,30,10999,False,0,Online
7472,2025-10-23,P013,28,10999,False,0,Retail
7473,2025-10-24,P013,27,10999,True,10,Online
7474,2025-10-25,P013,28,10999,False,0,Online
7475,2025-10-26,P013,25,10999,False,0,Online
7476,2025-10-27,P013,35,10999,False,0,Online
7477,2025-10-28,P013,20,10999,False,0,Retail
7478,2025-10-29,P013,28,10999,False,0,Retail
7479,2025-10-30,P013,33,10999,False,0,Retail
7480,2025-10-31,P013,28,10999,False,0,Online
7481,2025-11-01,P013,25,10999,False,0,B2B
7482,2025-11-02,P013,26,10999,False,0,Online
7483,2025-11-03,P013,26,10999,False,0,Retail
7484,2025-11-04,P013,28,10999,False,0,Retail
7485,2025-11-05,P013,46,10999,False,0,Online
7486,2025-11-06,P013,26,10999,False,0,Online
7487,2025-11-07,P013,32,10999,False,0,Online
7488,2025-11-08,P013,26,10999,False,0,Retail
7489,2025-11-09,P013,26,10999,False,0,B2B
7490,2025-11-10,P013,32,10999,False,0,B2B
7491,2025-11-11,P013,28,10999,False,0,B2B
7492,2025-11-12,P013,27,10999,False,0,Retail
7493,2025-11-13,P013,31,10999,True,15,Retail
7494,2025-11-14,P013,29,10999,True,5,Online
7495,2025-11-15,P013,21,10999,False,0,Retail
7496,2025-11-16,P013,23,10999,False,0,Online
7497,2025-11-17,P013,27,10999,False,0,Online
7498,2025-11-18,P013,33,10999,False,0,Retail
7499,2025-11-19,P013,19,10999,False,0,B2B
7500,2025-11-20,P013,28,10999,False,0,Online
7501,2025-11-21,P013,36,10999,False,0,Online
7502,2025-11-22,P013,25,10999,False,0,Online
7503,2025-11-23,P013,28,10999,False,0,Online
7504,2025-11-24,P013,30,10999,False,0,Retail
7505,2025-11-25,P013,26,10999,False,0,Retail
7506,2025-11-26,P013,20,10999,False,0,Retail
7507,2025-11-27,P013,28,10999,False,0,Online
7508,2025-11-28,P013,27,10999,False,0,Retail
7509,2025-11-29,P013,22,10999,False,0,Online
7510,2025-11-30,P013,25,10999,False,0,Online
7511,2025-12-01,P013,34,10999,False,0,B2B
7512,2025-12-02,P013,36,10999,False,0,Retail
7513,2025-12-03,P013,30,10999,False,0,Online
7514,2025-12-04,P013,28,10999,False,0,Online
7515,2025-12-05,P013,24,10999,False,0,Retail
7516,2025-12-06,P013,35,10999,True,20,B2B
7517,2025-12-07,P013,30,10999,False,0,Online
7518,2025-12-08,P013,29,10999,False,0,Online
7519,2025-12-09,P013,19,10999,False,0,Retail
7520,2025-12-10,P013,31,10999,False,0,Online
7521,2025-12-11,P013,32,10999,False,0,Online
7522,2025-12-12,P013,22,10999,False,0,Online
7523,2025-12-13,P013,27,10999,False,0,Online
7524,2025-12-14,P013,26,10999,False,0,Retail
7525,2025-12-15,P013,28,10999,False,0,Online
7526,2025-12-16,P013,25,10999,False,0,B2B
7527,2025-12-17,P013,31,10999,False,0,Retail
7528,2025-12-18,P013,28,10999,False,0,Retail
7529,2025-12-19,P013,24,10999,False,0,Online
7530,2025-12-20,P013,20,10999,False,0,Retail
7531,2025-12-21,P013,30,10999,False,0,Retail
7532,2025-12-22,P013,30,10999,False,0,Online
7533,2025-12-23,P013,28,10999,False,0,Online
7534,2025-12-24,P013,29,10999,False,0,Online
7535,2025-12-25,P013,26,10999,False,0,Online
7536,2025-12-26,P013,25,10999,False,0,Online
7537,2025-12-27,P013,23,10999,False,0,B2B
7538,2025-12-28,P013,18,10999,False,0,Online
7539,2025-12-29,P013,26,10999,False,0,B2B
7540,2025-12-30,P013,30,10999,True,5,B2B
7541,2025-12-31,P013,33,10999,False,0,Online
7542,2026-01-01,P013,26,10999,False,0,B2B
7543,2026-01-02,P013,26,10999,False,0,Retail
7544,2026-01-03,P013,27,10999,False,0,Online
7545,2026-01-04,P013,24,10999,False,0,Online
7546,2026-01-05,P013,28,10999,False,0,Online
7547,2026-01-06,P013,24,10999,False,0,Online
7548,2026-01-07,P013,23,10999,False,0,Online
7549,2026-01-08,P013,28,10999,False,0,Online
7550,2026-01-09,P013,32,10999,False,0,Online
7551,2026-01-10,P013,23,10999,False,0,Online
7552,2026-01-11,P013,26,10999,False,0,Online
7553,2026-01-12,P013,28,10999,True,20,B2B
7554,2026-01-13,P013,22,10999,False,0,Online
7555,2026-01-14,P013,28,10999,False,0,Online
7556,2026-01-15,P013,25,10999,False,0,Retail
7557,2026-01-16,P013,28,10999,False,0,Online
7558,2026-01-17,P013,23,10999,False,0,Online
7559,2026-01-18,P013,19,10999,False,0,Online
7560,2026-01-19,P013,24,10999,False,0,Online
7561,2026-01-20,P013,26,10999,True,20,Online
7562,2026-01-21,P013,20,10999,False,0,Online
7563,2026-01-22,P013,27,10999,False,0,B2B
7564,2026-01-23,P013,28,10999,False,0,Retail
7565,2026-01-24,P013,22,10999,False,0,Online
7566,2026-01-25,P013,19,10999,False,0,B2B
7567,2026-01-26,P013,26,10999,False,0,Retail
7568,2026-01-27,P013,21,10999,False,0,B2B
7569,2026-01-28,P013,27,10999,False,0,Online
7570,2026-01-29,P013,24,10999,False,0,Online
7571,2026-01-30,P013,23,10999,False,0,Retail
7572,2026-01-31,P013,29,10999,True,15,Online
7573,2026-02-01,P013,21,10999,False,0,B2B
7574,2026-02-02,P013,29,10999,False,0,Retail
7575,2026-02-03,P013,22,10999,False,0,Online
7576,2026-02-04,P013,20,10999,False,0,Online
7577,2026-02-05,P013,19,10999,False,0,Online
7578,2026-02-06,P013,25,10999,True,5,B2B
7579,2026-02-07,P013,26,10999,True,15,Online
7580,2026-02-08,P013,21,10999,True,10,Online
7581,2026-02-09,P013,28,10999,False,0,Online
7582,2026-02-10,P013,26,10999,False,0,Online
7583,2026-02-11,P013,24,10999,False,0,Online
7584,2026-02-12,P013,31,10999,False,0,Retail
7585,2026-02-13,P013,26,10999,False,0,Retail
7586,2026-02-14,P013,19,10999,False,0,Online
7587,2026-02-15,P013,18,10999,False,0,B2B
7588,2026-02-16,P013,26,10999,False,0,Online
7589,2026-02-17,P013,25,10999,False,0,Retail
7590,2026-02-18,P013,24,10999,False,0,Online
7591,2026-02-19,P013,23,10999,False,0,Online
7592,2026-02-20,P013,26,10999,False,0,Online
7593,2026-02-21,P013,21,10999,False,0,Retail
7594,2026-02-22,P013,24,10999,False,0,B2B
7595,2026-02-23,P013,30,10999,False,0,Retail
7596,2026-02-24,P013,22,10999,False,0,Online
7597,2026-02-25,P013,22,10999,False,0,Online
7598,2026-02-26,P013,23,10999,False,0,Online
7599,2026-02-27,P013,29,10999,False,0,B2B
7600,2026-02-28,P013,22,10999,False,0,Retail
7601,2026-03-01,P013,25,10999,False,0,Online
7602,2026-03-02,P013,27,10999,False,0,Retail
7603,2026-03-03,P013,28,10999,False,0,B2B
7604,2026-03-04,P013,23,10999,False,0,Online
7605,2026-03-05,P013,26,10999,False,0,Online
7606,2026-03-06,P013,23,10999,False,0,Online
7607,2026-03-07,P013,22,10999,False,0,Online
7608,2026-03-08,P013,25,10999,True,5,Retail
7609,2026-03-09,P013,27,10999,False,0,Retail
7610,2026-03-10,P013,25,10999,False,0,Retail
7611,2026-03-11,P013,25,10999,False,0,Online
7612,2026-03-12,P013,14,10999,False,0,Retail
7613,2026-03-13,P013,23,10999,False,0,Retail
7614,2026-03-14,P013,22,10999,False,0,Retail
7615,2026-03-15,P013,26,10999,False,0,Retail
7616,2026-03-16,P013,23,10999,False,0,Retail
7617,2026-03-17,P013,27,10999,False,0,B2B
7618,2026-03-18,P013,40,10999,True,20,Retail
7619,2026-03-19,P013,24,10999,False,0,Retail
7620,2026-03-20,P013,26,10999,False,0,Online
7621,2026-03-21,P013,23,10999,False,0,Online
7622,2026-03-22,P013,22,10999,False,0,Retail
7623,2026-03-23,P013,25,10999,False,0,Retail
7624,2026-03-24,P013,25,10999,False,0,Online
7625,2026-03-25,P013,33,10999,False,0,Retail
7626,2026-03-26,P013,30,10999,False,0,Retail
7627,2026-03-27,P013,31,10999,False,0,Online
7628,2026-03-28,P013,25,10999,False,0,Online
7629,2026-03-29,P013,18,10999,False,0,Retail
7630,2026-03-30,P013,29,10999,False,0,Online
7631,2026-03-31,P013,29,10999,False,0,Online
7632,2026-04-01,P013,22,10999,False,0,Retail
7633,2026-04-02,P013,40,10999,True,20,Online
7634,2026-04-03,P013,29,10999,False,0,Online
7635,2026-04-04,P013,27,10999,False,0,Online
7636,2026-04-05,P013,22,10999,False,0,Online
7637,2026-04-06,P013,24,10999,False,0,Online
7638,2026-04-07,P013,25,10999,False,0,Retail
7639,2026-04-08,P013,31,10999,False,0,Online
7640,2026-04-09,P013,21,10999,False,0,Retail
7641,2026-04-10,P013,21,10999,False,0,Online
7642,2026-04-11,P013,22,10999,False,0,B2B
7643,2026-04-12,P013,23,10999,False,0,Online
7644,2026-04-13,P013,27,10999,False,0,Retail
7645,2026-04-14,P013,28,10999,False,0,Online
7646,2026-04-15,P013,27,10999,False,0,Online
7647,2026-04-16,P013,22,10999,False,0,Retail
7648,2026-04-17,P013,34,10999,False,0,Retail
7649,2026-04-18,P013,21,10999,False,0,Online
7650,2026-04-19,P013,23,10999,True,10,Online
7651,2026-04-20,P013,31,10999,False,0,B2B
7652,2026-04-21,P013,24,10999,False,0,Online
7653,2026-04-22,P013,27,10999,False,0,Online
7654,2026-04-23,P013,32,10999,True,10,Retail
7655,2026-04-24,P013,30,10999,False,0,Online
7656,2026-04-25,P013,23,10999,False,0,Online
7657,2026-04-26,P013,27,10999,False,0,Online
7658,2026-04-27,P013,33,10999,False,0,Retail
7659,2026-04-28,P013,28,10999,False,0,Online
7660,2026-04-29,P013,28,10999,True,5,B2B
7661,2026-04-30,P013,33,10999,False,0,Online
7662,2026-05-01,P013,25,10999,False,0,B2B
7663,2026-05-02,P013,19,10999,False,0,Retail
7664,2026-05-03,P013,25,10999,False,0,Retail
7665,2026-05-04,P013,26,10999,False,0,B2B
7666,2026-05-05,P013,28,10999,False,0,Online
7667,2026-05-06,P013,23,10999,False,0,Online
7668,2026-05-07,P013,22,10999,False,0,Online
7669,2026-05-08,P013,25,10999,False,0,B2B
7670,2026-05-09,P013,24,10999,False,0,Retail
7671,2026-05-10,P013,24,10999,False,0,B2B
7672,2026-05-11,P013,19,10999,False,0,B2B
7673,2026-05-12,P013,28,10999,False,0,Online
7674,2026-05-13,P013,26,10999,False,0,Retail
7675,2026-05-14,P013,21,10999,False,0,Online
7676,2026-05-15,P013,24,10999,False,0,B2B
7677,2026-05-16,P013,24,10999,False,0,Retail
7678,2026-05-17,P013,12,10999,False,0,Online
7679,2026-05-18,P013,22,10999,False,0,Retail
7680,2026-05-19,P013,31,10999,True,15,Online
7681,2026-05-20,P013,26,10999,False,0,Online
7682,2026-05-21,P013,22,10999,False,0,Retail
7683,2026-05-22,P013,25,10999,False,0,Online
7684,2026-05-23,P013,27,10999,False,0,Online
7685,2026-05-24,P013,27,10999,False,0,Online
7686,2026-05-25,P013,30,10999,False,0,Retail
7687,2026-05-26,P013,23,10999,False,0,Retail
7688,2026-05-27,P013,25,10999,False,0,B2B
7689,2026-05-28,P013,25,10999,False,0,Retail
7690,2026-05-29,P013,26,10999,False,0,Retail
7691,2026-05-30,P013,22,10999,False,0,Online
7692,2026-05-31,P013,22,10999,False,0,Online
7693,2026-06-01,P013,29,10999,False,0,Online
7694,2026-06-02,P013,23,10999,False,0,Online
7695,2026-06-03,P013,28,10999,False,0,B2B
7696,2026-06-04,P013,31,10999,False,0,Online
7697,2026-06-05,P013,30,10999,True,5,Retail
7698,2026-06-06,P013,17,10999,False,0,Online
7699,2026-06-07,P013,25,10999,False,0,Online
7700,2026-06-08,P013,29,10999,False,0,Online
7701,2026-06-09,P013,28,10999,False,0,Retail
7702,2026-06-10,P013,22,10999,False,0,Online
7703,2026-06-11,P013,23,10999,False,0,Retail
7704,2026-06-12,P013,27,10999,False,0,Retail
7705,2026-06-13,P013,21,10999,False,0,Online
7706,2026-06-14,P013,20,10999,False,0,B2B
7707,2026-06-15,P013,35,10999,True,15,Online
7708,2026-06-16,P013,25,10999,False,0,Online
7709,2026-06-17,P013,26,10999,False,0,B2B
7710,2026-06-18,P013,25,10999,False,0,Retail
7711,2026-06-19,P013,28,10999,False,0,Online
7712,2026-06-20,P013,20,10999,False,0,Online
7713,2026-06-21,P013,24,10999,False,0,B2B
7714,2026-06-22,P013,29,10999,False,0,Online
7715,2026-06-23,P013,27,10999,False,0,Online
7716,2026-06-24,P013,26,10999,False,0,B2B
7717,2026-06-25,P013,26,10999,False,0,Online
7718,2026-06-26,P013,31,10999,False,0,B2B
7719,2026-06-27,P013,21,10999,False,0,B2B
7720,2026-06-28,P013,19,10999,False,0,Online
7721,2026-06-29,P013,25,10999,False,0,Online
7722,2026-06-30,P013,29,10999,False,0,Retail
7723,2026-07-01,P013,37,10999,True,20,Online
7724,2026-07-02,P013,28,10999,False,0,Online
7725,2026-07-03,P013,31,10999,False,0,Retail
7726,2026-07-04,P013,20,10999,False,0,Retail
7727,2026-07-05,P013,19,10999,False,0,B2B
7728,2026-07-06,P013,22,10999,False,0,Retail
7729,2026-07-07,P013,26,10999,False,0,Online
7730,2026-07-08,P013,29,10999,False,0,Retail
7731,2026-07-09,P013,34,10999,False,0,Online
7732,2026-07-10,P013,28,10999,False,0,B2B
7733,2026-07-11,P013,24,10999,False,0,Online
7734,2026-07-12,P013,25,10999,False,0,Online
7735,2026-07-13,P013,27,10999,False,0,Retail
7736,2026-07-14,P013,22,10999,False,0,Retail
7737,2026-07-15,P013,36,10999,False,0,Online
7738,2026-07-16,P013,33,10999,True,20,B2B
7739,2026-07-17,P013,40,10999,False,0,Retail
7740,2026-07-18,P013,26,10999,False,0,Retail
7741,2026-07-19,P013,26,10999,False,0,Online
7742,2026-07-20,P013,25,10999,False,0,Online
7743,2026-07-21,P013,22,10999,False,0,B2B
7744,2026-07-22,P013,27,10999,False,0,Retail
7745,2026-07-23,P013,29,10999,False,0,B2B
7746,2026-07-24,P013,24,10999,False,0,Retail
7747,2026-07-25,P013,31,10999,True,15,Online
7748,2026-07-26,P013,22,10999,False,0,Online
7749,2026-07-27,P013,31,10999,False,0,Online
7750,2026-07-28,P013,30,10999,False,0,Online
7751,2026-07-29,P013,28,10999,False,0,Retail
7752,2026-07-30,P013,35,10999,True,15,Online
7753,2026-07-31,P013,29,10999,False,0,Online
7754,2026-08-01,P013,24,10999,False,0,Online
7755,2026-08-02,P013,28,10999,False,0,B2B
7756,2026-08-03,P013,35,10999,False,0,Retail
7757,2026-08-04,P013,26,10999,False,0,Online
7758,2026-08-05,P013,40,10999,False,0,Retail
7759,2026-08-06,P013,27,10999,False,0,B2B
7760,2026-08-07,P013,26,10999,False,0,Retail
7761,2026-08-08,P013,35,10999,False,0,B2B
7762,2026-08-09,P013,30,10999,False,0,Online
7763,2026-08-10,P013,30,10999,False,0,Online
7764,2026-08-11,P013,35,10999,False,0,B2B
7765,2026-08-12,P013,40,10999,False,0,Online
7766,2026-08-13,P013,30,10999,False,0,Online
7767,2026-08-14,P013,46,10999,False,0,Online
7768,2026-08-15,P013,21,10999,False,0,Retail
7769,2026-08-16,P013,28,10999,False,0,Online
7770,2026-08-17,P013,35,10999,True,5,Online
7771,2026-08-18,P013,33,10999,False,0,Online
7772,2026-08-19,P013,28,10999,False,0,Online
7773,2026-08-20,P013,31,10999,False,0,Retail
7774,2026-08-21,P013,31,10999,False,0,Retail
7775,2025-01-01,P014,68,6499,False,0,B2B
7776,2025-01-02,P014,66,6499,False,0,Online
7777,2025-01-03,P014,70,6499,False,0,Online
7778,2025-01-04,P014,48,6499,False,0,Online
7779,2025-01-05,P014,65,6499,True,15,Online
7780,2025-01-06,P014,55,6499,False,0,Retail
7781,2025-01-07,P014,59,6499,False,0,B2B
7782,2025-01-08,P014,69,6499,False,0,B2B
7783,2025-01-09,P014,63,6499,False,0,Online
7784,2025-01-10,P014,81,6499,False,0,Retail
7785,2025-01-11,P014,56,6499,False,0,B2B
7786,2025-01-12,P014,55,6499,False,0,Retail
7787,2025-01-13,P014,63,6499,False,0,Online
7788,2025-01-14,P014,57,6499,False,0,Online
7789,2025-01-15,P014,62,6499,False,0,B2B
7790,2025-01-16,P014,70,6499,False,0,Online
7791,2025-01-17,P014,63,6499,False,0,Online
7792,2025-01-18,P014,49,6499,False,0,Online
7793,2025-01-19,P014,49,6499,False,0,Retail
7794,2025-01-20,P014,59,6499,False,0,Retail
7795,2025-01-21,P014,63,6499,False,0,Retail
7796,2025-01-22,P014,71,6499,False,0,Retail
7797,2025-01-23,P014,52,6499,False,0,Online
7798,2025-01-24,P014,60,6499,False,0,Retail
7799,2025-01-25,P014,56,6499,False,0,Retail
7800,2025-01-26,P014,42,6499,False,0,Retail
7801,2025-01-27,P014,56,6499,False,0,Retail
7802,2025-01-28,P014,75,6499,True,20,Online
7803,2025-01-29,P014,56,6499,False,0,Online
7804,2025-01-30,P014,64,6499,False,0,Online
7805,2025-01-31,P014,61,6499,False,0,B2B
7806,2025-02-01,P014,51,6499,False,0,Retail
7807,2025-02-02,P014,58,6499,False,0,Retail
7808,2025-02-03,P014,75,6499,False,0,Retail
7809,2025-02-04,P014,74,6499,False,0,B2B
7810,2025-02-05,P014,48,6499,False,0,Online
7811,2025-02-06,P014,67,6499,False,0,Retail
7812,2025-02-07,P014,66,6499,True,5,Online
7813,2025-02-08,P014,56,6499,False,0,Retail
7814,2025-02-09,P014,52,6499,False,0,Online
7815,2025-02-10,P014,63,6499,False,0,Online
7816,2025-02-11,P014,64,6499,False,0,Online
7817,2025-02-12,P014,72,6499,True,15,Online
7818,2025-02-13,P014,55,6499,False,0,Online
7819,2025-02-14,P014,59,6499,False,0,B2B
7820,2025-02-15,P014,57,6499,False,0,Online
7821,2025-02-16,P014,58,6499,False,0,Online
7822,2025-02-17,P014,80,6499,True,10,Online
7823,2025-02-18,P014,58,6499,False,0,Retail
7824,2025-02-19,P014,64,6499,False,0,Online
7825,2025-02-20,P014,70,6499,False,0,B2B
7826,2025-02-21,P014,72,6499,False,0,Retail
7827,2025-02-22,P014,55,6499,False,0,Retail
7828,2025-02-23,P014,53,6499,False,0,Online
7829,2025-02-24,P014,64,6499,False,0,Retail
7830,2025-02-25,P014,54,6499,False,0,Online
7831,2025-02-26,P014,61,6499,False,0,B2B
7832,2025-02-27,P014,68,6499,False,0,B2B
7833,2025-02-28,P014,67,6499,False,0,B2B
7834,2025-03-01,P014,56,6499,False,0,Retail
7835,2025-03-02,P014,59,6499,False,0,Retail
7836,2025-03-03,P014,59,6499,False,0,Retail
7837,2025-03-04,P014,71,6499,False,0,B2B
7838,2025-03-05,P014,66,6499,False,0,Retail
7839,2025-03-06,P014,65,6499,False,0,Online
7840,2025-03-07,P014,62,6499,False,0,Online
7841,2025-03-08,P014,58,6499,False,0,Online
7842,2025-03-09,P014,55,6499,False,0,Online
7843,2025-03-10,P014,70,6499,False,0,Retail
7844,2025-03-11,P014,62,6499,False,0,Online
7845,2025-03-12,P014,78,6499,False,0,Retail
7846,2025-03-13,P014,77,6499,False,0,B2B
7847,2025-03-14,P014,59,6499,False,0,Online
7848,2025-03-15,P014,58,6499,False,0,Retail
7849,2025-03-16,P014,53,6499,False,0,Retail
7850,2025-03-17,P014,64,6499,False,0,Online
7851,2025-03-18,P014,83,6499,False,0,Online
7852,2025-03-19,P014,63,6499,False,0,Online
7853,2025-03-20,P014,70,6499,False,0,Retail
7854,2025-03-21,P014,70,6499,False,0,Retail
7855,2025-03-22,P014,52,6499,False,0,Online
7856,2025-03-23,P014,52,6499,False,0,Retail
7857,2025-03-24,P014,57,6499,False,0,B2B
7858,2025-03-25,P014,60,6499,False,0,Online
7859,2025-03-26,P014,44,6499,False,0,Online
7860,2025-03-27,P014,69,6499,False,0,Online
7861,2025-03-28,P014,83,6499,False,0,Retail
7862,2025-03-29,P014,59,6499,False,0,B2B
7863,2025-03-30,P014,48,6499,False,0,Online
7864,2025-03-31,P014,61,6499,False,0,Retail
7865,2025-04-01,P014,62,6499,False,0,Online
7866,2025-04-02,P014,63,6499,True,5,Retail
7867,2025-04-03,P014,73,6499,False,0,Online
7868,2025-04-04,P014,74,6499,False,0,Online
7869,2025-04-05,P014,50,6499,False,0,B2B
7870,2025-04-06,P014,65,6499,False,0,Online
7871,2025-04-07,P014,86,6499,True,5,Online
7872,2025-04-08,P014,96,6499,True,10,Online
7873,2025-04-09,P014,91,6499,False,0,Online
7874,2025-04-10,P014,69,6499,True,10,Retail
7875,2025-04-11,P014,102,6499,True,10,Online
7876,2025-04-12,P014,56,6499,False,0,Online
7877,2025-04-13,P014,54,6499,False,0,Online
7878,2025-04-14,P014,69,6499,False,0,Retail
7879,2025-04-15,P014,62,6499,False,0,Retail
7880,2025-04-16,P014,70,6499,False,0,B2B
7881,2025-04-17,P014,56,6499,False,0,B2B
7882,2025-04-18,P014,65,6499,False,0,B2B
7883,2025-04-19,P014,68,6499,False,0,Retail
7884,2025-04-20,P014,59,6499,False,0,Retail
7885,2025-04-21,P014,69,6499,False,0,Online
7886,2025-04-22,P014,71,6499,False,0,B2B
7887,2025-04-23,P014,77,6499,False,0,Online
7888,2025-04-24,P014,53,6499,False,0,B2B
7889,2025-04-25,P014,82,6499,True,10,Online
7890,2025-04-26,P014,58,6499,False,0,Online
7891,2025-04-27,P014,60,6499,False,0,Retail
7892,2025-04-28,P014,98,6499,True,20,Online
7893,2025-04-29,P014,56,6499,False,0,Online
7894,2025-04-30,P014,62,6499,True,5,Retail
7895,2025-05-01,P014,50,6499,False,0,Online
7896,2025-05-02,P014,60,6499,False,0,Retail
7897,2025-05-03,P014,64,6499,False,0,Retail
7898,2025-05-04,P014,54,6499,False,0,Online
7899,2025-05-05,P014,54,6499,False,0,Online
7900,2025-05-06,P014,59,6499,False,0,Retail
7901,2025-05-07,P014,53,6499,False,0,Retail
7902,2025-05-08,P014,55,6499,False,0,Retail
7903,2025-05-09,P014,66,6499,False,0,Online
7904,2025-05-10,P014,62,6499,True,20,Online
7905,2025-05-11,P014,63,6499,False,0,B2B
7906,2025-05-12,P014,63,6499,False,0,Retail
7907,2025-05-13,P014,66,6499,False,0,B2B
7908,2025-05-14,P014,60,6499,False,0,Online
7909,2025-05-15,P014,68,6499,False,0,Retail
7910,2025-05-16,P014,68,6499,False,0,Retail
7911,2025-05-17,P014,69,6499,True,10,Online
7912,2025-05-18,P014,61,6499,False,0,Online
7913,2025-05-19,P014,62,6499,False,0,B2B
7914,2025-05-20,P014,69,6499,False,0,B2B
7915,2025-05-21,P014,60,6499,False,0,B2B
7916,2025-05-22,P014,64,6499,False,0,Retail
7917,2025-05-23,P014,62,6499,False,0,Online
7918,2025-05-24,P014,52,6499,False,0,Online
7919,2025-05-25,P014,51,6499,False,0,Retail
7920,2025-05-26,P014,70,6499,False,0,B2B
7921,2025-05-27,P014,75,6499,False,0,Online
7922,2025-05-28,P014,72,6499,False,0,B2B
7923,2025-05-29,P014,56,6499,False,0,Online
7924,2025-05-30,P014,74,6499,False,0,Online
7925,2025-05-31,P014,53,6499,False,0,Retail
7926,2025-06-01,P014,62,6499,False,0,Online
7927,2025-06-02,P014,56,6499,False,0,Retail
7928,2025-06-03,P014,64,6499,False,0,Online
7929,2025-06-04,P014,67,6499,False,0,Online
7930,2025-06-05,P014,53,6499,False,0,Retail
7931,2025-06-06,P014,87,6499,True,15,Online
7932,2025-06-07,P014,65,6499,False,0,Online
7933,2025-06-08,P014,57,6499,False,0,Retail
7934,2025-06-09,P014,73,6499,False,0,Online
7935,2025-06-10,P014,63,6499,False,0,Online
7936,2025-06-11,P014,70,6499,False,0,Retail
7937,2025-06-12,P014,48,6499,False,0,B2B
7938,2025-06-13,P014,82,6499,False,0,B2B
7939,2025-06-14,P014,66,6499,False,0,B2B
7940,2025-06-15,P014,56,6499,False,0,Retail
7941,2025-06-16,P014,51,6499,False,0,Online
7942,2025-06-17,P014,69,6499,False,0,Retail
7943,2025-06-18,P014,55,6499,False,0,Retail
7944,2025-06-19,P014,70,6499,False,0,Retail
7945,2025-06-20,P014,67,6499,False,0,Online
7946,2025-06-21,P014,50,6499,False,0,Retail
7947,2025-06-22,P014,67,6499,False,0,Online
7948,2025-06-23,P014,69,6499,False,0,B2B
7949,2025-06-24,P014,71,6499,False,0,Online
7950,2025-06-25,P014,65,6499,False,0,Retail
7951,2025-06-26,P014,53,6499,False,0,Online
7952,2025-06-27,P014,74,6499,False,0,Online
7953,2025-06-28,P014,53,6499,False,0,Online
7954,2025-06-29,P014,48,6499,False,0,Online
7955,2025-06-30,P014,75,6499,False,0,B2B
7956,2025-07-01,P014,83,6499,False,0,Online
7957,2025-07-02,P014,67,6499,False,0,Retail
7958,2025-07-03,P014,84,6499,False,0,B2B
7959,2025-07-04,P014,67,6499,False,0,B2B
7960,2025-07-05,P014,56,6499,False,0,Online
7961,2025-07-06,P014,51,6499,False,0,Online
7962,2025-07-07,P014,78,6499,False,0,Online
7963,2025-07-08,P014,60,6499,False,0,Online
7964,2025-07-09,P014,68,6499,False,0,Online
7965,2025-07-10,P014,62,6499,False,0,Online
7966,2025-07-11,P014,72,6499,True,10,B2B
7967,2025-07-12,P014,63,6499,False,0,Retail
7968,2025-07-13,P014,54,6499,False,0,Online
7969,2025-07-14,P014,61,6499,False,0,B2B
7970,2025-07-15,P014,74,6499,False,0,Retail
7971,2025-07-16,P014,104,6499,True,20,Online
7972,2025-07-17,P014,67,6499,False,0,Retail
7973,2025-07-18,P014,61,6499,False,0,B2B
7974,2025-07-19,P014,55,6499,False,0,B2B
7975,2025-07-20,P014,58,6499,False,0,Online
7976,2025-07-21,P014,89,6499,True,20,B2B
7977,2025-07-22,P014,57,6499,False,0,Online
7978,2025-07-23,P014,71,6499,False,0,Online
7979,2025-07-24,P014,65,6499,False,0,Online
7980,2025-07-25,P014,50,6499,False,0,Retail
7981,2025-07-26,P014,50,6499,False,0,Online
7982,2025-07-27,P014,57,6499,True,5,Retail
7983,2025-07-28,P014,65,6499,False,0,Online
7984,2025-07-29,P014,93,6499,True,10,Retail
7985,2025-07-30,P014,67,6499,False,0,B2B
7986,2025-07-31,P014,60,6499,False,0,Retail
7987,2025-08-01,P014,77,6499,False,0,B2B
7988,2025-08-02,P014,64,6499,False,0,Online
7989,2025-08-03,P014,72,6499,False,0,Online
7990,2025-08-04,P014,106,6499,True,15,B2B
7991,2025-08-05,P014,91,6499,False,0,Online
7992,2025-08-06,P014,79,6499,False,0,Online
7993,2025-08-07,P014,95,6499,False,0,Retail
7994,2025-08-08,P014,87,6499,False,0,Online
7995,2025-08-09,P014,65,6499,False,0,Retail
7996,2025-08-10,P014,86,6499,False,0,Online
7997,2025-08-11,P014,82,6499,False,0,Retail
7998,2025-08-12,P014,70,6499,False,0,Online
7999,2025-08-13,P014,97,6499,False,0,Online
8000,2025-08-14,P014,96,6499,False,0,Retail
8001,2025-08-15,P014,79,6499,False,0,Online
8002,2025-08-16,P014,64,6499,False,0,Online
8003,2025-08-17,P014,69,6499,False,0,Online
8004,2025-08-18,P014,86,6499,False,0,Retail
8005,2025-08-19,P014,88,6499,False,0,Online
8006,2025-08-20,P014,81,6499,False,0,Online
8007,2025-08-21,P014,83,6499,False,0,Online
8008,2025-08-22,P014,96,6499,False,0,Online
8009,2025-08-23,P014,68,6499,False,0,Online
8010,2025-08-24,P014,80,6499,False,0,Online
8011,2025-08-25,P014,79,6499,False,0,Online
8012,2025-08-26,P014,83,6499,False,0,Online
8013,2025-08-27,P014,75,6499,False,0,Online
8014,2025-08-28,P014,77,6499,False,0,Online
8015,2025-08-29,P014,73,6499,False,0,Online
8016,2025-08-30,P014,77,6499,False,0,Retail
8017,2025-08-31,P014,64,6499,False,0,Retail
8018,2025-09-01,P014,71,6499,False,0,B2B
8019,2025-09-02,P014,98,6499,False,0,Online
8020,2025-09-03,P014,91,6499,False,0,Retail
8021,2025-09-04,P014,58,6499,False,0,Online
8022,2025-09-05,P014,74,6499,False,0,Online
8023,2025-09-06,P014,52,6499,False,0,Retail
8024,2025-09-07,P014,59,6499,False,0,Online
8025,2025-09-08,P014,51,6499,False,0,Online
8026,2025-09-09,P014,79,6499,False,0,Retail
8027,2025-09-10,P014,69,6499,False,0,Retail
8028,2025-09-11,P014,78,6499,False,0,Online
8029,2025-09-12,P014,63,6499,False,0,B2B
8030,2025-09-13,P014,91,6499,False,0,Retail
8031,2025-09-14,P014,82,6499,True,15,Retail
8032,2025-09-15,P014,97,6499,False,0,B2B
8033,2025-09-16,P014,92,6499,False,0,Retail
8034,2025-09-17,P014,89,6499,False,0,Retail
8035,2025-09-18,P014,79,6499,False,0,Retail
8036,2025-09-19,P014,101,6499,False,0,Online
8037,2025-09-20,P014,54,6499,False,0,Online
8038,2025-09-21,P014,60,6499,False,0,Online
8039,2025-09-22,P014,79,6499,False,0,Online
8040,2025-09-23,P014,99,6499,False,0,Online
8041,2025-09-24,P014,75,6499,False,0,B2B
8042,2025-09-25,P014,78,6499,False,0,Retail
8043,2025-09-26,P014,84,6499,True,15,Online
8044,2025-09-27,P014,100,6499,True,15,Retail
8045,2025-09-28,P014,80,6499,False,0,B2B
8046,2025-09-29,P014,87,6499,False,0,B2B
8047,2025-09-30,P014,74,6499,False,0,Online
8048,2025-10-01,P014,68,6499,False,0,B2B
8049,2025-10-02,P014,61,6499,False,0,Online
8050,2025-10-03,P014,78,6499,False,0,B2B
8051,2025-10-04,P014,60,6499,False,0,Online
8052,2025-10-05,P014,57,6499,False,0,Online
8053,2025-10-06,P014,69,6499,False,0,Online
8054,2025-10-07,P014,70,6499,False,0,B2B
8055,2025-10-08,P014,69,6499,False,0,Online
8056,2025-10-09,P014,82,6499,False,0,Retail
8057,2025-10-10,P014,80,6499,False,0,Retail
8058,2025-10-11,P014,67,6499,False,0,B2B
8059,2025-10-12,P014,66,6499,False,0,Online
8060,2025-10-13,P014,75,6499,True,10,B2B
8061,2025-10-14,P014,78,6499,False,0,Online
8062,2025-10-15,P014,81,6499,False,0,Online
8063,2025-10-16,P014,65,6499,False,0,Retail
8064,2025-10-17,P014,113,6499,True,20,Retail
8065,2025-10-18,P014,57,6499,False,0,Online
8066,2025-10-19,P014,69,6499,False,0,B2B
8067,2025-10-20,P014,91,6499,False,0,Retail
8068,2025-10-21,P014,84,6499,False,0,Online
8069,2025-10-22,P014,80,6499,False,0,Retail
8070,2025-10-23,P014,91,6499,True,15,Online
8071,2025-10-24,P014,83,6499,False,0,Online
8072,2025-10-25,P014,75,6499,False,0,Retail
8073,2025-10-26,P014,63,6499,False,0,Retail
8074,2025-10-27,P014,78,6499,True,5,Online
8075,2025-10-28,P014,60,6499,False,0,Online
8076,2025-10-29,P014,76,6499,False,0,Retail
8077,2025-10-30,P014,79,6499,False,0,Online
8078,2025-10-31,P014,100,6499,True,10,Retail
8079,2025-11-01,P014,73,6499,True,5,Retail
8080,2025-11-02,P014,76,6499,False,0,Retail
8081,2025-11-03,P014,70,6499,False,0,B2B
8082,2025-11-04,P014,85,6499,False,0,Online
8083,2025-11-05,P014,72,6499,False,0,Online
8084,2025-11-06,P014,82,6499,False,0,Online
8085,2025-11-07,P014,65,6499,False,0,Retail
8086,2025-11-08,P014,72,6499,False,0,Online
8087,2025-11-09,P014,66,6499,True,15,Retail
8088,2025-11-10,P014,73,6499,False,0,Online
8089,2025-11-11,P014,106,6499,True,15,Retail
8090,2025-11-12,P014,76,6499,False,0,Online
8091,2025-11-13,P014,70,6499,False,0,Online
8092,2025-11-14,P014,97,6499,True,10,Online
8093,2025-11-15,P014,65,6499,False,0,Retail
8094,2025-11-16,P014,64,6499,False,0,Retail
8095,2025-11-17,P014,74,6499,False,0,Retail
8096,2025-11-18,P014,99,6499,False,0,Online
8097,2025-11-19,P014,90,6499,False,0,Online
8098,2025-11-20,P014,87,6499,False,0,B2B
8099,2025-11-21,P014,104,6499,True,20,Online
8100,2025-11-22,P014,72,6499,False,0,Online
8101,2025-11-23,P014,45,6499,False,0,Retail
8102,2025-11-24,P014,69,6499,False,0,Online
8103,2025-11-25,P014,74,6499,False,0,B2B
8104,2025-11-26,P014,61,6499,False,0,B2B
8105,2025-11-27,P014,88,6499,True,20,Retail
8106,2025-11-28,P014,61,6499,False,0,Retail
8107,2025-11-29,P014,68,6499,False,0,Online
8108,2025-11-30,P014,75,6499,False,0,Online
8109,2025-12-01,P014,93,6499,False,0,Online
8110,2025-12-02,P014,86,6499,False,0,Retail
8111,2025-12-03,P014,112,6499,False,0,Retail
8112,2025-12-04,P014,57,6499,False,0,Retail
8113,2025-12-05,P014,60,6499,False,0,Online
8114,2025-12-06,P014,55,6499,False,0,Retail
8115,2025-12-07,P014,63,6499,False,0,B2B
8116,2025-12-08,P014,73,6499,False,0,Online
8117,2025-12-09,P014,71,6499,False,0,Online
8118,2025-12-10,P014,84,6499,False,0,Retail
8119,2025-12-11,P014,77,6499,False,0,Retail
8120,2025-12-12,P014,77,6499,False,0,Online
8121,2025-12-13,P014,79,6499,False,0,Online
8122,2025-12-14,P014,55,6499,False,0,Online
8123,2025-12-15,P014,84,6499,False,0,B2B
8124,2025-12-16,P014,81,6499,False,0,Retail
8125,2025-12-17,P014,77,6499,False,0,B2B
8126,2025-12-18,P014,91,6499,False,0,B2B
8127,2025-12-19,P014,87,6499,False,0,Retail
8128,2025-12-20,P014,62,6499,False,0,B2B
8129,2025-12-21,P014,65,6499,False,0,Retail
8130,2025-12-22,P014,98,6499,True,15,B2B
8131,2025-12-23,P014,80,6499,False,0,B2B
8132,2025-12-24,P014,84,6499,False,0,Retail
8133,2025-12-25,P014,77,6499,False,0,Retail
8134,2025-12-26,P014,97,6499,False,0,B2B
8135,2025-12-27,P014,57,6499,False,0,Retail
8136,2025-12-28,P014,70,6499,False,0,Online
8137,2025-12-29,P014,96,6499,True,20,Online
8138,2025-12-30,P014,94,6499,True,10,Online
8139,2025-12-31,P014,69,6499,True,10,Retail
8140,2026-01-01,P014,72,6499,False,0,Online
8141,2026-01-02,P014,58,6499,False,0,Online
8142,2026-01-03,P014,52,6499,False,0,Online
8143,2026-01-04,P014,47,6499,False,0,Online
8144,2026-01-05,P014,60,6499,False,0,Retail
8145,2026-01-06,P014,76,6499,False,0,Retail
8146,2026-01-07,P014,75,6499,True,5,Retail
8147,2026-01-08,P014,74,6499,False,0,Online
8148,2026-01-09,P014,86,6499,False,0,Retail
8149,2026-01-10,P014,59,6499,False,0,Online
8150,2026-01-11,P014,60,6499,False,0,Retail
8151,2026-01-12,P014,68,6499,False,0,Retail
8152,2026-01-13,P014,62,6499,False,0,B2B
8153,2026-01-14,P014,60,6499,False,0,Online
8154,2026-01-15,P014,55,6499,False,0,Online
8155,2026-01-16,P014,84,6499,True,10,Retail
8156,2026-01-17,P014,57,6499,False,0,Retail
8157,2026-01-18,P014,59,6499,False,0,Online
8158,2026-01-19,P014,57,6499,False,0,Online
8159,2026-01-20,P014,70,6499,False,0,Online
8160,2026-01-21,P014,63,6499,False,0,Retail
8161,2026-01-22,P014,65,6499,False,0,Online
8162,2026-01-23,P014,89,6499,True,10,Online
8163,2026-01-24,P014,65,6499,False,0,Online
8164,2026-01-25,P014,64,6499,False,0,Online
8165,2026-01-26,P014,55,6499,False,0,Online
8166,2026-01-27,P014,93,6499,False,0,B2B
8167,2026-01-28,P014,86,6499,False,0,Online
8168,2026-01-29,P014,75,6499,False,0,Online
8169,2026-01-30,P014,61,6499,False,0,Online
8170,2026-01-31,P014,62,6499,False,0,Retail
8171,2026-02-01,P014,53,6499,False,0,Online
8172,2026-02-02,P014,86,6499,True,5,Online
8173,2026-02-03,P014,71,6499,False,0,Retail
8174,2026-02-04,P014,57,6499,False,0,Retail
8175,2026-02-05,P014,64,6499,False,0,B2B
8176,2026-02-06,P014,77,6499,False,0,Online
8177,2026-02-07,P014,71,6499,False,0,Retail
8178,2026-02-08,P014,73,6499,False,0,Online
8179,2026-02-09,P014,76,6499,False,0,Online
8180,2026-02-10,P014,87,6499,False,0,B2B
8181,2026-02-11,P014,41,6499,False,0,Online
8182,2026-02-12,P014,75,6499,False,0,Online
8183,2026-02-13,P014,72,6499,False,0,Online
8184,2026-02-14,P014,57,6499,False,0,Online
8185,2026-02-15,P014,56,6499,False,0,Retail
8186,2026-02-16,P014,54,6499,False,0,Online
8187,2026-02-17,P014,71,6499,False,0,Retail
8188,2026-02-18,P014,75,6499,False,0,Online
8189,2026-02-19,P014,74,6499,True,5,Online
8190,2026-02-20,P014,74,6499,False,0,Online
8191,2026-02-21,P014,65,6499,False,0,Retail
8192,2026-02-22,P014,54,6499,False,0,Retail
8193,2026-02-23,P014,67,6499,False,0,Retail
8194,2026-02-24,P014,80,6499,True,10,Retail
8195,2026-02-25,P014,70,6499,True,5,Retail
8196,2026-02-26,P014,81,6499,False,0,Online
8197,2026-02-27,P014,77,6499,False,0,B2B
8198,2026-02-28,P014,76,6499,False,0,Online
8199,2026-03-01,P014,74,6499,False,0,Retail
8200,2026-03-02,P014,72,6499,False,0,B2B
8201,2026-03-03,P014,42,6499,False,0,Online
8202,2026-03-04,P014,78,6499,False,0,B2B
8203,2026-03-05,P014,65,6499,False,0,Online
8204,2026-03-06,P014,61,6499,False,0,Online
8205,2026-03-07,P014,64,6499,False,0,Online
8206,2026-03-08,P014,58,6499,False,0,Online
8207,2026-03-09,P014,80,6499,False,0,B2B
8208,2026-03-10,P014,60,6499,False,0,Retail
8209,2026-03-11,P014,61,6499,False,0,Online
8210,2026-03-12,P014,78,6499,False,0,Retail
8211,2026-03-13,P014,79,6499,False,0,Retail
8212,2026-03-14,P014,72,6499,False,0,Retail
8213,2026-03-15,P014,55,6499,False,0,Retail
8214,2026-03-16,P014,62,6499,False,0,Online
8215,2026-03-17,P014,70,6499,False,0,Retail
8216,2026-03-18,P014,76,6499,False,0,Online
8217,2026-03-19,P014,82,6499,False,0,Retail
8218,2026-03-20,P014,58,6499,False,0,Retail
8219,2026-03-21,P014,57,6499,False,0,Online
8220,2026-03-22,P014,56,6499,False,0,Online
8221,2026-03-23,P014,57,6499,False,0,Retail
8222,2026-03-24,P014,79,6499,False,0,Online
8223,2026-03-25,P014,81,6499,False,0,B2B
8224,2026-03-26,P014,72,6499,False,0,Online
8225,2026-03-27,P014,79,6499,False,0,B2B
8226,2026-03-28,P014,65,6499,False,0,B2B
8227,2026-03-29,P014,56,6499,False,0,B2B
8228,2026-03-30,P014,88,6499,False,0,Retail
8229,2026-03-31,P014,66,6499,False,0,Retail
8230,2026-04-01,P014,76,6499,False,0,Online
8231,2026-04-02,P014,73,6499,False,0,Retail
8232,2026-04-03,P014,53,6499,False,0,Online
8233,2026-04-04,P014,49,6499,False,0,Online
8234,2026-04-05,P014,60,6499,False,0,Online
8235,2026-04-06,P014,81,6499,False,0,B2B
8236,2026-04-07,P014,81,6499,False,0,Retail
8237,2026-04-08,P014,85,6499,False,0,Online
8238,2026-04-09,P014,62,6499,False,0,B2B
8239,2026-04-10,P014,80,6499,False,0,Online
8240,2026-04-11,P014,57,6499,False,0,Online
8241,2026-04-12,P014,71,6499,False,0,Online
8242,2026-04-13,P014,76,6499,False,0,Online
8243,2026-04-14,P014,67,6499,False,0,B2B
8244,2026-04-15,P014,88,6499,False,0,B2B
8245,2026-04-16,P014,72,6499,False,0,B2B
8246,2026-04-17,P014,62,6499,False,0,Online
8247,2026-04-18,P014,63,6499,False,0,Retail
8248,2026-04-19,P014,60,6499,False,0,Online
8249,2026-04-20,P014,101,6499,False,0,Retail
8250,2026-04-21,P014,83,6499,False,0,Online
8251,2026-04-22,P014,75,6499,False,0,Online
8252,2026-04-23,P014,59,6499,False,0,Online
8253,2026-04-24,P014,52,6499,False,0,Online
8254,2026-04-25,P014,59,6499,False,0,Online
8255,2026-04-26,P014,81,6499,True,20,B2B
8256,2026-04-27,P014,87,6499,False,0,B2B
8257,2026-04-28,P014,90,6499,False,0,Online
8258,2026-04-29,P014,76,6499,False,0,Retail
8259,2026-04-30,P014,71,6499,False,0,Online
8260,2026-05-01,P014,70,6499,False,0,Retail
8261,2026-05-02,P014,62,6499,False,0,Online
8262,2026-05-03,P014,73,6499,True,5,Online
8263,2026-05-04,P014,85,6499,True,20,Online
8264,2026-05-05,P014,66,6499,False,0,Online
8265,2026-05-06,P014,56,6499,False,0,Retail
8266,2026-05-07,P014,72,6499,False,0,Retail
8267,2026-05-08,P014,76,6499,False,0,Online
8268,2026-05-09,P014,57,6499,False,0,Retail
8269,2026-05-10,P014,52,6499,False,0,Online
8270,2026-05-11,P014,77,6499,False,0,Retail
8271,2026-05-12,P014,61,6499,False,0,Online
8272,2026-05-13,P014,82,6499,False,0,Online
8273,2026-05-14,P014,63,6499,False,0,Online
8274,2026-05-15,P014,64,6499,False,0,B2B
8275,2026-05-16,P014,52,6499,False,0,B2B
8276,2026-05-17,P014,65,6499,False,0,Retail
8277,2026-05-18,P014,162,6499,False,0,Online
8278,2026-05-19,P014,74,6499,False,0,Online
8279,2026-05-20,P014,67,6499,False,0,Online
8280,2026-05-21,P014,73,6499,False,0,Online
8281,2026-05-22,P014,63,6499,False,0,B2B
8282,2026-05-23,P014,72,6499,False,0,Online
8283,2026-05-24,P014,84,6499,True,15,Retail
8284,2026-05-25,P014,43,6499,False,0,Online
8285,2026-05-26,P014,59,6499,False,0,Retail
8286,2026-05-27,P014,84,6499,False,0,Retail
8287,2026-05-28,P014,70,6499,False,0,Retail
8288,2026-05-29,P014,61,6499,False,0,Online
8289,2026-05-30,P014,60,6499,False,0,B2B
8290,2026-05-31,P014,51,6499,True,10,B2B
8291,2026-06-01,P014,72,6499,False,0,Retail
8292,2026-06-02,P014,124,6499,True,20,Retail
8293,2026-06-03,P014,82,6499,False,0,Retail
8294,2026-06-04,P014,83,6499,False,0,Retail
8295,2026-06-05,P014,76,6499,False,0,Retail
8296,2026-06-06,P014,69,6499,False,0,B2B
8297,2026-06-07,P014,78,6499,False,0,Retail
8298,2026-06-08,P014,77,6499,True,5,Online
8299,2026-06-09,P014,63,6499,False,0,Online
8300,2026-06-10,P014,73,6499,False,0,B2B
8301,2026-06-11,P014,78,6499,False,0,Retail
8302,2026-06-12,P014,62,6499,False,0,Online
8303,2026-06-13,P014,54,6499,False,0,Online
8304,2026-06-14,P014,58,6499,False,0,Online
8305,2026-06-15,P014,77,6499,False,0,Online
8306,2026-06-16,P014,73,6499,False,0,Retail
8307,2026-06-17,P014,59,6499,False,0,Online
8308,2026-06-18,P014,84,6499,False,0,Retail
8309,2026-06-19,P014,67,6499,False,0,Online
8310,2026-06-20,P014,70,6499,True,5,Retail
8311,2026-06-21,P014,50,6499,False,0,Retail
8312,2026-06-22,P014,119,6499,True,15,Online
8313,2026-06-23,P014,75,6499,False,0,B2B
8314,2026-06-24,P014,95,6499,False,0,B2B
8315,2026-06-25,P014,71,6499,False,0,Online
8316,2026-06-26,P014,72,6499,False,0,Online
8317,2026-06-27,P014,60,6499,False,0,Online
8318,2026-06-28,P014,74,6499,False,0,B2B
8319,2026-06-29,P014,61,6499,False,0,Online
8320,2026-06-30,P014,64,6499,False,0,Online
8321,2026-07-01,P014,58,6499,False,0,B2B
8322,2026-07-02,P014,56,6499,False,0,Online
8323,2026-07-03,P014,93,6499,False,0,Retail
8324,2026-07-04,P014,72,6499,False,0,Retail
8325,2026-07-05,P014,66,6499,False,0,Retail
8326,2026-07-06,P014,91,6499,False,0,B2B
8327,2026-07-07,P014,67,6499,False,0,Retail
8328,2026-07-08,P014,81,6499,True,20,Online
8329,2026-07-09,P014,75,6499,False,0,Online
8330,2026-07-10,P014,64,6499,False,0,Retail
8331,2026-07-11,P014,58,6499,False,0,Online
8332,2026-07-12,P014,77,6499,False,0,Retail
8333,2026-07-13,P014,68,6499,False,0,Online
8334,2026-07-14,P014,83,6499,False,0,Online
8335,2026-07-15,P014,100,6499,True,15,B2B
8336,2026-07-16,P014,72,6499,False,0,Retail
8337,2026-07-17,P014,66,6499,False,0,Online
8338,2026-07-18,P014,55,6499,False,0,Retail
8339,2026-07-19,P014,64,6499,False,0,Online
8340,2026-07-20,P014,72,6499,False,0,B2B
8341,2026-07-21,P014,76,6499,False,0,Retail
8342,2026-07-22,P014,68,6499,False,0,Retail
8343,2026-07-23,P014,89,6499,False,0,B2B
8344,2026-07-24,P014,66,6499,False,0,Online
8345,2026-07-25,P014,62,6499,True,15,Online
8346,2026-07-26,P014,62,6499,False,0,B2B
8347,2026-07-27,P014,68,6499,False,0,Online
8348,2026-07-28,P014,80,6499,False,0,Online
8349,2026-07-29,P014,76,6499,False,0,Online
8350,2026-07-30,P014,85,6499,False,0,Retail
8351,2026-07-31,P014,60,6499,False,0,Online
8352,2026-08-01,P014,72,6499,False,0,Online
8353,2026-08-02,P014,97,6499,True,15,Online
8354,2026-08-03,P014,132,6499,True,20,Retail
8355,2026-08-04,P014,106,6499,False,0,Online
8356,2026-08-05,P014,129,6499,True,20,Online
8357,2026-08-06,P014,108,6499,True,15,Online
8358,2026-08-07,P014,71,6499,False,0,Retail
8359,2026-08-08,P014,73,6499,False,0,Online
8360,2026-08-09,P014,71,6499,False,0,Online
8361,2026-08-10,P014,100,6499,False,0,Online
8362,2026-08-11,P014,95,6499,False,0,Online
8363,2026-08-12,P014,76,6499,False,0,Retail
8364,2026-08-13,P014,110,6499,True,20,B2B
8365,2026-08-14,P014,102,6499,False,0,Online
8366,2026-08-15,P014,83,6499,False,0,Online
8367,2026-08-16,P014,82,6499,False,0,Online
8368,2026-08-17,P014,111,6499,True,10,Online
8369,2026-08-18,P014,95,6499,False,0,B2B
8370,2026-08-19,P014,88,6499,False,0,Online
8371,2026-08-20,P014,75,6499,False,0,Online
8372,2026-08-21,P014,77,6499,False,0,Retail
8373,2025-01-01,P015,46,5999,False,0,Retail
8374,2025-01-02,P015,32,5999,False,0,Retail
8375,2025-01-03,P015,44,5999,False,0,Online
8376,2025-01-04,P015,39,5999,False,0,Online
8377,2025-01-05,P015,33,5999,False,0,B2B
8378,2025-01-06,P015,40,5999,False,0,Online
8379,2025-01-07,P015,49,5999,False,0,Online
8380,2025-01-08,P015,46,5999,False,0,Online
8381,2025-01-09,P015,46,5999,False,0,Retail
8382,2025-01-10,P015,47,5999,False,0,Online
8383,2025-01-11,P015,50,5999,True,15,Online
8384,2025-01-12,P015,46,5999,False,0,Online
8385,2025-01-13,P015,46,5999,False,0,Retail
8386,2025-01-14,P015,37,5999,False,0,Retail
8387,2025-01-15,P015,54,5999,False,0,Online
8388,2025-01-16,P015,47,5999,False,0,Retail
8389,2025-01-17,P015,42,5999,False,0,Online
8390,2025-01-18,P015,34,5999,False,0,Retail
8391,2025-01-19,P015,42,5999,False,0,Retail
8392,2025-01-20,P015,45,5999,False,0,Online
8393,2025-01-21,P015,54,5999,False,0,Retail
8394,2025-01-22,P015,43,5999,False,0,Online
8395,2025-01-23,P015,41,5999,False,0,Retail
8396,2025-01-24,P015,50,5999,False,0,Online
8397,2025-01-25,P015,44,5999,False,0,B2B
8398,2025-01-26,P015,41,5999,False,0,B2B
8399,2025-01-27,P015,64,5999,True,20,Online
8400,2025-01-28,P015,45,5999,False,0,Online
8401,2025-01-29,P015,47,5999,False,0,Online
8402,2025-01-30,P015,52,5999,False,0,B2B
8403,2025-01-31,P015,49,5999,False,0,Online
8404,2025-02-01,P015,39,5999,False,0,Online
8405,2025-02-02,P015,47,5999,False,0,Retail
8406,2025-02-03,P015,33,5999,False,0,Online
8407,2025-02-04,P015,57,5999,False,0,Online
8408,2025-02-05,P015,36,5999,False,0,Retail
8409,2025-02-06,P015,42,5999,False,0,Online
8410,2025-02-07,P015,45,5999,False,0,Online
8411,2025-02-08,P015,39,5999,False,0,Retail
8412,2025-02-09,P015,45,5999,False,0,Online
8413,2025-02-10,P015,40,5999,False,0,Retail
8414,2025-02-11,P015,47,5999,False,0,B2B
8415,2025-02-12,P015,42,5999,False,0,Online
8416,2025-02-13,P015,47,5999,False,0,Online
8417,2025-02-14,P015,45,5999,False,0,Online
8418,2025-02-15,P015,40,5999,False,0,Retail
8419,2025-02-16,P015,37,5999,False,0,Online
8420,2025-02-17,P015,43,5999,False,0,Retail
8421,2025-02-18,P015,47,5999,False,0,Retail
8422,2025-02-19,P015,50,5999,False,0,Online
8423,2025-02-20,P015,43,5999,False,0,Retail
8424,2025-02-21,P015,41,5999,False,0,Online
8425,2025-02-22,P015,43,5999,False,0,Online
8426,2025-02-23,P015,40,5999,False,0,Online
8427,2025-02-24,P015,54,5999,True,5,Retail
8428,2025-02-25,P015,40,5999,False,0,Online
8429,2025-02-26,P015,36,5999,False,0,Retail
8430,2025-02-27,P015,43,5999,False,0,B2B
8431,2025-02-28,P015,42,5999,False,0,Online
8432,2025-03-01,P015,41,5999,False,0,Retail
8433,2025-03-02,P015,39,5999,False,0,Online
8434,2025-03-03,P015,68,5999,True,20,B2B
8435,2025-03-04,P015,54,5999,True,10,B2B
8436,2025-03-05,P015,49,5999,False,0,B2B
8437,2025-03-06,P015,52,5999,True,5,Retail
8438,2025-03-07,P015,49,5999,False,0,Online
8439,2025-03-08,P015,55,5999,True,20,Retail
8440,2025-03-09,P015,45,5999,False,0,Online
8441,2025-03-10,P015,43,5999,False,0,Retail
8442,2025-03-11,P015,56,5999,False,0,Retail
8443,2025-03-12,P015,47,5999,False,0,Online
8444,2025-03-13,P015,40,5999,False,0,Online
8445,2025-03-14,P015,49,5999,False,0,Online
8446,2025-03-15,P015,39,5999,False,0,Online
8447,2025-03-16,P015,46,5999,False,0,Online
8448,2025-03-17,P015,61,5999,False,0,Online
8449,2025-03-18,P015,51,5999,True,10,B2B
8450,2025-03-19,P015,50,5999,False,0,Retail
8451,2025-03-20,P015,38,5999,False,0,Retail
8452,2025-03-21,P015,52,5999,False,0,Online
8453,2025-03-22,P015,38,5999,False,0,Online
8454,2025-03-23,P015,40,5999,False,0,Retail
8455,2025-03-24,P015,44,5999,True,5,B2B
8456,2025-03-25,P015,52,5999,False,0,Online
8457,2025-03-26,P015,54,5999,False,0,Online
8458,2025-03-27,P015,48,5999,False,0,Retail
8459,2025-03-28,P015,44,5999,False,0,Retail
8460,2025-03-29,P015,50,5999,False,0,B2B
8461,2025-03-30,P015,45,5999,True,10,Online
8462,2025-03-31,P015,35,5999,False,0,Retail
8463,2025-04-01,P015,51,5999,False,0,Retail
8464,2025-04-02,P015,41,5999,False,0,Online
8465,2025-04-03,P015,55,5999,False,0,Online
8466,2025-04-04,P015,46,5999,False,0,Retail
8467,2025-04-05,P015,45,5999,False,0,Retail
8468,2025-04-06,P015,49,5999,False,0,Online
8469,2025-04-07,P015,42,5999,False,0,B2B
8470,2025-04-08,P015,45,5999,False,0,Online
8471,2025-04-09,P015,47,5999,False,0,Online
8472,2025-04-10,P015,68,5999,True,10,Retail
8473,2025-04-11,P015,44,5999,False,0,B2B
8474,2025-04-12,P015,40,5999,False,0,Retail
8475,2025-04-13,P015,49,5999,True,5,Online
8476,2025-04-14,P015,45,5999,False,0,Retail
8477,2025-04-15,P015,50,5999,False,0,Online
8478,2025-04-16,P015,40,5999,False,0,Online
8479,2025-04-17,P015,61,5999,False,0,Retail
8480,2025-04-18,P015,40,5999,False,0,Online
8481,2025-04-19,P015,41,5999,False,0,Retail
8482,2025-04-20,P015,42,5999,False,0,Online
8483,2025-04-21,P015,60,5999,False,0,Retail
8484,2025-04-22,P015,46,5999,True,10,Online
8485,2025-04-23,P015,62,5999,False,0,Online
8486,2025-04-24,P015,52,5999,False,0,Online
8487,2025-04-25,P015,91,5999,True,20,Online
8488,2025-04-26,P015,38,5999,False,0,Online
8489,2025-04-27,P015,46,5999,False,0,Online
8490,2025-04-28,P015,45,5999,False,0,Online
8491,2025-04-29,P015,56,5999,False,0,Retail
8492,2025-04-30,P015,42,5999,False,0,Online
8493,2025-05-01,P015,46,5999,False,0,B2B
8494,2025-05-02,P015,43,5999,False,0,Retail
8495,2025-05-03,P015,37,5999,False,0,Retail
8496,2025-05-04,P015,46,5999,False,0,Online
8497,2025-05-05,P015,50,5999,False,0,Online
8498,2025-05-06,P015,52,5999,False,0,Online
8499,2025-05-07,P015,36,5999,False,0,Online
8500,2025-05-08,P015,52,5999,False,0,Retail
8501,2025-05-09,P015,59,5999,False,0,B2B
8502,2025-05-10,P015,38,5999,False,0,Retail
8503,2025-05-11,P015,52,5999,False,0,Online
8504,2025-05-12,P015,46,5999,False,0,Online
8505,2025-05-13,P015,39,5999,False,0,Retail
8506,2025-05-14,P015,46,5999,False,0,B2B
8507,2025-05-15,P015,53,5999,False,0,Retail
8508,2025-05-16,P015,43,5999,False,0,Online
8509,2025-05-17,P015,38,5999,False,0,Online
8510,2025-05-18,P015,44,5999,False,0,Online
8511,2025-05-19,P015,46,5999,False,0,Online
8512,2025-05-20,P015,49,5999,False,0,B2B
8513,2025-05-21,P015,51,5999,True,5,Retail
8514,2025-05-22,P015,49,5999,False,0,Online
8515,2025-05-23,P015,45,5999,False,0,Retail
8516,2025-05-24,P015,42,5999,False,0,B2B
8517,2025-05-25,P015,36,5999,False,0,Retail
8518,2025-05-26,P015,54,5999,False,0,Online
8519,2025-05-27,P015,44,5999,False,0,Retail
8520,2025-05-28,P015,54,5999,False,0,Online
8521,2025-05-29,P015,46,5999,False,0,Retail
8522,2025-05-30,P015,49,5999,False,0,Online
8523,2025-05-31,P015,52,5999,True,20,Online
8524,2025-06-01,P015,36,5999,False,0,Online
8525,2025-06-02,P015,37,5999,False,0,Retail
8526,2025-06-03,P015,40,5999,False,0,B2B
8527,2025-06-04,P015,44,5999,False,0,Online
8528,2025-06-05,P015,47,5999,False,0,Online
8529,2025-06-06,P015,52,5999,False,0,B2B
8530,2025-06-07,P015,38,5999,False,0,Retail
8531,2025-06-08,P015,38,5999,False,0,Retail
8532,2025-06-09,P015,39,5999,False,0,Online
8533,2025-06-10,P015,48,5999,False,0,Retail
8534,2025-06-11,P015,54,5999,False,0,Online
8535,2025-06-12,P015,53,5999,False,0,Online
8536,2025-06-13,P015,52,5999,False,0,Retail
8537,2025-06-14,P015,44,5999,False,0,Retail
8538,2025-06-15,P015,49,5999,False,0,Online
8539,2025-06-16,P015,49,5999,False,0,Online
8540,2025-06-17,P015,50,5999,False,0,Online
8541,2025-06-18,P015,44,5999,False,0,B2B
8542,2025-06-19,P015,38,5999,False,0,Online
8543,2025-06-20,P015,44,5999,False,0,Retail
8544,2025-06-21,P015,41,5999,False,0,Retail
8545,2025-06-22,P015,42,5999,False,0,Online
8546,2025-06-23,P015,59,5999,False,0,Online
8547,2025-06-24,P015,53,5999,True,5,Online
8548,2025-06-25,P015,53,5999,False,0,Online
8549,2025-06-26,P015,44,5999,False,0,Online
8550,2025-06-27,P015,44,5999,False,0,B2B
8551,2025-06-28,P015,36,5999,False,0,Retail
8552,2025-06-29,P015,37,5999,False,0,Online
8553,2025-06-30,P015,66,5999,True,20,Retail
8554,2025-07-01,P015,48,5999,False,0,Online
8555,2025-07-02,P015,68,5999,True,20,Retail
8556,2025-07-03,P015,48,5999,False,0,Online
8557,2025-07-04,P015,46,5999,False,0,Online
8558,2025-07-05,P015,53,5999,False,0,B2B
8559,2025-07-06,P015,41,5999,False,0,Online
8560,2025-07-07,P015,56,5999,False,0,Retail
8561,2025-07-08,P015,46,5999,False,0,Online
8562,2025-07-09,P015,52,5999,False,0,Retail
8563,2025-07-10,P015,51,5999,False,0,Retail
8564,2025-07-11,P015,48,5999,False,0,Online
8565,2025-07-12,P015,30,5999,False,0,Online
8566,2025-07-13,P015,41,5999,False,0,Retail
8567,2025-07-14,P015,55,5999,False,0,Online
8568,2025-07-15,P015,50,5999,False,0,Online
8569,2025-07-16,P015,48,5999,False,0,Retail
8570,2025-07-17,P015,37,5999,False,0,Online
8571,2025-07-18,P015,45,5999,False,0,Online
8572,2025-07-19,P015,45,5999,False,0,Online
8573,2025-07-20,P015,44,5999,False,0,Retail
8574,2025-07-21,P015,52,5999,False,0,Online
8575,2025-07-22,P015,45,5999,False,0,Online
8576,2025-07-23,P015,52,5999,False,0,Online
8577,2025-07-24,P015,49,5999,False,0,Online
8578,2025-07-25,P015,41,5999,False,0,B2B
8579,2025-07-26,P015,29,5999,False,0,Online
8580,2025-07-27,P015,45,5999,False,0,Online
8581,2025-07-28,P015,49,5999,False,0,Retail
8582,2025-07-29,P015,45,5999,False,0,B2B
8583,2025-07-30,P015,38,5999,False,0,B2B
8584,2025-07-31,P015,52,5999,False,0,Online
8585,2025-08-01,P015,54,5999,False,0,Retail
8586,2025-08-02,P015,54,5999,False,0,Online
8587,2025-08-03,P015,64,5999,False,0,Retail
8588,2025-08-04,P015,42,5999,False,0,Online
8589,2025-08-05,P015,53,5999,False,0,Online
8590,2025-08-06,P015,54,5999,False,0,Online
8591,2025-08-07,P015,67,5999,False,0,Retail
8592,2025-08-08,P015,44,5999,False,0,Online
8593,2025-08-09,P015,60,5999,False,0,Online
8594,2025-08-10,P015,51,5999,False,0,Retail
8595,2025-08-11,P015,56,5999,False,0,Retail
8596,2025-08-12,P015,54,5999,False,0,Retail
8597,2025-08-13,P015,56,5999,False,0,Retail
8598,2025-08-14,P015,63,5999,False,0,Online
8599,2025-08-15,P015,51,5999,False,0,B2B
8600,2025-08-16,P015,52,5999,False,0,Online
8601,2025-08-17,P015,47,5999,False,0,Online
8602,2025-08-18,P015,67,5999,False,0,Online
8603,2025-08-19,P015,73,5999,False,0,B2B
8604,2025-08-20,P015,62,5999,False,0,Online
8605,2025-08-21,P015,60,5999,False,0,Online
8606,2025-08-22,P015,62,5999,False,0,Online
8607,2025-08-23,P015,44,5999,False,0,Online
8608,2025-08-24,P015,61,5999,False,0,Online
8609,2025-08-25,P015,41,5999,False,0,Retail
8610,2025-08-26,P015,52,5999,False,0,Retail
8611,2025-08-27,P015,53,5999,False,0,Online
8612,2025-08-28,P015,62,5999,False,0,Retail
8613,2025-08-29,P015,57,5999,False,0,B2B
8614,2025-08-30,P015,48,5999,False,0,B2B
8615,2025-08-31,P015,50,5999,False,0,Online
8616,2025-09-01,P015,49,5999,False,0,B2B
8617,2025-09-02,P015,46,5999,False,0,Online
8618,2025-09-03,P015,64,5999,False,0,Online
8619,2025-09-04,P015,61,5999,False,0,B2B
8620,2025-09-05,P015,68,5999,False,0,Retail
8621,2025-09-06,P015,46,5999,False,0,Retail
8622,2025-09-07,P015,55,5999,False,0,B2B
8623,2025-09-08,P015,55,5999,False,0,Retail
8624,2025-09-09,P015,63,5999,False,0,Retail
8625,2025-09-10,P015,63,5999,False,0,B2B
8626,2025-09-11,P015,59,5999,False,0,B2B
8627,2025-09-12,P015,55,5999,False,0,Online
8628,2025-09-13,P015,58,5999,False,0,Retail
8629,2025-09-14,P015,53,5999,False,0,Retail
8630,2025-09-15,P015,51,5999,False,0,Retail
8631,2025-09-16,P015,49,5999,False,0,Retail
8632,2025-09-17,P015,55,5999,False,0,Online
8633,2025-09-18,P015,68,5999,False,0,Online
8634,2025-09-19,P015,77,5999,True,15,Retail
8635,2025-09-20,P015,45,5999,False,0,B2B
8636,2025-09-21,P015,43,5999,False,0,Retail
8637,2025-09-22,P015,64,5999,False,0,Retail
8638,2025-09-23,P015,48,5999,False,0,Retail
8639,2025-09-24,P015,64,5999,False,0,Online
8640,2025-09-25,P015,54,5999,False,0,B2B
8641,2025-09-26,P015,66,5999,False,0,Retail
8642,2025-09-27,P015,47,5999,False,0,Online
8643,2025-09-28,P015,58,5999,False,0,Online
8644,2025-09-29,P015,59,5999,False,0,Online
8645,2025-09-30,P015,60,5999,False,0,Retail
8646,2025-10-01,P015,42,5999,False,0,Retail
8647,2025-10-02,P015,43,5999,False,0,Online
8648,2025-10-03,P015,51,5999,False,0,Online
8649,2025-10-04,P015,50,5999,False,0,B2B
8650,2025-10-05,P015,40,5999,False,0,Online
8651,2025-10-06,P015,50,5999,False,0,Online
8652,2025-10-07,P015,61,5999,False,0,Retail
8653,2025-10-08,P015,58,5999,False,0,B2B
8654,2025-10-09,P015,56,5999,False,0,Online
8655,2025-10-10,P015,63,5999,False,0,Online
8656,2025-10-11,P015,43,5999,False,0,Retail
8657,2025-10-12,P015,48,5999,False,0,Online
8658,2025-10-13,P015,65,5999,False,0,B2B
8659,2025-10-14,P015,56,5999,False,0,Retail
8660,2025-10-15,P015,58,5999,False,0,Online
8661,2025-10-16,P015,68,5999,False,0,Retail
8662,2025-10-17,P015,47,5999,False,0,Online
8663,2025-10-18,P015,53,5999,False,0,Retail
8664,2025-10-19,P015,57,5999,False,0,Online
8665,2025-10-20,P015,52,5999,False,0,Online
8666,2025-10-21,P015,64,5999,False,0,Online
8667,2025-10-22,P015,48,5999,False,0,Retail
8668,2025-10-23,P015,53,5999,False,0,Retail
8669,2025-10-24,P015,55,5999,False,0,Online
8670,2025-10-25,P015,57,5999,False,0,Online
8671,2025-10-26,P015,54,5999,False,0,Online
8672,2025-10-27,P015,68,5999,False,0,B2B
8673,2025-10-28,P015,57,5999,False,0,Online
8674,2025-10-29,P015,67,5999,False,0,B2B
8675,2025-10-30,P015,51,5999,False,0,Retail
8676,2025-10-31,P015,61,5999,False,0,B2B
8677,2025-11-01,P015,60,5999,True,15,Online
8678,2025-11-02,P015,52,5999,False,0,Online
8679,2025-11-03,P015,61,5999,False,0,B2B
8680,2025-11-04,P015,43,5999,False,0,Online
8681,2025-11-05,P015,51,5999,False,0,Online
8682,2025-11-06,P015,58,5999,False,0,Online
8683,2025-11-07,P015,42,5999,False,0,Online
8684,2025-11-08,P015,57,5999,False,0,Online
8685,2025-11-09,P015,56,5999,False,0,Online
8686,2025-11-10,P015,57,5999,False,0,Retail
8687,2025-11-11,P015,47,5999,False,0,Online
8688,2025-11-12,P015,68,5999,False,0,Online
8689,2025-11-13,P015,71,5999,False,0,Online
8690,2025-11-14,P015,89,5999,False,0,B2B
8691,2025-11-15,P015,51,5999,False,0,Online
8692,2025-11-16,P015,49,5999,False,0,Retail
8693,2025-11-17,P015,62,5999,False,0,Retail
8694,2025-11-18,P015,54,5999,False,0,Online
8695,2025-11-19,P015,59,5999,True,5,Online
8696,2025-11-20,P015,61,5999,False,0,B2B
8697,2025-11-21,P015,73,5999,False,0,Retail
8698,2025-11-22,P015,43,5999,False,0,Retail
8699,2025-11-23,P015,48,5999,False,0,B2B
8700,2025-11-24,P015,49,5999,False,0,B2B
8701,2025-11-25,P015,65,5999,False,0,Online
8702,2025-11-26,P015,67,5999,True,20,Online
8703,2025-11-27,P015,46,5999,False,0,Retail
8704,2025-11-28,P015,61,5999,False,0,Online
8705,2025-11-29,P015,63,5999,False,0,Online
8706,2025-11-30,P015,60,5999,True,10,Online
8707,2025-12-01,P015,60,5999,False,0,Retail
8708,2025-12-02,P015,73,5999,True,20,Online
8709,2025-12-03,P015,63,5999,False,0,Online
8710,2025-12-04,P015,60,5999,True,10,Retail
8711,2025-12-05,P015,55,5999,False,0,Online
8712,2025-12-06,P015,49,5999,False,0,Retail
8713,2025-12-07,P015,40,5999,False,0,B2B
8714,2025-12-08,P015,51,5999,False,0,Retail
8715,2025-12-09,P015,63,5999,False,0,Online
8716,2025-12-10,P015,63,5999,False,0,Online
8717,2025-12-11,P015,60,5999,False,0,Retail
8718,2025-12-12,P015,61,5999,False,0,B2B
8719,2025-12-13,P015,55,5999,False,0,Online
8720,2025-12-14,P015,47,5999,False,0,Retail
8721,2025-12-15,P015,51,5999,False,0,Retail
8722,2025-12-16,P015,54,5999,False,0,Online
8723,2025-12-17,P015,59,5999,False,0,Online
8724,2025-12-18,P015,61,5999,False,0,Retail
8725,2025-12-19,P015,53,5999,False,0,Online
8726,2025-12-20,P015,50,5999,False,0,Online
8727,2025-12-21,P015,72,5999,False,0,Retail
8728,2025-12-22,P015,64,5999,False,0,B2B
8729,2025-12-23,P015,56,5999,False,0,Online
8730,2025-12-24,P015,58,5999,False,0,B2B
8731,2025-12-25,P015,56,5999,False,0,Retail
8732,2025-12-26,P015,58,5999,False,0,Retail
8733,2025-12-27,P015,53,5999,False,0,Online
8734,2025-12-28,P015,49,5999,True,15,Retail
8735,2025-12-29,P015,48,5999,False,0,Retail
8736,2025-12-30,P015,53,5999,False,0,B2B
8737,2025-12-31,P015,55,5999,False,0,Retail
8738,2026-01-01,P015,50,5999,False,0,Online
8739,2026-01-02,P015,60,5999,False,0,Online
8740,2026-01-03,P015,36,5999,False,0,Online
8741,2026-01-04,P015,37,5999,False,0,Retail
8742,2026-01-05,P015,57,5999,False,0,Retail
8743,2026-01-06,P015,49,5999,False,0,Online
8744,2026-01-07,P015,54,5999,False,0,Retail
8745,2026-01-08,P015,60,5999,False,0,Online
8746,2026-01-09,P015,44,5999,False,0,Online
8747,2026-01-10,P015,44,5999,False,0,Online
8748,2026-01-11,P015,40,5999,False,0,Online
8749,2026-01-12,P015,40,5999,False,0,Retail
8750,2026-01-13,P015,48,5999,False,0,Online
8751,2026-01-14,P015,51,5999,False,0,Retail
8752,2026-01-15,P015,51,5999,False,0,Online
8753,2026-01-16,P015,54,5999,False,0,Retail
8754,2026-01-17,P015,41,5999,False,0,B2B
8755,2026-01-18,P015,38,5999,False,0,Online
8756,2026-01-19,P015,56,5999,False,0,B2B
8757,2026-01-20,P015,46,5999,False,0,Retail
8758,2026-01-21,P015,49,5999,False,0,Retail
8759,2026-01-22,P015,50,5999,False,0,Retail
8760,2026-01-23,P015,59,5999,False,0,Online
8761,2026-01-24,P015,48,5999,False,0,Retail
8762,2026-01-25,P015,44,5999,True,10,Online
8763,2026-01-26,P015,45,5999,False,0,Online
8764,2026-01-27,P015,50,5999,False,0,Online
8765,2026-01-28,P015,51,5999,False,0,Online
8766,2026-01-29,P015,45,5999,False,0,Online
8767,2026-01-30,P015,59,5999,False,0,Retail
8768,2026-01-31,P015,42,5999,False,0,Retail
8769,2026-02-01,P015,42,5999,False,0,Retail
8770,2026-02-02,P015,58,5999,False,0,B2B
8771,2026-02-03,P015,47,5999,False,0,Online
8772,2026-02-04,P015,60,5999,False,0,B2B
8773,2026-02-05,P015,42,5999,False,0,Retail
8774,2026-02-06,P015,54,5999,False,0,Retail
8775,2026-02-07,P015,50,5999,False,0,Online
8776,2026-02-08,P015,38,5999,False,0,Retail
8777,2026-02-09,P015,45,5999,False,0,Online
8778,2026-02-10,P015,55,5999,False,0,Online
8779,2026-02-11,P015,55,5999,False,0,Online
8780,2026-02-12,P015,51,5999,False,0,Online
8781,2026-02-13,P015,44,5999,False,0,Retail
8782,2026-02-14,P015,49,5999,False,0,B2B
8783,2026-02-15,P015,48,5999,False,0,Online
8784,2026-02-16,P015,42,5999,False,0,Online
8785,2026-02-17,P015,44,5999,False,0,B2B
8786,2026-02-18,P015,49,5999,False,0,Retail
8787,2026-02-19,P015,52,5999,False,0,Retail
8788,2026-02-20,P015,49,5999,False,0,Online
8789,2026-02-21,P015,48,5999,False,0,B2B
8790,2026-02-22,P015,41,5999,False,0,Retail
8791,2026-02-23,P015,35,5999,False,0,Retail
8792,2026-02-24,P015,45,5999,False,0,Online
8793,2026-02-25,P015,53,5999,False,0,Online
8794,2026-02-26,P015,52,5999,False,0,Retail
8795,2026-02-27,P015,43,5999,False,0,Retail
8796,2026-02-28,P015,34,5999,False,0,Retail
8797,2026-03-01,P015,40,5999,False,0,Retail
8798,2026-03-02,P015,56,5999,False,0,Retail
8799,2026-03-03,P015,77,5999,True,15,Online
8800,2026-03-04,P015,64,5999,False,0,Online
8801,2026-03-05,P015,46,5999,False,0,Online
8802,2026-03-06,P015,45,5999,False,0,Retail
8803,2026-03-07,P015,52,5999,False,0,Retail
8804,2026-03-08,P015,51,5999,False,0,Online
8805,2026-03-09,P015,55,5999,False,0,B2B
8806,2026-03-10,P015,40,5999,True,5,Online
8807,2026-03-11,P015,49,5999,False,0,Retail
8808,2026-03-12,P015,53,5999,False,0,Online
8809,2026-03-13,P015,54,5999,False,0,Retail
8810,2026-03-14,P015,69,5999,True,20,Retail
8811,2026-03-15,P015,81,5999,False,0,Online
8812,2026-03-16,P015,57,5999,False,0,Retail
8813,2026-03-17,P015,57,5999,False,0,Online
8814,2026-03-18,P015,59,5999,False,0,Retail
8815,2026-03-19,P015,56,5999,False,0,Retail
8816,2026-03-20,P015,54,5999,False,0,Online
8817,2026-03-21,P015,49,5999,False,0,Online
8818,2026-03-22,P015,56,5999,True,10,Online
8819,2026-03-23,P015,58,5999,False,0,Online
8820,2026-03-24,P015,53,5999,False,0,Online
8821,2026-03-25,P015,53,5999,False,0,Online
8822,2026-03-26,P015,65,5999,False,0,Online
8823,2026-03-27,P015,64,5999,True,15,Retail
8824,2026-03-28,P015,44,5999,False,0,Online
8825,2026-03-29,P015,53,5999,False,0,Online
8826,2026-03-30,P015,48,5999,False,0,B2B
8827,2026-03-31,P015,47,5999,False,0,Online
8828,2026-04-01,P015,59,5999,False,0,Online
8829,2026-04-02,P015,58,5999,False,0,B2B
8830,2026-04-03,P015,47,5999,False,0,Online
8831,2026-04-04,P015,46,5999,False,0,Retail
8832,2026-04-05,P015,41,5999,False,0,Online
8833,2026-04-06,P015,52,5999,False,0,B2B
8834,2026-04-07,P015,58,5999,False,0,Retail
8835,2026-04-08,P015,60,5999,False,0,Online
8836,2026-04-09,P015,48,5999,False,0,Retail
8837,2026-04-10,P015,51,5999,False,0,Retail
8838,2026-04-11,P015,38,5999,False,0,B2B
8839,2026-04-12,P015,54,5999,False,0,Online
8840,2026-04-13,P015,56,5999,False,0,Retail
8841,2026-04-14,P015,46,5999,False,0,Online
8842,2026-04-15,P015,58,5999,False,0,Online
8843,2026-04-16,P015,52,5999,False,0,B2B
8844,2026-04-17,P015,47,5999,False,0,Retail
8845,2026-04-18,P015,48,5999,False,0,Online
8846,2026-04-19,P015,44,5999,False,0,B2B
8847,2026-04-20,P015,58,5999,True,5,Online
8848,2026-04-21,P015,54,5999,False,0,Retail
8849,2026-04-22,P015,65,5999,True,15,Online
8850,2026-04-23,P015,53,5999,False,0,B2B
8851,2026-04-24,P015,68,5999,False,0,Online
8852,2026-04-25,P015,44,5999,False,0,Online
8853,2026-04-26,P015,40,5999,False,0,Online
8854,2026-04-27,P015,43,5999,False,0,Online
8855,2026-04-28,P015,52,5999,False,0,Online
8856,2026-04-29,P015,50,5999,False,0,Online
8857,2026-04-30,P015,51,5999,False,0,Retail
8858,2026-05-01,P015,52,5999,False,0,Retail
8859,2026-05-02,P015,39,5999,False,0,Retail
8860,2026-05-03,P015,33,5999,False,0,B2B
8861,2026-05-04,P015,52,5999,False,0,Online
8862,2026-05-05,P015,62,5999,True,20,Retail
8863,2026-05-06,P015,46,5999,False,0,Retail
8864,2026-05-07,P015,42,5999,False,0,Online
8865,2026-05-08,P015,55,5999,False,0,Online
8866,2026-05-09,P015,66,5999,True,20,B2B
8867,2026-05-10,P015,45,5999,False,0,Retail
8868,2026-05-11,P015,45,5999,False,0,Retail
8869,2026-05-12,P015,53,5999,False,0,Online
8870,2026-05-13,P015,45,5999,False,0,Retail
8871,2026-05-14,P015,60,5999,False,0,Online
8872,2026-05-15,P015,56,5999,False,0,Retail
8873,2026-05-16,P015,33,5999,False,0,Retail
8874,2026-05-17,P015,44,5999,False,0,Online
8875,2026-05-18,P015,54,5999,False,0,Online
8876,2026-05-19,P015,47,5999,False,0,Retail
8877,2026-05-20,P015,53,5999,False,0,B2B
8878,2026-05-21,P015,40,5999,False,0,Retail
8879,2026-05-22,P015,72,5999,True,20,Retail
8880,2026-05-23,P015,44,5999,False,0,Retail
8881,2026-05-24,P015,53,5999,False,0,Online
8882,2026-05-25,P015,44,5999,False,0,Retail
8883,2026-05-26,P015,56,5999,False,0,Online
8884,2026-05-27,P015,56,5999,True,10,Retail
8885,2026-05-28,P015,64,5999,False,0,Retail
8886,2026-05-29,P015,57,5999,False,0,Online
8887,2026-05-30,P015,44,5999,False,0,Online
8888,2026-05-31,P015,45,5999,False,0,Online
8889,2026-06-01,P015,54,5999,False,0,B2B
8890,2026-06-02,P015,49,5999,False,0,Retail
8891,2026-06-03,P015,52,5999,True,10,Online
8892,2026-06-04,P015,58,5999,False,0,Online
8893,2026-06-05,P015,44,5999,False,0,Online
8894,2026-06-06,P015,55,5999,True,20,Online
8895,2026-06-07,P015,40,5999,False,0,Online
8896,2026-06-08,P015,65,5999,False,0,Online
8897,2026-06-09,P015,52,5999,False,0,Retail
8898,2026-06-10,P015,56,5999,False,0,Retail
8899,2026-06-11,P015,41,5999,False,0,Retail
8900,2026-06-12,P015,54,5999,False,0,Retail
8901,2026-06-13,P015,45,5999,False,0,Online
8902,2026-06-14,P015,47,5999,False,0,B2B
8903,2026-06-15,P015,45,5999,False,0,Retail
8904,2026-06-16,P015,50,5999,False,0,Retail
8905,2026-06-17,P015,69,5999,True,20,Retail
8906,2026-06-18,P015,44,5999,False,0,Online
8907,2026-06-19,P015,53,5999,False,0,Online
8908,2026-06-20,P015,35,5999,False,0,B2B
8909,2026-06-21,P015,44,5999,False,0,B2B
8910,2026-06-22,P015,58,5999,False,0,Online
8911,2026-06-23,P015,47,5999,False,0,Online
8912,2026-06-24,P015,48,5999,False,0,Retail
8913,2026-06-25,P015,54,5999,False,0,Online
8914,2026-06-26,P015,49,5999,False,0,Online
8915,2026-06-27,P015,40,5999,False,0,Online
8916,2026-06-28,P015,46,5999,False,0,B2B
8917,2026-06-29,P015,65,5999,False,0,Online
8918,2026-06-30,P015,46,5999,False,0,Retail
8919,2026-07-01,P015,43,5999,False,0,B2B
8920,2026-07-02,P015,53,5999,False,0,Online
8921,2026-07-03,P015,67,5999,False,0,Online
8922,2026-07-04,P015,46,5999,False,0,Retail
8923,2026-07-05,P015,49,5999,False,0,Retail
8924,2026-07-06,P015,53,5999,False,0,Retail
8925,2026-07-07,P015,45,5999,False,0,B2B
8926,2026-07-08,P015,55,5999,False,0,Retail
8927,2026-07-09,P015,43,5999,False,0,Online
8928,2026-07-10,P015,47,5999,False,0,Online
8929,2026-07-11,P015,40,5999,False,0,Retail
8930,2026-07-12,P015,50,5999,False,0,Retail
8931,2026-07-13,P015,51,5999,False,0,Retail
8932,2026-07-14,P015,52,5999,False,0,B2B
8933,2026-07-15,P015,56,5999,False,0,Retail
8934,2026-07-16,P015,62,5999,True,20,Retail
8935,2026-07-17,P015,58,5999,False,0,Online
8936,2026-07-18,P015,42,5999,False,0,Online
8937,2026-07-19,P015,47,5999,True,15,Online
8938,2026-07-20,P015,65,5999,False,0,Retail
8939,2026-07-21,P015,60,5999,False,0,Online
8940,2026-07-22,P015,52,5999,False,0,Retail
8941,2026-07-23,P015,65,5999,False,0,B2B
8942,2026-07-24,P015,65,5999,False,0,Retail
8943,2026-07-25,P015,47,5999,False,0,Online
8944,2026-07-26,P015,50,5999,False,0,Online
8945,2026-07-27,P015,46,5999,False,0,Online
8946,2026-07-28,P015,50,5999,False,0,Online
8947,2026-07-29,P015,62,5999,True,20,Online
8948,2026-07-30,P015,49,5999,False,0,Online
8949,2026-07-31,P015,62,5999,True,10,B2B
8950,2026-08-01,P015,64,5999,False,0,Retail
8951,2026-08-02,P015,59,5999,False,0,Retail
8952,2026-08-03,P015,65,5999,True,20,Online
8953,2026-08-04,P015,59,5999,False,0,Online
8954,2026-08-05,P015,64,5999,False,0,Online
8955,2026-08-06,P015,57,5999,False,0,B2B
8956,2026-08-07,P015,74,5999,False,0,Online
8957,2026-08-08,P015,44,5999,False,0,Retail
8958,2026-08-09,P015,47,5999,False,0,B2B
8959,2026-08-10,P015,67,5999,False,0,Retail
8960,2026-08-11,P015,63,5999,False,0,Online
8961,2026-08-12,P015,72,5999,False,0,Online
8962,2026-08-13,P015,67,5999,False,0,Online
8963,2026-08-14,P015,60,5999,False,0,Retail
8964,2026-08-15,P015,55,5999,False,0,Retail
8965,2026-08-16,P015,65,5999,False,0,Online
8966,2026-08-17,P015,49,5999,False,0,Retail
8967,2026-08-18,P015,66,5999,True,5,B2B
8968,2026-08-19,P015,58,5999,False,0,Retail
8969,2026-08-20,P015,70,5999,False,0,Online
8970,2026-08-21,P015,78,5999,True,5,Retail
8971,2025-01-01,P016,22,10499,False,0,Online
8972,2025-01-02,P016,27,10499,False,0,Retail
8973,2025-01-03,P016,21,10499,False,0,Online
8974,2025-01-04,P016,23,10499,False,0,B2B
8975,2025-01-05,P016,22,10499,False,0,Online
8976,2025-01-06,P016,20,10499,False,0,B2B
8977,2025-01-07,P016,24,10499,False,0,Online
8978,2025-01-08,P016,23,10499,False,0,B2B
8979,2025-01-09,P016,25,10499,False,0,Online
8980,2025-01-10,P016,22,10499,False,0,Online
8981,2025-01-11,P016,19,10499,False,0,Retail
8982,2025-01-12,P016,24,10499,False,0,Retail
8983,2025-01-13,P016,28,10499,True,15,Retail
8984,2025-01-14,P016,25,10499,False,0,Retail
8985,2025-01-15,P016,22,10499,False,0,Retail
8986,2025-01-16,P016,30,10499,True,5,Online
8987,2025-01-17,P016,21,10499,False,0,Retail
8988,2025-01-18,P016,19,10499,False,0,Retail
8989,2025-01-19,P016,24,10499,False,0,Online
8990,2025-01-20,P016,22,10499,False,0,Retail
8991,2025-01-21,P016,27,10499,False,0,Online
8992,2025-01-22,P016,28,10499,True,5,B2B
8993,2025-01-23,P016,23,10499,False,0,B2B
8994,2025-01-24,P016,18,10499,False,0,Retail
8995,2025-01-25,P016,20,10499,False,0,Online
8996,2025-01-26,P016,21,10499,False,0,B2B
8997,2025-01-27,P016,26,10499,False,0,Online
8998,2025-01-28,P016,27,10499,False,0,Online
8999,2025-01-29,P016,21,10499,False,0,Retail
9000,2025-01-30,P016,25,10499,False,0,Retail
9001,2025-01-31,P016,25,10499,False,0,Online
9002,2025-02-01,P016,23,10499,False,0,Retail
9003,2025-02-02,P016,21,10499,False,0,Online
9004,2025-02-03,P016,18,10499,False,0,Online
9005,2025-02-04,P016,23,10499,False,0,Online
9006,2025-02-05,P016,20,10499,False,0,B2B
9007,2025-02-06,P016,23,10499,False,0,Online
9008,2025-02-07,P016,26,10499,False,0,Retail
9009,2025-02-08,P016,21,10499,False,0,Retail
9010,2025-02-09,P016,23,10499,False,0,Online
9011,2025-02-10,P016,24,10499,False,0,Online
9012,2025-02-11,P016,19,10499,False,0,Online
9013,2025-02-12,P016,16,10499,False,0,Online
9014,2025-02-13,P016,23,10499,False,0,Online
9015,2025-02-14,P016,23,10499,False,0,B2B
9016,2025-02-15,P016,24,10499,False,0,Online
9017,2025-02-16,P016,16,10499,False,0,Retail
9018,2025-02-17,P016,21,10499,False,0,Online
9019,2025-02-18,P016,23,10499,False,0,Online
9020,2025-02-19,P016,25,10499,False,0,Online
9021,2025-02-20,P016,29,10499,True,15,B2B
9022,2025-02-21,P016,30,10499,True,5,Online
9023,2025-02-22,P016,18,10499,False,0,Retail
9024,2025-02-23,P016,23,10499,False,0,B2B
9025,2025-02-24,P016,29,10499,True,15,Retail
9026,2025-02-25,P016,29,10499,True,10,Online
9027,2025-02-26,P016,22,10499,False,0,Online
9028,2025-02-27,P016,26,10499,False,0,Retail
9029,2025-02-28,P016,24,10499,False,0,Online
9030,2025-03-01,P016,20,10499,False,0,B2B
9031,2025-03-02,P016,21,10499,False,0,Online
9032,2025-03-03,P016,24,10499,False,0,Retail
9033,2025-03-04,P016,26,10499,False,0,Retail
9034,2025-03-05,P016,21,10499,False,0,B2B
9035,2025-03-06,P016,24,10499,False,0,Online
9036,2025-03-07,P016,26,10499,False,0,Online
9037,2025-03-08,P016,22,10499,False,0,Online
9038,2025-03-09,P016,25,10499,False,0,Online
9039,2025-03-10,P016,27,10499,False,0,B2B
9040,2025-03-11,P016,25,10499,False,0,Online
9041,2025-03-12,P016,25,10499,False,0,Online
9042,2025-03-13,P016,25,10499,False,0,Online
9043,2025-03-14,P016,26,10499,False,0,Online
9044,2025-03-15,P016,17,10499,False,0,B2B
9045,2025-03-16,P016,21,10499,False,0,Online
9046,2025-03-17,P016,23,10499,True,10,Retail
9047,2025-03-18,P016,29,10499,False,0,Retail
9048,2025-03-19,P016,25,10499,False,0,Online
9049,2025-03-20,P016,24,10499,False,0,B2B
9050,2025-03-21,P016,28,10499,False,0,Online
9051,2025-03-22,P016,23,10499,False,0,Online
9052,2025-03-23,P016,25,10499,True,20,Online
9053,2025-03-24,P016,24,10499,False,0,Online
9054,2025-03-25,P016,27,10499,True,10,B2B
9055,2025-03-26,P016,19,10499,False,0,Online
9056,2025-03-27,P016,23,10499,False,0,B2B
9057,2025-03-28,P016,24,10499,False,0,Online
9058,2025-03-29,P016,22,10499,False,0,B2B
9059,2025-03-30,P016,18,10499,False,0,Online
9060,2025-03-31,P016,28,10499,False,0,B2B
9061,2025-04-01,P016,25,10499,False,0,Retail
9062,2025-04-02,P016,25,10499,False,0,Online
9063,2025-04-03,P016,26,10499,False,0,Online
9064,2025-04-04,P016,23,10499,False,0,Online
9065,2025-04-05,P016,23,10499,False,0,Retail
9066,2025-04-06,P016,21,10499,False,0,Online
9067,2025-04-07,P016,22,10499,False,0,Online
9068,2025-04-08,P016,26,10499,False,0,Online
9069,2025-04-09,P016,31,10499,True,5,B2B
9070,2025-04-10,P016,35,10499,True,20,Retail
9071,2025-04-11,P016,27,10499,False,0,B2B
9072,2025-04-12,P016,20,10499,False,0,Retail
9073,2025-04-13,P016,18,10499,False,0,Retail
9074,2025-04-14,P016,29,10499,False,0,Online
9075,2025-04-15,P016,31,10499,False,0,Retail
9076,2025-04-16,P016,29,10499,False,0,Online
9077,2025-04-17,P016,24,10499,False,0,Retail
9078,2025-04-18,P016,22,10499,False,0,Retail
9079,2025-04-19,P016,19,10499,False,0,Online
9080,2025-04-20,P016,17,10499,False,0,Online
9081,2025-04-21,P016,24,10499,False,0,Retail
9082,2025-04-22,P016,30,10499,False,0,Online
9083,2025-04-23,P016,24,10499,False,0,Retail
9084,2025-04-24,P016,25,10499,False,0,Retail
9085,2025-04-25,P016,35,10499,True,15,Retail
9086,2025-04-26,P016,27,10499,True,20,B2B
9087,2025-04-27,P016,32,10499,True,10,Retail
9088,2025-04-28,P016,30,10499,False,0,Retail
9089,2025-04-29,P016,25,10499,False,0,Online
9090,2025-04-30,P016,23,10499,False,0,Retail
9091,2025-05-01,P016,25,10499,False,0,Online
9092,2025-05-02,P016,22,10499,False,0,B2B
9093,2025-05-03,P016,18,10499,False,0,Online
9094,2025-05-04,P016,25,10499,False,0,Retail
9095,2025-05-05,P016,27,10499,False,0,Online
9096,2025-05-06,P016,24,10499,False,0,Online
9097,2025-05-07,P016,23,10499,True,10,Online
9098,2025-05-08,P016,20,10499,False,0,Retail
9099,2025-05-09,P016,24,10499,False,0,Online
9100,2025-05-10,P016,20,10499,False,0,Online
9101,2025-05-11,P016,20,10499,False,0,Online
9102,2025-05-12,P016,27,10499,False,0,Online
9103,2025-05-13,P016,26,10499,False,0,Online
9104,2025-05-14,P016,27,10499,False,0,Retail
9105,2025-05-15,P016,21,10499,False,0,Retail
9106,2025-05-16,P016,22,10499,False,0,B2B
9107,2025-05-17,P016,23,10499,False,0,Online
9108,2025-05-18,P016,22,10499,False,0,Online
9109,2025-05-19,P016,28,10499,False,0,Online
9110,2025-05-20,P016,25,10499,False,0,Online
9111,2025-05-21,P016,28,10499,False,0,Retail
9112,2025-05-22,P016,26,10499,False,0,Retail
9113,2025-05-23,P016,27,10499,False,0,Online
9114,2025-05-24,P016,20,10499,False,0,Retail
9115,2025-05-25,P016,21,10499,False,0,Retail
9116,2025-05-26,P016,26,10499,False,0,Online
9117,2025-05-27,P016,28,10499,False,0,Online
9118,2025-05-28,P016,25,10499,False,0,Online
9119,2025-05-29,P016,24,10499,False,0,B2B
9120,2025-05-30,P016,29,10499,False,0,Retail
9121,2025-05-31,P016,20,10499,True,20,B2B
9122,2025-06-01,P016,17,10499,False,0,Retail
9123,2025-06-02,P016,26,10499,False,0,Online
9124,2025-06-03,P016,23,10499,False,0,Online
9125,2025-06-04,P016,25,10499,False,0,Retail
9126,2025-06-05,P016,25,10499,False,0,Online
9127,2025-06-06,P016,25,10499,False,0,Online
9128,2025-06-07,P016,19,10499,False,0,B2B
9129,2025-06-08,P016,23,10499,False,0,Online
9130,2025-06-09,P016,26,10499,False,0,Online
9131,2025-06-10,P016,27,10499,False,0,Online
9132,2025-06-11,P016,36,10499,True,15,Online
9133,2025-06-12,P016,32,10499,True,20,B2B
9134,2025-06-13,P016,33,10499,True,20,Online
9135,2025-06-14,P016,18,10499,False,0,Retail
9136,2025-06-15,P016,20,10499,False,0,B2B
9137,2025-06-16,P016,23,10499,False,0,Online
9138,2025-06-17,P016,27,10499,False,0,Online
9139,2025-06-18,P016,23,10499,False,0,B2B
9140,2025-06-19,P016,28,10499,True,5,Online
9141,2025-06-20,P016,24,10499,False,0,B2B
9142,2025-06-21,P016,21,10499,False,0,Retail
9143,2025-06-22,P016,21,10499,False,0,Online
9144,2025-06-23,P016,22,10499,False,0,Online
9145,2025-06-24,P016,22,10499,False,0,Online
9146,2025-06-25,P016,20,10499,False,0,Online
9147,2025-06-26,P016,24,10499,False,0,Online
9148,2025-06-27,P016,23,10499,False,0,Retail
9149,2025-06-28,P016,20,10499,False,0,Online
9150,2025-06-29,P016,23,10499,False,0,Retail
9151,2025-06-30,P016,27,10499,False,0,Online
9152,2025-07-01,P016,25,10499,False,0,Retail
9153,2025-07-02,P016,27,10499,False,0,Retail
9154,2025-07-03,P016,26,10499,False,0,Retail
9155,2025-07-04,P016,23,10499,False,0,Online
9156,2025-07-05,P016,20,10499,False,0,Retail
9157,2025-07-06,P016,22,10499,False,0,Retail
9158,2025-07-07,P016,25,10499,False,0,Online
9159,2025-07-08,P016,28,10499,False,0,B2B
9160,2025-07-09,P016,37,10499,True,20,Online
9161,2025-07-10,P016,26,10499,True,10,Online
9162,2025-07-11,P016,24,10499,False,0,Retail
9163,2025-07-12,P016,38,10499,False,0,Online
9164,2025-07-13,P016,24,10499,False,0,B2B
9165,2025-07-14,P016,26,10499,False,0,Online
9166,2025-07-15,P016,23,10499,False,0,Online
9167,2025-07-16,P016,20,10499,False,0,B2B
9168,2025-07-17,P016,21,10499,False,0,Online
9169,2025-07-18,P016,25,10499,False,0,Online
9170,2025-07-19,P016,23,10499,False,0,Retail
9171,2025-07-20,P016,19,10499,False,0,Online
9172,2025-07-21,P016,25,10499,False,0,Retail
9173,2025-07-22,P016,26,10499,False,0,Retail
9174,2025-07-23,P016,20,10499,False,0,Retail
9175,2025-07-24,P016,27,10499,False,0,B2B
9176,2025-07-25,P016,22,10499,False,0,Online
9177,2025-07-26,P016,24,10499,False,0,Online
9178,2025-07-27,P016,19,10499,False,0,Online
9179,2025-07-28,P016,21,10499,False,0,Online
9180,2025-07-29,P016,23,10499,False,0,Online
9181,2025-07-30,P016,23,10499,False,0,Retail
9182,2025-07-31,P016,22,10499,False,0,Online
9183,2025-08-01,P016,28,10499,False,0,Online
9184,2025-08-02,P016,27,10499,False,0,Online
9185,2025-08-03,P016,25,10499,False,0,Online
9186,2025-08-04,P016,29,10499,False,0,Retail
9187,2025-08-05,P016,28,10499,True,15,Online
9188,2025-08-06,P016,32,10499,False,0,B2B
9189,2025-08-07,P016,29,10499,False,0,Retail
9190,2025-08-08,P016,34,10499,False,0,Online
9191,2025-08-09,P016,23,10499,False,0,Online
9192,2025-08-10,P016,20,10499,False,0,Retail
9193,2025-08-11,P016,31,10499,False,0,Online
9194,2025-08-12,P016,32,10499,False,0,Retail
9195,2025-08-13,P016,25,10499,False,0,B2B
9196,2025-08-14,P016,23,10499,False,0,Online
9197,2025-08-15,P016,34,10499,False,0,Online
9198,2025-08-16,P016,31,10499,False,0,B2B
9199,2025-08-17,P016,19,10499,False,0,B2B
9200,2025-08-18,P016,27,10499,False,0,Online
9201,2025-08-19,P016,36,10499,False,0,Retail
9202,2025-08-20,P016,28,10499,False,0,Retail
9203,2025-08-21,P016,26,10499,False,0,Retail
9204,2025-08-22,P016,27,10499,False,0,Online
9205,2025-08-23,P016,23,10499,False,0,Online
9206,2025-08-24,P016,20,10499,False,0,Online
9207,2025-08-25,P016,34,10499,False,0,Retail
9208,2025-08-26,P016,22,10499,False,0,Retail
9209,2025-08-27,P016,31,10499,False,0,Online
9210,2025-08-28,P016,32,10499,False,0,Online
9211,2025-08-29,P016,25,10499,False,0,Retail
9212,2025-08-30,P016,23,10499,False,0,B2B
9213,2025-08-31,P016,29,10499,False,0,Online
9214,2025-09-01,P016,30,10499,False,0,Online
9215,2025-09-02,P016,27,10499,False,0,Online
9216,2025-09-03,P016,32,10499,False,0,Online
9217,2025-09-04,P016,33,10499,False,0,Retail
9218,2025-09-05,P016,30,10499,False,0,Online
9219,2025-09-06,P016,24,10499,False,0,Online
9220,2025-09-07,P016,25,10499,False,0,Online
9221,2025-09-08,P016,37,10499,True,10,Retail
9222,2025-09-09,P016,29,10499,False,0,Online
9223,2025-09-10,P016,32,10499,False,0,Online
9224,2025-09-11,P016,25,10499,False,0,Online
9225,2025-09-12,P016,25,10499,False,0,Online
9226,2025-09-13,P016,27,10499,False,0,B2B
9227,2025-09-14,P016,23,10499,False,0,Online
9228,2025-09-15,P016,28,10499,False,0,B2B
9229,2025-09-16,P016,24,10499,False,0,B2B
9230,2025-09-17,P016,30,10499,False,0,Retail
9231,2025-09-18,P016,29,10499,False,0,Online
9232,2025-09-19,P016,30,10499,False,0,B2B
9233,2025-09-20,P016,25,10499,False,0,Retail
9234,2025-09-21,P016,25,10499,False,0,Retail
9235,2025-09-22,P016,35,10499,False,0,B2B
9236,2025-09-23,P016,29,10499,True,10,Online
9237,2025-09-24,P016,32,10499,False,0,Online
9238,2025-09-25,P016,23,10499,False,0,Online
9239,2025-09-26,P016,28,10499,False,0,Online
9240,2025-09-27,P016,22,10499,False,0,Online
9241,2025-09-28,P016,29,10499,False,0,B2B
9242,2025-09-29,P016,30,10499,False,0,Online
9243,2025-09-30,P016,28,10499,False,0,Retail
9244,2025-10-01,P016,24,10499,False,0,Online
9245,2025-10-02,P016,26,10499,False,0,Online
9246,2025-10-03,P016,27,10499,False,0,Retail
9247,2025-10-04,P016,27,10499,False,0,B2B
9248,2025-10-05,P016,23,10499,False,0,B2B
9249,2025-10-06,P016,33,10499,False,0,Retail
9250,2025-10-07,P016,22,10499,False,0,B2B
9251,2025-10-08,P016,24,10499,False,0,B2B
9252,2025-10-09,P016,41,10499,True,15,Retail
9253,2025-10-10,P016,27,10499,False,0,Retail
9254,2025-10-11,P016,20,10499,False,0,Online
9255,2025-10-12,P016,25,10499,False,0,Online
9256,2025-10-13,P016,35,10499,True,15,Online
9257,2025-10-14,P016,27,10499,False,0,Online
9258,2025-10-15,P016,27,10499,True,5,Retail
9259,2025-10-16,P016,37,10499,False,0,Online
9260,2025-10-17,P016,36,10499,True,15,Online
9261,2025-10-18,P016,19,10499,False,0,Online
9262,2025-10-19,P016,30,10499,False,0,Retail
9263,2025-10-20,P016,30,10499,False,0,Online
9264,2025-10-21,P016,27,10499,False,0,Online
9265,2025-10-22,P016,25,10499,False,0,Online
9266,2025-10-23,P016,39,10499,True,20,Retail
9267,2025-10-24,P016,26,10499,False,0,B2B
9268,2025-10-25,P016,20,10499,False,0,Retail
9269,2025-10-26,P016,29,10499,False,0,Online
9270,2025-10-27,P016,25,10499,False,0,Online
9271,2025-10-28,P016,35,10499,False,0,Online
9272,2025-10-29,P016,31,10499,False,0,B2B
9273,2025-10-30,P016,25,10499,False,0,Online
9274,2025-10-31,P016,31,10499,False,0,Retail
9275,2025-11-01,P016,24,10499,False,0,Online
9276,2025-11-02,P016,19,10499,False,0,Online
9277,2025-11-03,P016,27,10499,False,0,Online
9278,2025-11-04,P016,31,10499,False,0,Online
9279,2025-11-05,P016,28,10499,False,0,Retail
9280,2025-11-06,P016,27,10499,False,0,Retail
9281,2025-11-07,P016,31,10499,False,0,Online
9282,2025-11-08,P016,26,10499,False,0,Online
9283,2025-11-09,P016,24,10499,False,0,Online
9284,2025-11-10,P016,32,10499,False,0,Retail
9285,2025-11-11,P016,30,10499,False,0,Retail
9286,2025-11-12,P016,19,10499,False,0,B2B
9287,2025-11-13,P016,30,10499,False,0,Retail
9288,2025-11-14,P016,29,10499,False,0,Retail
9289,2025-11-15,P016,26,10499,False,0,Retail
9290,2025-11-16,P016,28,10499,False,0,Retail
9291,2025-11-17,P016,34,10499,True,20,Online
9292,2025-11-18,P016,30,10499,False,0,Retail
9293,2025-11-19,P016,24,10499,False,0,Retail
9294,2025-11-20,P016,29,10499,False,0,Online
9295,2025-11-21,P016,34,10499,False,0,Online
9296,2025-11-22,P016,22,10499,False,0,Retail
9297,2025-11-23,P016,23,10499,False,0,Online
9298,2025-11-24,P016,27,10499,False,0,B2B
9299,2025-11-25,P016,28,10499,False,0,Retail
9300,2025-11-26,P016,25,10499,False,0,B2B
9301,2025-11-27,P016,30,10499,False,0,Online
9302,2025-11-28,P016,33,10499,False,0,Retail
9303,2025-11-29,P016,28,10499,False,0,Retail
9304,2025-11-30,P016,20,10499,False,0,Online
9305,2025-12-01,P016,30,10499,False,0,Online
9306,2025-12-02,P016,34,10499,False,0,Online
9307,2025-12-03,P016,31,10499,False,0,B2B
9308,2025-12-04,P016,28,10499,False,0,Retail
9309,2025-12-05,P016,30,10499,False,0,Online
9310,2025-12-06,P016,28,10499,False,0,Retail
9311,2025-12-07,P016,33,10499,False,0,Online
9312,2025-12-08,P016,25,10499,False,0,B2B
9313,2025-12-09,P016,31,10499,False,0,Online
9314,2025-12-10,P016,28,10499,False,0,B2B
9315,2025-12-11,P016,30,10499,False,0,Retail
9316,2025-12-12,P016,24,10499,False,0,Online
9317,2025-12-13,P016,25,10499,False,0,Online
9318,2025-12-14,P016,22,10499,False,0,Online
9319,2025-12-15,P016,28,10499,False,0,Online
9320,2025-12-16,P016,24,10499,False,0,Online
9321,2025-12-17,P016,28,10499,False,0,B2B
9322,2025-12-18,P016,26,10499,False,0,Retail
9323,2025-12-19,P016,27,10499,False,0,Retail
9324,2025-12-20,P016,19,10499,False,0,Online
9325,2025-12-21,P016,22,10499,False,0,B2B
9326,2025-12-22,P016,30,10499,False,0,Online
9327,2025-12-23,P016,34,10499,True,20,Online
9328,2025-12-24,P016,31,10499,False,0,B2B
9329,2025-12-25,P016,29,10499,False,0,Online
9330,2025-12-26,P016,31,10499,False,0,Retail
9331,2025-12-27,P016,29,10499,False,0,Online
9332,2025-12-28,P016,26,10499,False,0,Online
9333,2025-12-29,P016,34,10499,True,20,Online
9334,2025-12-30,P016,32,10499,False,0,Online
9335,2025-12-31,P016,29,10499,False,0,Retail
9336,2026-01-01,P016,24,10499,False,0,Retail
9337,2026-01-02,P016,30,10499,False,0,Online
9338,2026-01-03,P016,21,10499,False,0,B2B
9339,2026-01-04,P016,21,10499,False,0,Online
9340,2026-01-05,P016,23,10499,False,0,Retail
9341,2026-01-06,P016,24,10499,False,0,Retail
9342,2026-01-07,P016,26,10499,False,0,Online
9343,2026-01-08,P016,28,10499,False,0,Online
9344,2026-01-09,P016,27,10499,False,0,Online
9345,2026-01-10,P016,22,10499,False,0,Online
9346,2026-01-11,P016,21,10499,False,0,Retail
9347,2026-01-12,P016,25,10499,False,0,B2B
9348,2026-01-13,P016,28,10499,False,0,Online
9349,2026-01-14,P016,29,10499,False,0,Retail
9350,2026-01-15,P016,25,10499,False,0,Retail
9351,2026-01-16,P016,28,10499,False,0,Online
9352,2026-01-17,P016,23,10499,False,0,Retail
9353,2026-01-18,P016,20,10499,False,0,Online
9354,2026-01-19,P016,28,10499,False,0,Retail
9355,2026-01-20,P016,25,10499,True,20,Retail
9356,2026-01-21,P016,26,10499,False,0,Online
9357,2026-01-22,P016,26,10499,False,0,Online
9358,2026-01-23,P016,29,10499,False,0,Retail
9359,2026-01-24,P016,21,10499,False,0,B2B
9360,2026-01-25,P016,24,10499,False,0,B2B
9361,2026-01-26,P016,31,10499,False,0,Retail
9362,2026-01-27,P016,36,10499,True,10,B2B
9363,2026-01-28,P016,25,10499,False,0,Online
9364,2026-01-29,P016,26,10499,False,0,Online
9365,2026-01-30,P016,28,10499,False,0,Online
9366,2026-01-31,P016,18,10499,False,0,Online
9367,2026-02-01,P016,22,10499,False,0,Online
9368,2026-02-02,P016,27,10499,False,0,Online
9369,2026-02-03,P016,27,10499,False,0,Retail
9370,2026-02-04,P016,25,10499,False,0,Retail
9371,2026-02-05,P016,23,10499,True,10,Online
9372,2026-02-06,P016,27,10499,False,0,Retail
9373,2026-02-07,P016,23,10499,True,10,B2B
9374,2026-02-08,P016,26,10499,True,5,Online
9375,2026-02-09,P016,22,10499,False,0,B2B
9376,2026-02-10,P016,23,10499,False,0,Retail
9377,2026-02-11,P016,20,10499,False,0,Online
9378,2026-02-12,P016,28,10499,False,0,Online
9379,2026-02-13,P016,22,10499,False,0,Online
9380,2026-02-14,P016,21,10499,False,0,Retail
9381,2026-02-15,P016,22,10499,False,0,Retail
9382,2026-02-16,P016,23,10499,False,0,B2B
9383,2026-02-17,P016,20,10499,False,0,Retail
9384,2026-02-18,P016,25,10499,True,10,Online
9385,2026-02-19,P016,24,10499,False,0,Online
9386,2026-02-20,P016,25,10499,False,0,Retail
9387,2026-02-21,P016,20,10499,False,0,Retail
9388,2026-02-22,P016,29,10499,False,0,Online
9389,2026-02-23,P016,30,10499,False,0,Online
9390,2026-02-24,P016,29,10499,False,0,Retail
9391,2026-02-25,P016,27,10499,False,0,Online
9392,2026-02-26,P016,31,10499,True,5,Online
9393,2026-02-27,P016,27,10499,False,0,Retail
9394,2026-02-28,P016,21,10499,False,0,Retail
9395,2026-03-01,P016,23,10499,False,0,Retail
9396,2026-03-02,P016,31,10499,False,0,Online
9397,2026-03-03,P016,27,10499,False,0,Retail
9398,2026-03-04,P016,25,10499,False,0,Online
9399,2026-03-05,P016,24,10499,False,0,Online
9400,2026-03-06,P016,27,10499,False,0,Retail
9401,2026-03-07,P016,26,10499,False,0,Retail
9402,2026-03-08,P016,22,10499,False,0,Online
9403,2026-03-09,P016,22,10499,False,0,Online
9404,2026-03-10,P016,26,10499,False,0,Online
9405,2026-03-11,P016,29,10499,False,0,Retail
9406,2026-03-12,P016,35,10499,False,0,Retail
9407,2026-03-13,P016,23,10499,False,0,B2B
9408,2026-03-14,P016,24,10499,False,0,Online
9409,2026-03-15,P016,22,10499,False,0,Retail
9410,2026-03-16,P016,33,10499,False,0,Online
9411,2026-03-17,P016,27,10499,False,0,Online
9412,2026-03-18,P016,22,10499,False,0,Online
9413,2026-03-19,P016,29,10499,False,0,Online
9414,2026-03-20,P016,26,10499,False,0,Online
9415,2026-03-21,P016,19,10499,False,0,Retail
9416,2026-03-22,P016,21,10499,False,0,B2B
9417,2026-03-23,P016,32,10499,False,0,Online
9418,2026-03-24,P016,26,10499,False,0,Online
9419,2026-03-25,P016,27,10499,False,0,B2B
9420,2026-03-26,P016,27,10499,False,0,Online
9421,2026-03-27,P016,32,10499,True,15,Online
9422,2026-03-28,P016,30,10499,True,20,Online
9423,2026-03-29,P016,26,10499,False,0,Online
9424,2026-03-30,P016,38,10499,False,0,B2B
9425,2026-03-31,P016,30,10499,False,0,Online
9426,2026-04-01,P016,27,10499,False,0,B2B
9427,2026-04-02,P016,31,10499,True,20,Retail
9428,2026-04-03,P016,25,10499,False,0,Retail
9429,2026-04-04,P016,17,10499,False,0,Online
9430,2026-04-05,P016,32,10499,False,0,Online
9431,2026-04-06,P016,30,10499,False,0,Online
9432,2026-04-07,P016,23,10499,False,0,B2B
9433,2026-04-08,P016,25,10499,False,0,Retail
9434,2026-04-09,P016,23,10499,False,0,Retail
9435,2026-04-10,P016,34,10499,False,0,Retail
9436,2026-04-11,P016,21,10499,False,0,B2B
9437,2026-04-12,P016,24,10499,False,0,Online
9438,2026-04-13,P016,28,10499,False,0,Online
9439,2026-04-14,P016,30,10499,True,5,Online
9440,2026-04-15,P016,27,10499,False,0,B2B
9441,2026-04-16,P016,26,10499,True,20,Online
9442,2026-04-17,P016,25,10499,False,0,Online
9443,2026-04-18,P016,22,10499,False,0,Online
9444,2026-04-19,P016,31,10499,True,20,Retail
9445,2026-04-20,P016,34,10499,False,0,Online
9446,2026-04-21,P016,23,10499,False,0,Online
9447,2026-04-22,P016,26,10499,False,0,Online
9448,2026-04-23,P016,24,10499,False,0,Online
9449,2026-04-24,P016,25,10499,False,0,Retail
9450,2026-04-25,P016,35,10499,True,15,Online
9451,2026-04-26,P016,25,10499,False,0,B2B
9452,2026-04-27,P016,29,10499,False,0,Retail
9453,2026-04-28,P016,25,10499,False,0,B2B
9454,2026-04-29,P016,29,10499,False,0,Online
9455,2026-04-30,P016,29,10499,False,0,B2B
9456,2026-05-01,P016,26,10499,False,0,Retail
9457,2026-05-02,P016,26,10499,True,5,Online
9458,2026-05-03,P016,24,10499,False,0,Online
9459,2026-05-04,P016,30,10499,False,0,Retail
9460,2026-05-05,P016,27,10499,False,0,Retail
9461,2026-05-06,P016,26,10499,False,0,Online
9462,2026-05-07,P016,26,10499,False,0,Retail
9463,2026-05-08,P016,25,10499,False,0,Online
9464,2026-05-09,P016,21,10499,False,0,Online
9465,2026-05-10,P016,26,10499,False,0,B2B
9466,2026-05-11,P016,20,10499,False,0,B2B
9467,2026-05-12,P016,32,10499,False,0,Retail
9468,2026-05-13,P016,22,10499,False,0,Online
9469,2026-05-14,P016,23,10499,False,0,Retail
9470,2026-05-15,P016,24,10499,False,0,Online
9471,2026-05-16,P016,24,10499,False,0,Online
9472,2026-05-17,P016,30,10499,True,10,Online
9473,2026-05-18,P016,19,10499,False,0,Online
9474,2026-05-19,P016,23,10499,False,0,Online
9475,2026-05-20,P016,19,10499,False,0,Online
9476,2026-05-21,P016,27,10499,False,0,Retail
9477,2026-05-22,P016,28,10499,False,0,Online
9478,2026-05-23,P016,25,10499,False,0,Online
9479,2026-05-24,P016,21,10499,False,0,Online
9480,2026-05-25,P016,37,10499,True,15,Online
9481,2026-05-26,P016,27,10499,False,0,Online
9482,2026-05-27,P016,26,10499,False,0,Retail
9483,2026-05-28,P016,23,10499,False,0,B2B
9484,2026-05-29,P016,26,10499,False,0,Retail
9485,2026-05-30,P016,17,10499,False,0,Online
9486,2026-05-31,P016,27,10499,True,5,Online
9487,2026-06-01,P016,27,10499,False,0,Retail
9488,2026-06-02,P016,32,10499,False,0,Retail
9489,2026-06-03,P016,25,10499,False,0,B2B
9490,2026-06-04,P016,25,10499,False,0,Retail
9491,2026-06-05,P016,29,10499,False,0,Online
9492,2026-06-06,P016,24,10499,False,0,B2B
9493,2026-06-07,P016,24,10499,False,0,Retail
9494,2026-06-08,P016,27,10499,False,0,Online
9495,2026-06-09,P016,24,10499,False,0,B2B
9496,2026-06-10,P016,22,10499,False,0,B2B
9497,2026-06-11,P016,30,10499,False,0,B2B
9498,2026-06-12,P016,30,10499,False,0,Online
9499,2026-06-13,P016,22,10499,False,0,Online
9500,2026-06-14,P016,29,10499,False,0,Retail
9501,2026-06-15,P016,23,10499,False,0,Online
9502,2026-06-16,P016,31,10499,False,0,Online
9503,2026-06-17,P016,24,10499,False,0,Retail
9504,2026-06-18,P016,25,10499,False,0,Online
9505,2026-06-19,P016,29,10499,False,0,Online
9506,2026-06-20,P016,24,10499,False,0,Retail
9507,2026-06-21,P016,25,10499,False,0,Online
9508,2026-06-22,P016,31,10499,False,0,Retail
9509,2026-06-23,P016,26,10499,False,0,Online
9510,2026-06-24,P016,31,10499,False,0,Retail
9511,2026-06-25,P016,20,10499,False,0,Online
9512,2026-06-26,P016,24,10499,False,0,Retail
9513,2026-06-27,P016,25,10499,False,0,Retail
9514,2026-06-28,P016,24,10499,False,0,Retail
9515,2026-06-29,P016,26,10499,False,0,Online
9516,2026-06-30,P016,30,10499,True,20,Retail
9517,2026-07-01,P016,29,10499,False,0,Online
9518,2026-07-02,P016,32,10499,False,0,B2B
9519,2026-07-03,P016,24,10499,False,0,B2B
9520,2026-07-04,P016,21,10499,False,0,Online
9521,2026-07-05,P016,28,10499,False,0,Retail
9522,2026-07-06,P016,33,10499,False,0,Retail
9523,2026-07-07,P016,30,10499,False,0,Online
9524,2026-07-08,P016,31,10499,False,0,Online
9525,2026-07-09,P016,24,10499,False,0,Online
9526,2026-07-10,P016,25,10499,False,0,Online
9527,2026-07-11,P016,20,10499,False,0,Online
9528,2026-07-12,P016,27,10499,False,0,B2B
9529,2026-07-13,P016,26,10499,False,0,B2B
9530,2026-07-14,P016,27,10499,False,0,Online
9531,2026-07-15,P016,30,10499,False,0,Retail
9532,2026-07-16,P016,32,10499,False,0,B2B
9533,2026-07-17,P016,22,10499,False,0,Online
9534,2026-07-18,P016,22,10499,False,0,Online
9535,2026-07-19,P016,26,10499,False,0,B2B
9536,2026-07-20,P016,26,10499,False,0,Online
9537,2026-07-21,P016,22,10499,False,0,Retail
9538,2026-07-22,P016,27,10499,False,0,Retail
9539,2026-07-23,P016,21,10499,False,0,Online
9540,2026-07-24,P016,27,10499,False,0,Retail
9541,2026-07-25,P016,26,10499,False,0,Online
9542,2026-07-26,P016,24,10499,False,0,Online
9543,2026-07-27,P016,30,10499,False,0,Online
9544,2026-07-28,P016,25,10499,False,0,Online
9545,2026-07-29,P016,32,10499,False,0,Online
9546,2026-07-30,P016,26,10499,False,0,Online
9547,2026-07-31,P016,27,10499,False,0,Online
9548,2026-08-01,P016,28,10499,False,0,B2B
9549,2026-08-02,P016,24,10499,False,0,Online
9550,2026-08-03,P016,23,10499,False,0,Online
9551,2026-08-04,P016,32,10499,False,0,Online
9552,2026-08-05,P016,34,10499,False,0,Online
9553,2026-08-06,P016,35,10499,False,0,B2B
9554,2026-08-07,P016,30,10499,False,0,Retail
9555,2026-08-08,P016,24,10499,False,0,Online
9556,2026-08-09,P016,32,10499,False,0,Retail
9557,2026-08-10,P016,27,10499,False,0,Retail
9558,2026-08-11,P016,37,10499,False,0,Retail
9559,2026-08-12,P016,29,10499,False,0,Online
9560,2026-08-13,P016,31,10499,False,0,Online
9561,2026-08-14,P016,35,10499,True,10,Online
9562,2026-08-15,P016,24,10499,False,0,Online
9563,2026-08-16,P016,30,10499,False,0,Retail
9564,2026-08-17,P016,38,10499,False,0,Retail
9565,2026-08-18,P016,30,10499,False,0,Online
9566,2026-08-19,P016,34,10499,False,0,Online
9567,2026-08-20,P016,30,10499,False,0,Online
9568,2026-08-21,P016,36,10499,False,0,Online
9569,2025-01-01,P017,40,6499,False,0,Retail
9570,2025-01-02,P017,30,6499,False,0,B2B
9571,2025-01-03,P017,39,6499,True,20,B2B
9572,2025-01-04,P017,26,6499,False,0,Online
9573,2025-01-05,P017,26,6499,False,0,Retail
9574,2025-01-06,P017,21,6499,False,0,Retail
9575,2025-01-07,P017,33,6499,False,0,B2B
9576,2025-01-08,P017,28,6499,False,0,Online
9577,2025-01-09,P017,26,6499,False,0,Online
9578,2025-01-10,P017,34,6499,False,0,Online
9579,2025-01-11,P017,32,6499,True,20,Online
9580,2025-01-12,P017,27,6499,False,0,B2B
9581,2025-01-13,P017,37,6499,False,0,Online
9582,2025-01-14,P017,26,6499,False,0,Online
9583,2025-01-15,P017,26,6499,False,0,Retail
9584,2025-01-16,P017,33,6499,False,0,Online
9585,2025-01-17,P017,36,6499,False,0,B2B
9586,2025-01-18,P017,23,6499,False,0,Online
9587,2025-01-19,P017,29,6499,False,0,Online
9588,2025-01-20,P017,34,6499,False,0,B2B
9589,2025-01-21,P017,24,6499,False,0,Online
9590,2025-01-22,P017,35,6499,False,0,Retail
9591,2025-01-23,P017,38,6499,True,5,B2B
9592,2025-01-24,P017,30,6499,False,0,Retail
9593,2025-01-25,P017,32,6499,False,0,B2B
9594,2025-01-26,P017,32,6499,False,0,Online
9595,2025-01-27,P017,32,6499,False,0,Retail
9596,2025-01-28,P017,30,6499,False,0,Retail
9597,2025-01-29,P017,28,6499,False,0,Retail
9598,2025-01-30,P017,32,6499,False,0,B2B
9599,2025-01-31,P017,34,6499,False,0,B2B
9600,2025-02-01,P017,27,6499,False,0,B2B
9601,2025-02-02,P017,20,6499,False,0,Retail
9602,2025-02-03,P017,37,6499,False,0,Retail
9603,2025-02-04,P017,33,6499,False,0,Online
9604,2025-02-05,P017,30,6499,False,0,Retail
9605,2025-02-06,P017,46,6499,True,20,Online
9606,2025-02-07,P017,37,6499,False,0,Online
9607,2025-02-08,P017,19,6499,False,0,Online
9608,2025-02-09,P017,29,6499,False,0,Online
9609,2025-02-10,P017,26,6499,False,0,Online
9610,2025-02-11,P017,42,6499,True,15,Online
9611,2025-02-12,P017,40,6499,True,15,Retail
9612,2025-02-13,P017,34,6499,False,0,Retail
9613,2025-02-14,P017,30,6499,False,0,Online
9614,2025-02-15,P017,22,6499,False,0,Online
9615,2025-02-16,P017,26,6499,False,0,B2B
9616,2025-02-17,P017,33,6499,False,0,Online
9617,2025-02-18,P017,36,6499,False,0,B2B
9618,2025-02-19,P017,28,6499,False,0,Online
9619,2025-02-20,P017,36,6499,False,0,Online
9620,2025-02-21,P017,30,6499,False,0,Online
9621,2025-02-22,P017,29,6499,False,0,Online
9622,2025-02-23,P017,26,6499,False,0,Retail
9623,2025-02-24,P017,33,6499,False,0,Online
9624,2025-02-25,P017,38,6499,True,5,B2B
9625,2025-02-26,P017,27,6499,False,0,Online
9626,2025-02-27,P017,29,6499,False,0,Online
9627,2025-02-28,P017,33,6499,False,0,Online
9628,2025-03-01,P017,38,6499,False,0,Online
9629,2025-03-02,P017,27,6499,False,0,Online
9630,2025-03-03,P017,42,6499,False,0,Online
9631,2025-03-04,P017,42,6499,False,0,Online
9632,2025-03-05,P017,33,6499,False,0,Retail
9633,2025-03-06,P017,33,6499,False,0,Online
9634,2025-03-07,P017,31,6499,False,0,B2B
9635,2025-03-08,P017,30,6499,False,0,Online
9636,2025-03-09,P017,25,6499,False,0,Online
9637,2025-03-10,P017,33,6499,False,0,Online
9638,2025-03-11,P017,40,6499,False,0,Retail
9639,2025-03-12,P017,31,6499,False,0,Online
9640,2025-03-13,P017,33,6499,False,0,B2B
9641,2025-03-14,P017,27,6499,False,0,B2B
9642,2025-03-15,P017,31,6499,False,0,Retail
9643,2025-03-16,P017,30,6499,False,0,Retail
9644,2025-03-17,P017,34,6499,False,0,Retail
9645,2025-03-18,P017,33,6499,False,0,Retail
9646,2025-03-19,P017,32,6499,False,0,Retail
9647,2025-03-20,P017,35,6499,False,0,Retail
9648,2025-03-21,P017,34,6499,False,0,Retail
9649,2025-03-22,P017,31,6499,False,0,Online
9650,2025-03-23,P017,30,6499,False,0,Online
9651,2025-03-24,P017,39,6499,False,0,Online
9652,2025-03-25,P017,42,6499,True,10,Retail
9653,2025-03-26,P017,34,6499,False,0,Retail
9654,2025-03-27,P017,40,6499,False,0,Retail
9655,2025-03-28,P017,36,6499,False,0,Retail
9656,2025-03-29,P017,35,6499,False,0,Retail
9657,2025-03-30,P017,32,6499,False,0,B2B
9658,2025-03-31,P017,26,6499,False,0,Retail
9659,2025-04-01,P017,39,6499,False,0,Online
9660,2025-04-02,P017,34,6499,False,0,Online
9661,2025-04-03,P017,34,6499,False,0,Online
9662,2025-04-04,P017,35,6499,False,0,B2B
9663,2025-04-05,P017,29,6499,False,0,Online
9664,2025-04-06,P017,31,6499,False,0,Online
9665,2025-04-07,P017,32,6499,False,0,Retail
9666,2025-04-08,P017,39,6499,False,0,Online
9667,2025-04-09,P017,34,6499,False,0,Online
9668,2025-04-10,P017,35,6499,True,5,Online
9669,2025-04-11,P017,30,6499,False,0,B2B
9670,2025-04-12,P017,30,6499,False,0,B2B
9671,2025-04-13,P017,31,6499,False,0,Retail
9672,2025-04-14,P017,35,6499,False,0,Retail
9673,2025-04-15,P017,30,6499,False,0,Retail
9674,2025-04-16,P017,28,6499,False,0,Online
9675,2025-04-17,P017,39,6499,True,5,Online
9676,2025-04-18,P017,40,6499,False,0,Online
9677,2025-04-19,P017,26,6499,False,0,B2B
9678,2025-04-20,P017,35,6499,False,0,Online
9679,2025-04-21,P017,35,6499,False,0,Retail
9680,2025-04-22,P017,34,6499,False,0,Online
9681,2025-04-23,P017,33,6499,False,0,Online
9682,2025-04-24,P017,29,6499,False,0,Retail
9683,2025-04-25,P017,37,6499,False,0,B2B
9684,2025-04-26,P017,28,6499,False,0,Online
9685,2025-04-27,P017,28,6499,False,0,Retail
9686,2025-04-28,P017,37,6499,False,0,Online
9687,2025-04-29,P017,35,6499,True,20,Online
9688,2025-04-30,P017,28,6499,False,0,Online
9689,2025-05-01,P017,33,6499,False,0,B2B
9690,2025-05-02,P017,34,6499,False,0,Online
9691,2025-05-03,P017,39,6499,True,20,Online
9692,2025-05-04,P017,29,6499,True,5,Retail
9693,2025-05-05,P017,43,6499,False,0,Retail
9694,2025-05-06,P017,32,6499,False,0,Online
9695,2025-05-07,P017,32,6499,False,0,Retail
9696,2025-05-08,P017,30,6499,False,0,Online
9697,2025-05-09,P017,32,6499,False,0,Online
9698,2025-05-10,P017,31,6499,False,0,Online
9699,2025-05-11,P017,33,6499,False,0,B2B
9700,2025-05-12,P017,26,6499,False,0,Retail
9701,2025-05-13,P017,32,6499,False,0,Online
9702,2025-05-14,P017,34,6499,False,0,Online
9703,2025-05-15,P017,38,6499,True,5,Online
9704,2025-05-16,P017,33,6499,False,0,Retail
9705,2025-05-17,P017,30,6499,False,0,B2B
9706,2025-05-18,P017,26,6499,False,0,Online
9707,2025-05-19,P017,48,6499,True,15,Retail
9708,2025-05-20,P017,39,6499,True,5,B2B
9709,2025-05-21,P017,27,6499,False,0,Online
9710,2025-05-22,P017,29,6499,False,0,Retail
9711,2025-05-23,P017,29,6499,False,0,Online
9712,2025-05-24,P017,31,6499,False,0,Retail
9713,2025-05-25,P017,24,6499,False,0,Online
9714,2025-05-26,P017,31,6499,False,0,Online
9715,2025-05-27,P017,35,6499,False,0,Online
9716,2025-05-28,P017,33,6499,False,0,Retail
9717,2025-05-29,P017,33,6499,False,0,Online
9718,2025-05-30,P017,28,6499,False,0,Online
9719,2025-05-31,P017,31,6499,False,0,Online
9720,2025-06-01,P017,27,6499,False,0,Online
9721,2025-06-02,P017,32,6499,False,0,Retail
9722,2025-06-03,P017,33,6499,False,0,Retail
9723,2025-06-04,P017,44,6499,True,20,Online
9724,2025-06-05,P017,33,6499,False,0,B2B
9725,2025-06-06,P017,29,6499,False,0,Retail
9726,2025-06-07,P017,28,6499,False,0,Retail
9727,2025-06-08,P017,29,6499,False,0,B2B
9728,2025-06-09,P017,27,6499,False,0,B2B
9729,2025-06-10,P017,31,6499,False,0,Retail
9730,2025-06-11,P017,34,6499,False,0,Retail
9731,2025-06-12,P017,28,6499,False,0,Online
9732,2025-06-13,P017,37,6499,False,0,Online
9733,2025-06-14,P017,42,6499,True,20,Online
9734,2025-06-15,P017,25,6499,False,0,Retail
9735,2025-06-16,P017,38,6499,False,0,Online
9736,2025-06-17,P017,33,6499,False,0,Retail
9737,2025-06-18,P017,35,6499,False,0,Online
9738,2025-06-19,P017,34,6499,True,5,B2B
9739,2025-06-20,P017,36,6499,False,0,Retail
9740,2025-06-21,P017,31,6499,False,0,Retail
9741,2025-06-22,P017,26,6499,False,0,B2B
9742,2025-06-23,P017,28,6499,False,0,Retail
9743,2025-06-24,P017,27,6499,False,0,Online
9744,2025-06-25,P017,34,6499,False,0,Retail
9745,2025-06-26,P017,34,6499,False,0,Online
9746,2025-06-27,P017,36,6499,False,0,Online
9747,2025-06-28,P017,30,6499,False,0,B2B
9748,2025-06-29,P017,26,6499,False,0,B2B
9749,2025-06-30,P017,30,6499,False,0,Online
9750,2025-07-01,P017,38,6499,False,0,Online
9751,2025-07-02,P017,31,6499,False,0,Online
9752,2025-07-03,P017,33,6499,False,0,Online
9753,2025-07-04,P017,28,6499,False,0,B2B
9754,2025-07-05,P017,30,6499,False,0,Online
9755,2025-07-06,P017,28,6499,False,0,B2B
9756,2025-07-07,P017,37,6499,False,0,B2B
9757,2025-07-08,P017,36,6499,False,0,Online
9758,2025-07-09,P017,31,6499,False,0,Online
9759,2025-07-10,P017,32,6499,False,0,Online
9760,2025-07-11,P017,30,6499,False,0,Retail
9761,2025-07-12,P017,25,6499,False,0,B2B
9762,2025-07-13,P017,27,6499,False,0,Retail
9763,2025-07-14,P017,34,6499,False,0,Online
9764,2025-07-15,P017,33,6499,False,0,Online
9765,2025-07-16,P017,33,6499,False,0,Online
9766,2025-07-17,P017,32,6499,False,0,Online
9767,2025-07-18,P017,35,6499,False,0,Retail
9768,2025-07-19,P017,30,6499,False,0,Online
9769,2025-07-20,P017,33,6499,False,0,Retail
9770,2025-07-21,P017,26,6499,False,0,Online
9771,2025-07-22,P017,19,6499,False,0,Online
9772,2025-07-23,P017,34,6499,False,0,Retail
9773,2025-07-24,P017,27,6499,False,0,Retail
9774,2025-07-25,P017,34,6499,False,0,Retail
9775,2025-07-26,P017,29,6499,False,0,Online
9776,2025-07-27,P017,36,6499,False,0,Retail
9777,2025-07-28,P017,36,6499,False,0,Online
9778,2025-07-29,P017,33,6499,False,0,B2B
9779,2025-07-30,P017,35,6499,False,0,Retail
9780,2025-07-31,P017,35,6499,False,0,Retail
9781,2025-08-01,P017,37,6499,False,0,Online
9782,2025-08-02,P017,40,6499,False,0,B2B
9783,2025-08-03,P017,30,6499,False,0,Retail
9784,2025-08-04,P017,42,6499,False,0,Online
9785,2025-08-05,P017,34,6499,False,0,Online
9786,2025-08-06,P017,40,6499,False,0,B2B
9787,2025-08-07,P017,41,6499,False,0,Online
9788,2025-08-08,P017,47,6499,False,0,Retail
9789,2025-08-09,P017,28,6499,False,0,Online
9790,2025-08-10,P017,33,6499,False,0,Online
9791,2025-08-11,P017,43,6499,False,0,Online
9792,2025-08-12,P017,41,6499,False,0,Retail
9793,2025-08-13,P017,41,6499,False,0,Online
9794,2025-08-14,P017,37,6499,False,0,Retail
9795,2025-08-15,P017,39,6499,False,0,Online
9796,2025-08-16,P017,42,6499,False,0,Retail
9797,2025-08-17,P017,36,6499,False,0,Online
9798,2025-08-18,P017,44,6499,False,0,Online
9799,2025-08-19,P017,40,6499,False,0,Retail
9800,2025-08-20,P017,33,6499,False,0,Online
9801,2025-08-21,P017,43,6499,False,0,Retail
9802,2025-08-22,P017,44,6499,False,0,Retail
9803,2025-08-23,P017,47,6499,False,0,Retail
9804,2025-08-24,P017,32,6499,False,0,Online
9805,2025-08-25,P017,46,6499,False,0,Retail
9806,2025-08-26,P017,34,6499,False,0,Retail
9807,2025-08-27,P017,41,6499,False,0,Retail
9808,2025-08-28,P017,45,6499,False,0,Retail
9809,2025-08-29,P017,31,6499,False,0,Online
9810,2025-08-30,P017,36,6499,False,0,Online
9811,2025-08-31,P017,33,6499,False,0,Online
9812,2025-09-01,P017,36,6499,False,0,Online
9813,2025-09-02,P017,42,6499,False,0,Online
9814,2025-09-03,P017,44,6499,False,0,B2B
9815,2025-09-04,P017,40,6499,False,0,Retail
9816,2025-09-05,P017,42,6499,False,0,Online
9817,2025-09-06,P017,35,6499,False,0,Online
9818,2025-09-07,P017,40,6499,True,5,Online
9819,2025-09-08,P017,39,6499,True,5,Retail
9820,2025-09-09,P017,44,6499,False,0,B2B
9821,2025-09-10,P017,40,6499,False,0,Online
9822,2025-09-11,P017,43,6499,False,0,B2B
9823,2025-09-12,P017,37,6499,False,0,Retail
9824,2025-09-13,P017,41,6499,True,15,Online
9825,2025-09-14,P017,36,6499,False,0,B2B
9826,2025-09-15,P017,33,6499,False,0,Retail
9827,2025-09-16,P017,34,6499,True,5,Retail
9828,2025-09-17,P017,36,6499,False,0,Online
9829,2025-09-18,P017,45,6499,False,0,Online
9830,2025-09-19,P017,36,6499,False,0,Online
9831,2025-09-20,P017,32,6499,False,0,Online
9832,2025-09-21,P017,31,6499,False,0,Online
9833,2025-09-22,P017,39,6499,False,0,Retail
9834,2025-09-23,P017,37,6499,False,0,B2B
9835,2025-09-24,P017,53,6499,False,0,Online
9836,2025-09-25,P017,48,6499,False,0,Retail
9837,2025-09-26,P017,45,6499,False,0,Online
9838,2025-09-27,P017,52,6499,True,20,B2B
9839,2025-09-28,P017,33,6499,False,0,Online
9840,2025-09-29,P017,33,6499,False,0,Retail
9841,2025-09-30,P017,33,6499,False,0,Online
9842,2025-10-01,P017,44,6499,False,0,Online
9843,2025-10-02,P017,36,6499,False,0,Online
9844,2025-10-03,P017,35,6499,False,0,Online
9845,2025-10-04,P017,33,6499,False,0,Online
9846,2025-10-05,P017,34,6499,False,0,Online
9847,2025-10-06,P017,41,6499,False,0,Online
9848,2025-10-07,P017,41,6499,False,0,Online
9849,2025-10-08,P017,33,6499,False,0,Retail
9850,2025-10-09,P017,42,6499,False,0,Online
9851,2025-10-10,P017,36,6499,False,0,Online
9852,2025-10-11,P017,35,6499,False,0,Retail
9853,2025-10-12,P017,36,6499,False,0,Retail
9854,2025-10-13,P017,37,6499,False,0,Online
9855,2025-10-14,P017,35,6499,False,0,Online
9856,2025-10-15,P017,44,6499,False,0,Retail
9857,2025-10-16,P017,34,6499,False,0,Retail
9858,2025-10-17,P017,39,6499,False,0,Online
9859,2025-10-18,P017,46,6499,True,20,Online
9860,2025-10-19,P017,41,6499,False,0,Online
9861,2025-10-20,P017,41,6499,False,0,Retail
9862,2025-10-21,P017,42,6499,False,0,Online
9863,2025-10-22,P017,43,6499,False,0,Online
9864,2025-10-23,P017,32,6499,False,0,Online
9865,2025-10-24,P017,42,6499,False,0,Retail
9866,2025-10-25,P017,36,6499,False,0,Online
9867,2025-10-26,P017,36,6499,False,0,B2B
9868,2025-10-27,P017,38,6499,False,0,Online
9869,2025-10-28,P017,40,6499,False,0,Retail
9870,2025-10-29,P017,38,6499,False,0,Online
9871,2025-10-30,P017,39,6499,False,0,Online
9872,2025-10-31,P017,32,6499,False,0,Online
9873,2025-11-01,P017,41,6499,True,20,Online
9874,2025-11-02,P017,39,6499,False,0,Retail
9875,2025-11-03,P017,39,6499,False,0,Online
9876,2025-11-04,P017,46,6499,True,15,Online
9877,2025-11-05,P017,47,6499,False,0,Online
9878,2025-11-06,P017,35,6499,False,0,Retail
9879,2025-11-07,P017,34,6499,False,0,Retail
9880,2025-11-08,P017,40,6499,False,0,Retail
9881,2025-11-09,P017,42,6499,True,10,Online
9882,2025-11-10,P017,39,6499,False,0,Online
9883,2025-11-11,P017,32,6499,False,0,Online
9884,2025-11-12,P017,42,6499,False,0,Online
9885,2025-11-13,P017,42,6499,False,0,Online
9886,2025-11-14,P017,32,6499,False,0,Retail
9887,2025-11-15,P017,32,6499,False,0,Online
9888,2025-11-16,P017,34,6499,False,0,Retail
9889,2025-11-17,P017,40,6499,False,0,Retail
9890,2025-11-18,P017,54,6499,False,0,Online
9891,2025-11-19,P017,44,6499,False,0,Retail
9892,2025-11-20,P017,46,6499,False,0,Online
9893,2025-11-21,P017,36,6499,False,0,Retail
9894,2025-11-22,P017,33,6499,False,0,Retail
9895,2025-11-23,P017,32,6499,False,0,Retail
9896,2025-11-24,P017,37,6499,False,0,Retail
9897,2025-11-25,P017,38,6499,False,0,Online
9898,2025-11-26,P017,36,6499,False,0,Online
9899,2025-11-27,P017,48,6499,False,0,Retail
9900,2025-11-28,P017,58,6499,True,20,Online
9901,2025-11-29,P017,38,6499,False,0,Online
9902,2025-11-30,P017,38,6499,False,0,Retail
9903,2025-12-01,P017,36,6499,False,0,Online
9904,2025-12-02,P017,39,6499,False,0,Online
9905,2025-12-03,P017,59,6499,True,20,B2B
9906,2025-12-04,P017,32,6499,False,0,Retail
9907,2025-12-05,P017,42,6499,False,0,Online
9908,2025-12-06,P017,45,6499,False,0,Online
9909,2025-12-07,P017,39,6499,False,0,Online
9910,2025-12-08,P017,44,6499,False,0,Online
9911,2025-12-09,P017,42,6499,False,0,B2B
9912,2025-12-10,P017,47,6499,True,5,B2B
9913,2025-12-11,P017,35,6499,False,0,Retail
9914,2025-12-12,P017,41,6499,False,0,Online
9915,2025-12-13,P017,36,6499,False,0,Retail
9916,2025-12-14,P017,35,6499,False,0,Online
9917,2025-12-15,P017,48,6499,False,0,Retail
9918,2025-12-16,P017,35,6499,False,0,Online
9919,2025-12-17,P017,37,6499,False,0,Online
9920,2025-12-18,P017,42,6499,False,0,Online
9921,2025-12-19,P017,35,6499,False,0,Online
9922,2025-12-20,P017,38,6499,False,0,Online
9923,2025-12-21,P017,26,6499,False,0,Online
9924,2025-12-22,P017,44,6499,False,0,Online
9925,2025-12-23,P017,41,6499,False,0,B2B
9926,2025-12-24,P017,35,6499,False,0,Online
9927,2025-12-25,P017,37,6499,False,0,Online
9928,2025-12-26,P017,40,6499,False,0,B2B
9929,2025-12-27,P017,40,6499,False,0,Online
9930,2025-12-28,P017,38,6499,False,0,Online
9931,2025-12-29,P017,35,6499,False,0,Retail
9932,2025-12-30,P017,33,6499,False,0,Retail
9933,2025-12-31,P017,41,6499,False,0,Retail
9934,2026-01-01,P017,31,6499,False,0,Online
9935,2026-01-02,P017,34,6499,False,0,B2B
9936,2026-01-03,P017,32,6499,False,0,Online
9937,2026-01-04,P017,37,6499,True,10,B2B
9938,2026-01-05,P017,40,6499,False,0,Online
9939,2026-01-06,P017,27,6499,False,0,Online
9940,2026-01-07,P017,28,6499,False,0,Retail
9941,2026-01-08,P017,39,6499,True,10,Online
9942,2026-01-09,P017,40,6499,False,0,Retail
9943,2026-01-10,P017,36,6499,False,0,Online
9944,2026-01-11,P017,36,6499,False,0,Retail
9945,2026-01-12,P017,32,6499,False,0,Online
9946,2026-01-13,P017,27,6499,False,0,Online
9947,2026-01-14,P017,25,6499,False,0,Online
9948,2026-01-15,P017,34,6499,False,0,Online
9949,2026-01-16,P017,35,6499,False,0,Retail
9950,2026-01-17,P017,41,6499,True,15,Retail
9951,2026-01-18,P017,32,6499,False,0,Online
9952,2026-01-19,P017,34,6499,False,0,Online
9953,2026-01-20,P017,32,6499,False,0,B2B
9954,2026-01-21,P017,31,6499,False,0,Online
9955,2026-01-22,P017,36,6499,False,0,Online
9956,2026-01-23,P017,39,6499,False,0,Online
9957,2026-01-24,P017,33,6499,False,0,Online
9958,2026-01-25,P017,25,6499,False,0,Online
9959,2026-01-26,P017,38,6499,False,0,B2B
9960,2026-01-27,P017,37,6499,False,0,Retail
9961,2026-01-28,P017,32,6499,False,0,Retail
9962,2026-01-29,P017,32,6499,False,0,Retail
9963,2026-01-30,P017,36,6499,False,0,Online
9964,2026-01-31,P017,30,6499,False,0,Retail
9965,2026-02-01,P017,34,6499,False,0,Online
9966,2026-02-02,P017,35,6499,False,0,Retail
9967,2026-02-03,P017,34,6499,False,0,Online
9968,2026-02-04,P017,32,6499,False,0,Online
9969,2026-02-05,P017,36,6499,False,0,B2B
9970,2026-02-06,P017,31,6499,False,0,Retail
9971,2026-02-07,P017,29,6499,False,0,B2B
9972,2026-02-08,P017,35,6499,False,0,Online
9973,2026-02-09,P017,38,6499,False,0,Online
9974,2026-02-10,P017,37,6499,False,0,Retail
9975,2026-02-11,P017,42,6499,False,0,Online
9976,2026-02-12,P017,34,6499,False,0,Online
9977,2026-02-13,P017,43,6499,False,0,B2B
9978,2026-02-14,P017,28,6499,False,0,Online
9979,2026-02-15,P017,27,6499,False,0,Retail
9980,2026-02-16,P017,27,6499,False,0,Online
9981,2026-02-17,P017,32,6499,False,0,Retail
9982,2026-02-18,P017,34,6499,False,0,Online
9983,2026-02-19,P017,39,6499,False,0,Online
9984,2026-02-20,P017,35,6499,False,0,B2B
9985,2026-02-21,P017,26,6499,False,0,B2B
9986,2026-02-22,P017,29,6499,False,0,Retail
9987,2026-02-23,P017,35,6499,False,0,Online
9988,2026-02-24,P017,28,6499,False,0,Retail
9989,2026-02-25,P017,33,6499,False,0,Online
9990,2026-02-26,P017,31,6499,False,0,Online
9991,2026-02-27,P017,42,6499,False,0,Retail
9992,2026-02-28,P017,30,6499,False,0,Retail
9993,2026-03-01,P017,37,6499,False,0,Retail
9994,2026-03-02,P017,32,6499,False,0,Retail
9995,2026-03-03,P017,46,6499,True,5,Online
9996,2026-03-04,P017,40,6499,False,0,Retail
9997,2026-03-05,P017,30,6499,False,0,Online
9998,2026-03-06,P017,32,6499,False,0,Online
9999,2026-03-07,P017,36,6499,False,0,B2B
10000,2026-03-08,P017,37,6499,False,0,Retail
10001,2026-03-09,P017,35,6499,False,0,Online
10002,2026-03-10,P017,36,6499,False,0,Online
10003,2026-03-11,P017,48,6499,True,20,Online
10004,2026-03-12,P017,36,6499,False,0,Retail
10005,2026-03-13,P017,42,6499,False,0,Retail
10006,2026-03-14,P017,30,6499,False,0,Online
10007,2026-03-15,P017,39,6499,False,0,Online
10008,2026-03-16,P017,35,6499,False,0,Online
10009,2026-03-17,P017,36,6499,True,5,B2B
10010,2026-03-18,P017,43,6499,False,0,Retail
10011,2026-03-19,P017,38,6499,False,0,Online
10012,2026-03-20,P017,40,6499,False,0,Online
10013,2026-03-21,P017,27,6499,False,0,Online
10014,2026-03-22,P017,29,6499,False,0,B2B
10015,2026-03-23,P017,43,6499,False,0,Online
10016,2026-03-24,P017,36,6499,False,0,Retail
10017,2026-03-25,P017,32,6499,False,0,Online
10018,2026-03-26,P017,36,6499,False,0,Retail
10019,2026-03-27,P017,36,6499,False,0,B2B
10020,2026-03-28,P017,40,6499,False,0,Retail
10021,2026-03-29,P017,41,6499,False,0,Online
10022,2026-03-30,P017,41,6499,False,0,Online
10023,2026-03-31,P017,44,6499,False,0,B2B
10024,2026-04-01,P017,37,6499,False,0,Retail
10025,2026-04-02,P017,40,6499,False,0,B2B
10026,2026-04-03,P017,44,6499,False,0,Retail
10027,2026-04-04,P017,34,6499,False,0,Retail
10028,2026-04-05,P017,30,6499,False,0,Online
10029,2026-04-06,P017,31,6499,False,0,Online
10030,2026-04-07,P017,39,6499,False,0,B2B
10031,2026-04-08,P017,41,6499,False,0,B2B
10032,2026-04-09,P017,43,6499,False,0,Online
10033,2026-04-10,P017,40,6499,False,0,B2B
10034,2026-04-11,P017,33,6499,False,0,Retail
10035,2026-04-12,P017,23,6499,False,0,Online
10036,2026-04-13,P017,35,6499,False,0,Online
10037,2026-04-14,P017,35,6499,False,0,Online
10038,2026-04-15,P017,33,6499,False,0,Retail
10039,2026-04-16,P017,40,6499,False,0,Online
10040,2026-04-17,P017,45,6499,False,0,Retail
10041,2026-04-18,P017,30,6499,False,0,Retail
10042,2026-04-19,P017,34,6499,False,0,Retail
10043,2026-04-20,P017,39,6499,False,0,Retail
10044,2026-04-21,P017,37,6499,False,0,Online
10045,2026-04-22,P017,31,6499,False,0,Online
10046,2026-04-23,P017,38,6499,False,0,B2B
10047,2026-04-24,P017,38,6499,False,0,Online
10048,2026-04-25,P017,33,6499,False,0,B2B
10049,2026-04-26,P017,32,6499,False,0,Online
10050,2026-04-27,P017,41,6499,False,0,Retail
10051,2026-04-28,P017,31,6499,False,0,Online
10052,2026-04-29,P017,40,6499,False,0,Retail
10053,2026-04-30,P017,34,6499,False,0,Online
10054,2026-05-01,P017,31,6499,False,0,Online
10055,2026-05-02,P017,25,6499,False,0,Retail
10056,2026-05-03,P017,34,6499,False,0,Online
10057,2026-05-04,P017,34,6499,False,0,B2B
10058,2026-05-05,P017,27,6499,False,0,Retail
10059,2026-05-06,P017,35,6499,False,0,Retail
10060,2026-05-07,P017,40,6499,False,0,Online
10061,2026-05-08,P017,34,6499,False,0,Online
10062,2026-05-09,P017,34,6499,False,0,Online
10063,2026-05-10,P017,37,6499,False,0,B2B
10064,2026-05-11,P017,43,6499,False,0,Retail
10065,2026-05-12,P017,31,6499,False,0,Retail
10066,2026-05-13,P017,33,6499,False,0,Retail
10067,2026-05-14,P017,36,6499,False,0,Online
10068,2026-05-15,P017,36,6499,False,0,Online
10069,2026-05-16,P017,32,6499,False,0,Online
10070,2026-05-17,P017,32,6499,False,0,Retail
10071,2026-05-18,P017,41,6499,True,15,Online
10072,2026-05-19,P017,33,6499,False,0,Retail
10073,2026-05-20,P017,38,6499,False,0,Retail
10074,2026-05-21,P017,40,6499,False,0,Online
10075,2026-05-22,P017,37,6499,False,0,Online
10076,2026-05-23,P017,33,6499,True,5,B2B
10077,2026-05-24,P017,30,6499,False,0,Online
10078,2026-05-25,P017,33,6499,True,10,Online
10079,2026-05-26,P017,40,6499,False,0,Online
10080,2026-05-27,P017,31,6499,False,0,Online
10081,2026-05-28,P017,40,6499,False,0,Online
10082,2026-05-29,P017,32,6499,False,0,B2B
10083,2026-05-30,P017,35,6499,False,0,Online
10084,2026-05-31,P017,37,6499,False,0,Online
10085,2026-06-01,P017,38,6499,False,0,Retail
10086,2026-06-02,P017,36,6499,False,0,Retail
10087,2026-06-03,P017,33,6499,False,0,Online
10088,2026-06-04,P017,29,6499,False,0,B2B
10089,2026-06-05,P017,35,6499,False,0,Online
10090,2026-06-06,P017,36,6499,False,0,Retail
10091,2026-06-07,P017,31,6499,False,0,Retail
10092,2026-06-08,P017,32,6499,False,0,Online
10093,2026-06-09,P017,28,6499,True,15,Retail
10094,2026-06-10,P017,34,6499,False,0,Online
10095,2026-06-11,P017,35,6499,False,0,Retail
10096,2026-06-12,P017,42,6499,False,0,Online
10097,2026-06-13,P017,36,6499,False,0,Online
10098,2026-06-14,P017,34,6499,False,0,Online
10099,2026-06-15,P017,35,6499,False,0,Online
10100,2026-06-16,P017,36,6499,False,0,Retail
10101,2026-06-17,P017,44,6499,False,0,B2B
10102,2026-06-18,P017,38,6499,False,0,Online
10103,2026-06-19,P017,28,6499,False,0,Retail
10104,2026-06-20,P017,32,6499,False,0,Retail
10105,2026-06-21,P017,30,6499,False,0,Online
10106,2026-06-22,P017,42,6499,True,10,B2B
10107,2026-06-23,P017,37,6499,False,0,Retail
10108,2026-06-24,P017,34,6499,False,0,Online
10109,2026-06-25,P017,42,6499,True,15,Retail
10110,2026-06-26,P017,42,6499,False,0,Online
10111,2026-06-27,P017,28,6499,False,0,Online
10112,2026-06-28,P017,38,6499,False,0,Online
10113,2026-06-29,P017,34,6499,False,0,B2B
10114,2026-06-30,P017,38,6499,False,0,Retail
10115,2026-07-01,P017,32,6499,False,0,Online
10116,2026-07-02,P017,35,6499,False,0,Retail
10117,2026-07-03,P017,36,6499,False,0,Retail
10118,2026-07-04,P017,57,6499,False,0,B2B
10119,2026-07-05,P017,30,6499,False,0,Retail
10120,2026-07-06,P017,44,6499,True,20,Online
10121,2026-07-07,P017,50,6499,False,0,Online
10122,2026-07-08,P017,31,6499,False,0,Retail
10123,2026-07-09,P017,37,6499,False,0,B2B
10124,2026-07-10,P017,27,6499,False,0,Retail
10125,2026-07-11,P017,30,6499,False,0,B2B
10126,2026-07-12,P017,33,6499,False,0,Online
10127,2026-07-13,P017,37,6499,False,0,Retail
10128,2026-07-14,P017,23,6499,False,0,Online
10129,2026-07-15,P017,37,6499,False,0,Retail
10130,2026-07-16,P017,30,6499,False,0,Online
10131,2026-07-17,P017,37,6499,False,0,Retail
10132,2026-07-18,P017,28,6499,False,0,Retail
10133,2026-07-19,P017,28,6499,False,0,Online
10134,2026-07-20,P017,35,6499,False,0,Online
10135,2026-07-21,P017,32,6499,False,0,Retail
10136,2026-07-22,P017,37,6499,False,0,Retail
10137,2026-07-23,P017,32,6499,False,0,Retail
10138,2026-07-24,P017,27,6499,False,0,Retail
10139,2026-07-25,P017,35,6499,False,0,B2B
10140,2026-07-26,P017,27,6499,False,0,Online
10141,2026-07-27,P017,34,6499,False,0,Retail
10142,2026-07-28,P017,46,6499,True,10,Online
10143,2026-07-29,P017,37,6499,False,0,Online
10144,2026-07-30,P017,35,6499,False,0,B2B
10145,2026-07-31,P017,46,6499,True,20,B2B
10146,2026-08-01,P017,41,6499,False,0,Online
10147,2026-08-02,P017,30,6499,False,0,B2B
10148,2026-08-03,P017,41,6499,False,0,Online
10149,2026-08-04,P017,34,6499,False,0,Retail
10150,2026-08-05,P017,40,6499,True,5,Retail
10151,2026-08-06,P017,44,6499,False,0,Retail
10152,2026-08-07,P017,41,6499,False,0,B2B
10153,2026-08-08,P017,51,6499,True,20,Online
10154,2026-08-09,P017,32,6499,False,0,Retail
10155,2026-08-10,P017,43,6499,False,0,Online
10156,2026-08-11,P017,59,6499,True,10,Retail
10157,2026-08-12,P017,41,6499,False,0,Online
10158,2026-08-13,P017,39,6499,False,0,Online
10159,2026-08-14,P017,45,6499,False,0,Online
10160,2026-08-15,P017,48,6499,False,0,Online
10161,2026-08-16,P017,31,6499,False,0,Online
10162,2026-08-17,P017,42,6499,False,0,B2B
10163,2026-08-18,P017,43,6499,False,0,Online
10164,2026-08-19,P017,48,6499,False,0,B2B
10165,2026-08-20,P017,33,6499,True,5,Online
10166,2026-08-21,P017,46,6499,False,0,Online
10167,2025-01-01,P018,38,3299,False,0,Online
10168,2025-01-02,P018,38,3299,True,10,Online
10169,2025-01-03,P018,28,3299,False,0,Retail
10170,2025-01-04,P018,27,3299,False,0,Online
10171,2025-01-05,P018,35,3299,False,0,Retail
10172,2025-01-06,P018,36,3299,False,0,Online
10173,2025-01-07,P018,35,3299,False,0,Online
10174,2025-01-08,P018,34,3299,False,0,Retail
10175,2025-01-09,P018,30,3299,False,0,Retail
10176,2025-01-10,P018,32,3299,False,0,Online
10177,2025-01-11,P018,28,3299,False,0,Retail
10178,2025-01-12,P018,30,3299,False,0,Online
10179,2025-01-13,P018,38,3299,False,0,Retail
10180,2025-01-14,P018,37,3299,False,0,Online
10181,2025-01-15,P018,31,3299,True,10,Online
10182,2025-01-16,P018,44,3299,True,20,Online
10183,2025-01-17,P018,35,3299,False,0,Retail
10184,2025-01-18,P018,31,3299,False,0,Online
10185,2025-01-19,P018,26,3299,False,0,Online
10186,2025-01-20,P018,44,3299,False,0,Online
10187,2025-01-21,P018,28,3299,False,0,Online
10188,2025-01-22,P018,28,3299,False,0,Online
10189,2025-01-23,P018,36,3299,True,5,Retail
10190,2025-01-24,P018,41,3299,False,0,Retail
10191,2025-01-25,P018,26,3299,False,0,Retail
10192,2025-01-26,P018,32,3299,True,10,Online
10193,2025-01-27,P018,37,3299,False,0,Online
10194,2025-01-28,P018,32,3299,False,0,Online
10195,2025-01-29,P018,31,3299,False,0,Online
10196,2025-01-30,P018,35,3299,False,0,B2B
10197,2025-01-31,P018,34,3299,False,0,B2B
10198,2025-02-01,P018,32,3299,False,0,Online
10199,2025-02-02,P018,33,3299,False,0,Online
10200,2025-02-03,P018,45,3299,False,0,Retail
10201,2025-02-04,P018,34,3299,False,0,Retail
10202,2025-02-05,P018,33,3299,False,0,Online
10203,2025-02-06,P018,35,3299,False,0,Online
10204,2025-02-07,P018,33,3299,False,0,Online
10205,2025-02-08,P018,29,3299,False,0,Retail
10206,2025-02-09,P018,33,3299,False,0,Retail
10207,2025-02-10,P018,39,3299,False,0,Retail
10208,2025-02-11,P018,27,3299,False,0,Retail
10209,2025-02-12,P018,33,3299,False,0,Online
10210,2025-02-13,P018,37,3299,True,15,B2B
10211,2025-02-14,P018,32,3299,False,0,Online
10212,2025-02-15,P018,31,3299,False,0,Online
10213,2025-02-16,P018,31,3299,False,0,Online
10214,2025-02-17,P018,32,3299,False,0,Retail
10215,2025-02-18,P018,25,3299,False,0,B2B
10216,2025-02-19,P018,29,3299,False,0,Retail
10217,2025-02-20,P018,36,3299,False,0,Online
10218,2025-02-21,P018,22,3299,False,0,Retail
10219,2025-02-22,P018,33,3299,False,0,Online
10220,2025-02-23,P018,31,3299,False,0,Retail
10221,2025-02-24,P018,38,3299,False,0,Retail
10222,2025-02-25,P018,32,3299,False,0,Online
10223,2025-02-26,P018,25,3299,False,0,B2B
10224,2025-02-27,P018,34,3299,False,0,Online
10225,2025-02-28,P018,38,3299,False,0,Online
10226,2025-03-01,P018,34,3299,False,0,Online
10227,2025-03-02,P018,28,3299,False,0,Online
10228,2025-03-03,P018,35,3299,False,0,Retail
10229,2025-03-04,P018,33,3299,False,0,Online
10230,2025-03-05,P018,31,3299,False,0,Online
10231,2025-03-06,P018,38,3299,False,0,Retail
10232,2025-03-07,P018,30,3299,False,0,Online
10233,2025-03-08,P018,27,3299,False,0,Retail
10234,2025-03-09,P018,26,3299,False,0,Online
10235,2025-03-10,P018,28,3299,False,0,B2B
10236,2025-03-11,P018,35,3299,False,0,B2B
10237,2025-03-12,P018,40,3299,False,0,Online
10238,2025-03-13,P018,33,3299,False,0,B2B
10239,2025-03-14,P018,29,3299,False,0,Online
10240,2025-03-15,P018,34,3299,False,0,Online
10241,2025-03-16,P018,37,3299,False,0,Retail
10242,2025-03-17,P018,32,3299,False,0,Online
10243,2025-03-18,P018,32,3299,False,0,Retail
10244,2025-03-19,P018,37,3299,False,0,Retail
10245,2025-03-20,P018,45,3299,True,5,B2B
10246,2025-03-21,P018,32,3299,False,0,Online
10247,2025-03-22,P018,26,3299,False,0,Online
10248,2025-03-23,P018,33,3299,False,0,Online
10249,2025-03-24,P018,37,3299,False,0,Online
10250,2025-03-25,P018,35,3299,False,0,Retail
10251,2025-03-26,P018,33,3299,False,0,B2B
10252,2025-03-27,P018,39,3299,False,0,Online
10253,2025-03-28,P018,37,3299,False,0,Online
10254,2025-03-29,P018,28,3299,False,0,Online
10255,2025-03-30,P018,31,3299,False,0,Retail
10256,2025-03-31,P018,29,3299,False,0,Online
10257,2025-04-01,P018,37,3299,False,0,Online
10258,2025-04-02,P018,33,3299,False,0,Online
10259,2025-04-03,P018,33,3299,False,0,B2B
10260,2025-04-04,P018,35,3299,False,0,Online
10261,2025-04-05,P018,30,3299,False,0,Online
10262,2025-04-06,P018,34,3299,False,0,Online
10263,2025-04-07,P018,41,3299,True,5,Online
10264,2025-04-08,P018,34,3299,False,0,B2B
10265,2025-04-09,P018,37,3299,False,0,B2B
10266,2025-04-10,P018,37,3299,False,0,Retail
10267,2025-04-11,P018,33,3299,False,0,Retail
10268,2025-04-12,P018,31,3299,False,0,Online
10269,2025-04-13,P018,30,3299,False,0,Online
10270,2025-04-14,P018,38,3299,False,0,B2B
10271,2025-04-15,P018,33,3299,False,0,B2B
10272,2025-04-16,P018,33,3299,False,0,B2B
10273,2025-04-17,P018,43,3299,False,0,Retail
10274,2025-04-18,P018,38,3299,False,0,Online
10275,2025-04-19,P018,35,3299,True,15,Online
10276,2025-04-20,P018,32,3299,False,0,Retail
10277,2025-04-21,P018,36,3299,False,0,Retail
10278,2025-04-22,P018,36,3299,False,0,Online
10279,2025-04-23,P018,35,3299,False,0,Retail
10280,2025-04-24,P018,40,3299,False,0,B2B
10281,2025-04-25,P018,37,3299,False,0,Online
10282,2025-04-26,P018,33,3299,True,5,B2B
10283,2025-04-27,P018,39,3299,True,10,Online
10284,2025-04-28,P018,36,3299,False,0,Online
10285,2025-04-29,P018,36,3299,False,0,Online
10286,2025-04-30,P018,36,3299,False,0,Online
10287,2025-05-01,P018,34,3299,False,0,B2B
10288,2025-05-02,P018,34,3299,False,0,Retail
10289,2025-05-03,P018,31,3299,True,10,Retail
10290,2025-05-04,P018,27,3299,False,0,Online
10291,2025-05-05,P018,29,3299,False,0,Retail
10292,2025-05-06,P018,28,3299,False,0,Retail
10293,2025-05-07,P018,29,3299,False,0,Online
10294,2025-05-08,P018,32,3299,False,0,Online
10295,2025-05-09,P018,34,3299,False,0,Online
10296,2025-05-10,P018,29,3299,False,0,Retail
10297,2025-05-11,P018,21,3299,False,0,Online
10298,2025-05-12,P018,40,3299,False,0,Retail
10299,2025-05-13,P018,37,3299,False,0,Retail
10300,2025-05-14,P018,36,3299,False,0,Online
10301,2025-05-15,P018,41,3299,False,0,Retail
10302,2025-05-16,P018,29,3299,False,0,Online
10303,2025-05-17,P018,36,3299,False,0,Retail
10304,2025-05-18,P018,29,3299,True,10,Retail
10305,2025-05-19,P018,35,3299,False,0,Retail
10306,2025-05-20,P018,28,3299,False,0,B2B
10307,2025-05-21,P018,34,3299,False,0,Online
10308,2025-05-22,P018,47,3299,True,20,Online
10309,2025-05-23,P018,33,3299,False,0,Online
10310,2025-05-24,P018,31,3299,False,0,Online
10311,2025-05-25,P018,30,3299,False,0,Retail
10312,2025-05-26,P018,32,3299,False,0,Online
10313,2025-05-27,P018,34,3299,True,5,Retail
10314,2025-05-28,P018,36,3299,False,0,Online
10315,2025-05-29,P018,31,3299,False,0,Retail
10316,2025-05-30,P018,38,3299,False,0,Online
10317,2025-05-31,P018,34,3299,False,0,B2B
10318,2025-06-01,P018,23,3299,False,0,Retail
10319,2025-06-02,P018,38,3299,False,0,B2B
10320,2025-06-03,P018,43,3299,False,0,Online
10321,2025-06-04,P018,34,3299,False,0,Retail
10322,2025-06-05,P018,35,3299,False,0,Retail
10323,2025-06-06,P018,39,3299,False,0,Online
10324,2025-06-07,P018,29,3299,False,0,Retail
10325,2025-06-08,P018,30,3299,False,0,Online
10326,2025-06-09,P018,28,3299,False,0,Online
10327,2025-06-10,P018,34,3299,False,0,Online
10328,2025-06-11,P018,35,3299,False,0,Retail
10329,2025-06-12,P018,37,3299,False,0,B2B
10330,2025-06-13,P018,39,3299,False,0,Online
10331,2025-06-14,P018,27,3299,False,0,Retail
10332,2025-06-15,P018,29,3299,False,0,Retail
10333,2025-06-16,P018,41,3299,False,0,Online
10334,2025-06-17,P018,33,3299,False,0,B2B
10335,2025-06-18,P018,35,3299,False,0,Online
10336,2025-06-19,P018,33,3299,False,0,Retail
10337,2025-06-20,P018,30,3299,False,0,Online
10338,2025-06-21,P018,35,3299,False,0,Online
10339,2025-06-22,P018,27,3299,False,0,Online
10340,2025-06-23,P018,28,3299,False,0,Retail
10341,2025-06-24,P018,32,3299,False,0,Retail
10342,2025-06-25,P018,26,3299,False,0,Retail
10343,2025-06-26,P018,31,3299,False,0,Online
10344,2025-06-27,P018,30,3299,False,0,Online
10345,2025-06-28,P018,32,3299,False,0,B2B
10346,2025-06-29,P018,28,3299,False,0,Retail
10347,2025-06-30,P018,38,3299,False,0,Online
10348,2025-07-01,P018,38,3299,False,0,Online
10349,2025-07-02,P018,38,3299,False,0,Online
10350,2025-07-03,P018,34,3299,False,0,B2B
10351,2025-07-04,P018,35,3299,False,0,B2B
10352,2025-07-05,P018,24,3299,False,0,Online
10353,2025-07-06,P018,30,3299,False,0,Retail
10354,2025-07-07,P018,30,3299,False,0,Online
10355,2025-07-08,P018,40,3299,True,5,Retail
10356,2025-07-09,P018,44,3299,False,0,Retail
10357,2025-07-10,P018,44,3299,True,15,Retail
10358,2025-07-11,P018,26,3299,False,0,B2B
10359,2025-07-12,P018,29,3299,False,0,Retail
10360,2025-07-13,P018,31,3299,False,0,B2B
10361,2025-07-14,P018,33,3299,False,0,Online
10362,2025-07-15,P018,30,3299,False,0,Retail
10363,2025-07-16,P018,35,3299,False,0,Retail
10364,2025-07-17,P018,30,3299,False,0,Retail
10365,2025-07-18,P018,31,3299,False,0,Online
10366,2025-07-19,P018,31,3299,False,0,Online
10367,2025-07-20,P018,27,3299,False,0,Retail
10368,2025-07-21,P018,36,3299,False,0,Retail
10369,2025-07-22,P018,28,3299,False,0,Online
10370,2025-07-23,P018,41,3299,False,0,Online
10371,2025-07-24,P018,31,3299,False,0,Online
10372,2025-07-25,P018,33,3299,False,0,Online
10373,2025-07-26,P018,30,3299,False,0,Retail
10374,2025-07-27,P018,28,3299,False,0,Retail
10375,2025-07-28,P018,34,3299,False,0,B2B
10376,2025-07-29,P018,35,3299,False,0,B2B
10377,2025-07-30,P018,37,3299,False,0,Online
10378,2025-07-31,P018,37,3299,False,0,Online
10379,2025-08-01,P018,39,3299,False,0,Online
10380,2025-08-02,P018,37,3299,False,0,Online
10381,2025-08-03,P018,47,3299,False,0,Retail
10382,2025-08-04,P018,55,3299,True,10,Online
10383,2025-08-05,P018,37,3299,False,0,Retail
10384,2025-08-06,P018,42,3299,False,0,Online
10385,2025-08-07,P018,38,3299,False,0,Online
10386,2025-08-08,P018,39,3299,False,0,Online
10387,2025-08-09,P018,30,3299,False,0,Retail
10388,2025-08-10,P018,35,3299,False,0,Retail
10389,2025-08-11,P018,49,3299,False,0,Online
10390,2025-08-12,P018,45,3299,False,0,Online
10391,2025-08-13,P018,30,3299,False,0,B2B
10392,2025-08-14,P018,59,3299,True,15,B2B
10393,2025-08-15,P018,45,3299,False,0,Online
10394,2025-08-16,P018,33,3299,False,0,Online
10395,2025-08-17,P018,40,3299,False,0,Online
10396,2025-08-18,P018,36,3299,False,0,Online
10397,2025-08-19,P018,39,3299,False,0,Online
10398,2025-08-20,P018,47,3299,False,0,Retail
10399,2025-08-21,P018,39,3299,False,0,Online
10400,2025-08-22,P018,32,3299,False,0,B2B
10401,2025-08-23,P018,35,3299,False,0,B2B
10402,2025-08-24,P018,38,3299,False,0,Retail
10403,2025-08-25,P018,46,3299,False,0,B2B
10404,2025-08-26,P018,40,3299,False,0,Online
10405,2025-08-27,P018,40,3299,False,0,Online
10406,2025-08-28,P018,48,3299,False,0,Retail
10407,2025-08-29,P018,41,3299,False,0,Online
10408,2025-08-30,P018,34,3299,False,0,Online
10409,2025-08-31,P018,47,3299,True,10,Online
10410,2025-09-01,P018,43,3299,False,0,Retail
10411,2025-09-02,P018,43,3299,False,0,Retail
10412,2025-09-03,P018,41,3299,False,0,Online
10413,2025-09-04,P018,37,3299,False,0,B2B
10414,2025-09-05,P018,43,3299,True,10,Online
10415,2025-09-06,P018,38,3299,False,0,Retail
10416,2025-09-07,P018,37,3299,False,0,Retail
10417,2025-09-08,P018,46,3299,False,0,Online
10418,2025-09-09,P018,41,3299,False,0,Online
10419,2025-09-10,P018,44,3299,False,0,Online
10420,2025-09-11,P018,40,3299,False,0,B2B
10421,2025-09-12,P018,45,3299,False,0,Retail
10422,2025-09-13,P018,38,3299,False,0,Retail
10423,2025-09-14,P018,37,3299,False,0,Online
10424,2025-09-15,P018,41,3299,False,0,Online
10425,2025-09-16,P018,36,3299,False,0,Retail
10426,2025-09-17,P018,43,3299,False,0,Online
10427,2025-09-18,P018,43,3299,False,0,B2B
10428,2025-09-19,P018,40,3299,False,0,Online
10429,2025-09-20,P018,40,3299,False,0,Online
10430,2025-09-21,P018,31,3299,False,0,B2B
10431,2025-09-22,P018,50,3299,True,20,B2B
10432,2025-09-23,P018,48,3299,False,0,Retail
10433,2025-09-24,P018,43,3299,False,0,Retail
10434,2025-09-25,P018,41,3299,False,0,Retail
10435,2025-09-26,P018,44,3299,False,0,B2B
10436,2025-09-27,P018,36,3299,False,0,Online
10437,2025-09-28,P018,31,3299,False,0,Online
10438,2025-09-29,P018,38,3299,False,0,Retail
10439,2025-09-30,P018,48,3299,False,0,Online
10440,2025-10-01,P018,38,3299,False,0,Online
10441,2025-10-02,P018,45,3299,True,10,Online
10442,2025-10-03,P018,38,3299,False,0,Retail
10443,2025-10-04,P018,33,3299,False,0,Online
10444,2025-10-05,P018,31,3299,False,0,Online
10445,2025-10-06,P018,45,3299,False,0,Online
10446,2025-10-07,P018,39,3299,False,0,Online
10447,2025-10-08,P018,45,3299,False,0,Online
10448,2025-10-09,P018,34,3299,False,0,Retail
10449,2025-10-10,P018,37,3299,False,0,Online
10450,2025-10-11,P018,36,3299,False,0,Retail
10451,2025-10-12,P018,39,3299,False,0,Retail
10452,2025-10-13,P018,36,3299,False,0,Retail
10453,2025-10-14,P018,46,3299,False,0,Online
10454,2025-10-15,P018,47,3299,False,0,Online
10455,2025-10-16,P018,35,3299,False,0,Retail
10456,2025-10-17,P018,36,3299,False,0,Online
10457,2025-10-18,P018,46,3299,False,0,Online
10458,2025-10-19,P018,46,3299,False,0,Retail
10459,2025-10-20,P018,37,3299,False,0,Online
10460,2025-10-21,P018,48,3299,False,0,Retail
10461,2025-10-22,P018,32,3299,False,0,B2B
10462,2025-10-23,P018,35,3299,False,0,Retail
10463,2025-10-24,P018,37,3299,False,0,Retail
10464,2025-10-25,P018,33,3299,False,0,Online
10465,2025-10-26,P018,33,3299,False,0,Retail
10466,2025-10-27,P018,38,3299,False,0,Online
10467,2025-10-28,P018,37,3299,False,0,Online
10468,2025-10-29,P018,45,3299,False,0,Online
10469,2025-10-30,P018,47,3299,False,0,Online
10470,2025-10-31,P018,46,3299,False,0,B2B
10471,2025-11-01,P018,39,3299,False,0,Online
10472,2025-11-02,P018,35,3299,False,0,Online
10473,2025-11-03,P018,39,3299,False,0,Online
10474,2025-11-04,P018,35,3299,False,0,Online
10475,2025-11-05,P018,44,3299,False,0,Online
10476,2025-11-06,P018,36,3299,False,0,Retail
10477,2025-11-07,P018,38,3299,False,0,Online
10478,2025-11-08,P018,42,3299,False,0,Online
10479,2025-11-09,P018,41,3299,False,0,Retail
10480,2025-11-10,P018,53,3299,True,15,B2B
10481,2025-11-11,P018,43,3299,False,0,Online
10482,2025-11-12,P018,40,3299,False,0,Online
10483,2025-11-13,P018,34,3299,False,0,Retail
10484,2025-11-14,P018,44,3299,False,0,Online
10485,2025-11-15,P018,40,3299,False,0,Retail
10486,2025-11-16,P018,34,3299,False,0,Retail
10487,2025-11-17,P018,40,3299,False,0,Retail
10488,2025-11-18,P018,44,3299,False,0,Retail
10489,2025-11-19,P018,35,3299,False,0,Online
10490,2025-11-20,P018,36,3299,False,0,Online
10491,2025-11-21,P018,36,3299,False,0,Retail
10492,2025-11-22,P018,34,3299,False,0,Online
10493,2025-11-23,P018,32,3299,False,0,B2B
10494,2025-11-24,P018,49,3299,False,0,Online
10495,2025-11-25,P018,42,3299,True,5,Online
10496,2025-11-26,P018,41,3299,False,0,Online
10497,2025-11-27,P018,33,3299,False,0,Online
10498,2025-11-28,P018,41,3299,False,0,Online
10499,2025-11-29,P018,38,3299,False,0,Online
10500,2025-11-30,P018,34,3299,False,0,Online
10501,2025-12-01,P018,45,3299,False,0,Online
10502,2025-12-02,P018,48,3299,False,0,Retail
10503,2025-12-03,P018,42,3299,False,0,Online
10504,2025-12-04,P018,43,3299,False,0,Retail
10505,2025-12-05,P018,39,3299,False,0,Online
10506,2025-12-06,P018,40,3299,False,0,Online
10507,2025-12-07,P018,32,3299,False,0,Online
10508,2025-12-08,P018,30,3299,False,0,B2B
10509,2025-12-09,P018,42,3299,False,0,Online
10510,2025-12-10,P018,40,3299,True,10,Online
10511,2025-12-11,P018,34,3299,False,0,Retail
10512,2025-12-12,P018,42,3299,False,0,Online
10513,2025-12-13,P018,48,3299,True,20,Online
10514,2025-12-14,P018,31,3299,False,0,Online
10515,2025-12-15,P018,42,3299,False,0,Retail
10516,2025-12-16,P018,46,3299,False,0,Retail
10517,2025-12-17,P018,33,3299,False,0,Retail
10518,2025-12-18,P018,44,3299,False,0,Online
10519,2025-12-19,P018,35,3299,False,0,Retail
10520,2025-12-20,P018,48,3299,False,0,Retail
10521,2025-12-21,P018,35,3299,False,0,B2B
10522,2025-12-22,P018,43,3299,False,0,B2B
10523,2025-12-23,P018,32,3299,False,0,Online
10524,2025-12-24,P018,42,3299,False,0,Online
10525,2025-12-25,P018,43,3299,False,0,Retail
10526,2025-12-26,P018,41,3299,False,0,B2B
10527,2025-12-27,P018,34,3299,False,0,Online
10528,2025-12-28,P018,33,3299,False,0,Retail
10529,2025-12-29,P018,46,3299,False,0,Retail
10530,2025-12-30,P018,41,3299,False,0,Retail
10531,2025-12-31,P018,48,3299,False,0,Online
10532,2026-01-01,P018,35,3299,False,0,Retail
10533,2026-01-02,P018,32,3299,False,0,B2B
10534,2026-01-03,P018,33,3299,False,0,Online
10535,2026-01-04,P018,29,3299,True,10,Retail
10536,2026-01-05,P018,30,3299,False,0,Online
10537,2026-01-06,P018,38,3299,False,0,Retail
10538,2026-01-07,P018,33,3299,False,0,Online
10539,2026-01-08,P018,29,3299,False,0,Retail
10540,2026-01-09,P018,46,3299,False,0,Online
10541,2026-01-10,P018,25,3299,False,0,Online
10542,2026-01-11,P018,36,3299,True,10,Retail
10543,2026-01-12,P018,38,3299,False,0,Retail
10544,2026-01-13,P018,22,3299,False,0,Retail
10545,2026-01-14,P018,33,3299,False,0,Online
10546,2026-01-15,P018,37,3299,False,0,Online
10547,2026-01-16,P018,34,3299,False,0,Retail
10548,2026-01-17,P018,35,3299,True,5,Online
10549,2026-01-18,P018,29,3299,False,0,Online
10550,2026-01-19,P018,40,3299,False,0,Online
10551,2026-01-20,P018,35,3299,False,0,B2B
10552,2026-01-21,P018,35,3299,True,15,Retail
10553,2026-01-22,P018,29,3299,False,0,Online
10554,2026-01-23,P018,30,3299,False,0,Retail
10555,2026-01-24,P018,38,3299,False,0,Online
10556,2026-01-25,P018,26,3299,False,0,Online
10557,2026-01-26,P018,39,3299,False,0,Online
10558,2026-01-27,P018,32,3299,False,0,Online
10559,2026-01-28,P018,34,3299,False,0,B2B
10560,2026-01-29,P018,43,3299,False,0,Online
10561,2026-01-30,P018,35,3299,False,0,Online
10562,2026-01-31,P018,34,3299,False,0,B2B
10563,2026-02-01,P018,31,3299,False,0,Retail
10564,2026-02-02,P018,33,3299,False,0,Retail
10565,2026-02-03,P018,44,3299,False,0,Online
10566,2026-02-04,P018,30,3299,False,0,Retail
10567,2026-02-05,P018,41,3299,False,0,B2B
10568,2026-02-06,P018,41,3299,False,0,Online
10569,2026-02-07,P018,29,3299,False,0,B2B
10570,2026-02-08,P018,36,3299,False,0,Online
10571,2026-02-09,P018,28,3299,True,5,Retail
10572,2026-02-10,P018,32,3299,False,0,Online
10573,2026-02-11,P018,29,3299,False,0,Online
10574,2026-02-12,P018,40,3299,False,0,Retail
10575,2026-02-13,P018,29,3299,False,0,Online
10576,2026-02-14,P018,33,3299,False,0,Online
10577,2026-02-15,P018,33,3299,False,0,Online
10578,2026-02-16,P018,33,3299,False,0,Online
10579,2026-02-17,P018,36,3299,False,0,Retail
10580,2026-02-18,P018,37,3299,False,0,Retail
10581,2026-02-19,P018,29,3299,False,0,Retail
10582,2026-02-20,P018,48,3299,False,0,Online
10583,2026-02-21,P018,30,3299,False,0,Retail
10584,2026-02-22,P018,21,3299,False,0,Online
10585,2026-02-23,P018,34,3299,False,0,Online
10586,2026-02-24,P018,28,3299,False,0,Retail
10587,2026-02-25,P018,41,3299,False,0,Retail
10588,2026-02-26,P018,40,3299,False,0,Online
10589,2026-02-27,P018,36,3299,False,0,Online
10590,2026-02-28,P018,28,3299,False,0,Online
10591,2026-03-01,P018,30,3299,False,0,Online
10592,2026-03-02,P018,37,3299,False,0,Online
10593,2026-03-03,P018,36,3299,False,0,Retail
10594,2026-03-04,P018,44,3299,False,0,Online
10595,2026-03-05,P018,41,3299,False,0,Retail
10596,2026-03-06,P018,38,3299,False,0,Online
10597,2026-03-07,P018,44,3299,True,15,Online
10598,2026-03-08,P018,37,3299,False,0,Retail
10599,2026-03-09,P018,38,3299,False,0,Online
10600,2026-03-10,P018,41,3299,False,0,Retail
10601,2026-03-11,P018,71,3299,False,0,B2B
10602,2026-03-12,P018,45,3299,True,20,Online
10603,2026-03-13,P018,33,3299,False,0,Retail
10604,2026-03-14,P018,30,3299,False,0,Online
10605,2026-03-15,P018,34,3299,False,0,Retail
10606,2026-03-16,P018,28,3299,False,0,Retail
10607,2026-03-17,P018,41,3299,False,0,B2B
10608,2026-03-18,P018,38,3299,False,0,Online
10609,2026-03-19,P018,41,3299,False,0,Retail
10610,2026-03-20,P018,32,3299,False,0,Retail
10611,2026-03-21,P018,42,3299,True,20,B2B
10612,2026-03-22,P018,36,3299,False,0,B2B
10613,2026-03-23,P018,43,3299,False,0,Online
10614,2026-03-24,P018,37,3299,False,0,Online
10615,2026-03-25,P018,37,3299,False,0,Online
10616,2026-03-26,P018,36,3299,False,0,Retail
10617,2026-03-27,P018,42,3299,False,0,B2B
10618,2026-03-28,P018,39,3299,True,10,Retail
10619,2026-03-29,P018,37,3299,False,0,Online
10620,2026-03-30,P018,31,3299,False,0,Retail
10621,2026-03-31,P018,38,3299,False,0,Online
10622,2026-04-01,P018,40,3299,False,0,Retail
10623,2026-04-02,P018,37,3299,False,0,Retail
10624,2026-04-03,P018,45,3299,False,0,Online
10625,2026-04-04,P018,38,3299,False,0,Online
10626,2026-04-05,P018,34,3299,False,0,Retail
10627,2026-04-06,P018,47,3299,False,0,Online
10628,2026-04-07,P018,37,3299,False,0,Online
10629,2026-04-08,P018,40,3299,False,0,B2B
10630,2026-04-09,P018,49,3299,False,0,Online
10631,2026-04-10,P018,45,3299,False,0,Retail
10632,2026-04-11,P018,34,3299,False,0,Online
10633,2026-04-12,P018,33,3299,False,0,Retail
10634,2026-04-13,P018,29,3299,False,0,Retail
10635,2026-04-14,P018,41,3299,False,0,Online
10636,2026-04-15,P018,32,3299,False,0,Online
10637,2026-04-16,P018,43,3299,True,20,B2B
10638,2026-04-17,P018,30,3299,False,0,Online
10639,2026-04-18,P018,33,3299,False,0,Retail
10640,2026-04-19,P018,36,3299,False,0,Online
10641,2026-04-20,P018,40,3299,False,0,Online
10642,2026-04-21,P018,35,3299,False,0,Online
10643,2026-04-22,P018,47,3299,False,0,Online
10644,2026-04-23,P018,35,3299,False,0,Retail
10645,2026-04-24,P018,35,3299,False,0,Online
10646,2026-04-25,P018,36,3299,False,0,Online
10647,2026-04-26,P018,40,3299,False,0,Online
10648,2026-04-27,P018,39,3299,False,0,Retail
10649,2026-04-28,P018,33,3299,False,0,B2B
10650,2026-04-29,P018,33,3299,False,0,Online
10651,2026-04-30,P018,38,3299,False,0,Online
10652,2026-05-01,P018,40,3299,False,0,Retail
10653,2026-05-02,P018,30,3299,False,0,Online
10654,2026-05-03,P018,25,3299,False,0,Online
10655,2026-05-04,P018,34,3299,False,0,Online
10656,2026-05-05,P018,46,3299,False,0,Retail
10657,2026-05-06,P018,46,3299,False,0,Online
10658,2026-05-07,P018,31,3299,False,0,Online
10659,2026-05-08,P018,42,3299,False,0,Online
10660,2026-05-09,P018,29,3299,False,0,Retail
10661,2026-05-10,P018,47,3299,True,20,Online
10662,2026-05-11,P018,36,3299,False,0,Retail
10663,2026-05-12,P018,37,3299,False,0,Online
10664,2026-05-13,P018,31,3299,False,0,Online
10665,2026-05-14,P018,40,3299,False,0,Retail
10666,2026-05-15,P018,40,3299,False,0,Retail
10667,2026-05-16,P018,35,3299,False,0,B2B
10668,2026-05-17,P018,34,3299,False,0,Online
10669,2026-05-18,P018,34,3299,False,0,Online
10670,2026-05-19,P018,48,3299,True,20,B2B
10671,2026-05-20,P018,37,3299,False,0,B2B
10672,2026-05-21,P018,39,3299,False,0,Online
10673,2026-05-22,P018,35,3299,True,10,Retail
10674,2026-05-23,P018,31,3299,False,0,Retail
10675,2026-05-24,P018,25,3299,False,0,Retail
10676,2026-05-25,P018,35,3299,False,0,Retail
10677,2026-05-26,P018,41,3299,False,0,B2B
10678,2026-05-27,P018,34,3299,False,0,Retail
10679,2026-05-28,P018,35,3299,False,0,Online
10680,2026-05-29,P018,44,3299,False,0,Online
10681,2026-05-30,P018,30,3299,False,0,Online
10682,2026-05-31,P018,31,3299,False,0,Retail
10683,2026-06-01,P018,35,3299,False,0,Online
10684,2026-06-02,P018,39,3299,False,0,B2B
10685,2026-06-03,P018,27,3299,False,0,Online
10686,2026-06-04,P018,35,3299,False,0,Online
10687,2026-06-05,P018,28,3299,False,0,Online
10688,2026-06-06,P018,29,3299,False,0,Online
10689,2026-06-07,P018,37,3299,True,5,Online
10690,2026-06-08,P018,34,3299,False,0,Online
10691,2026-06-09,P018,31,3299,False,0,B2B
10692,2026-06-10,P018,41,3299,False,0,Online
10693,2026-06-11,P018,44,3299,False,0,Online
10694,2026-06-12,P018,34,3299,False,0,Online
10695,2026-06-13,P018,38,3299,False,0,Online
10696,2026-06-14,P018,29,3299,False,0,Online
10697,2026-06-15,P018,52,3299,True,10,Online
10698,2026-06-16,P018,45,3299,False,0,Online
10699,2026-06-17,P018,40,3299,False,0,Retail
10700,2026-06-18,P018,30,3299,False,0,Online
10701,2026-06-19,P018,48,3299,True,20,Retail
10702,2026-06-20,P018,34,3299,False,0,B2B
10703,2026-06-21,P018,33,3299,False,0,Online
10704,2026-06-22,P018,46,3299,False,0,Online
10705,2026-06-23,P018,40,3299,False,0,Online
10706,2026-06-24,P018,34,3299,False,0,Retail
10707,2026-06-25,P018,41,3299,False,0,Retail
10708,2026-06-26,P018,46,3299,True,20,Online
10709,2026-06-27,P018,29,3299,False,0,Online
10710,2026-06-28,P018,30,3299,True,5,B2B
10711,2026-06-29,P018,43,3299,False,0,Online
10712,2026-06-30,P018,42,3299,False,0,Online
10713,2026-07-01,P018,33,3299,False,0,Online
10714,2026-07-02,P018,28,3299,False,0,Online
10715,2026-07-03,P018,36,3299,False,0,Online
10716,2026-07-04,P018,25,3299,False,0,Online
10717,2026-07-05,P018,34,3299,False,0,Retail
10718,2026-07-06,P018,44,3299,False,0,Online
10719,2026-07-07,P018,47,3299,False,0,Retail
10720,2026-07-08,P018,37,3299,False,0,B2B
10721,2026-07-09,P018,33,3299,False,0,Retail
10722,2026-07-10,P018,31,3299,False,0,Online
10723,2026-07-11,P018,34,3299,False,0,Retail
10724,2026-07-12,P018,34,3299,False,0,Online
10725,2026-07-13,P018,42,3299,False,0,B2B
10726,2026-07-14,P018,32,3299,False,0,Online
10727,2026-07-15,P018,33,3299,False,0,Online
10728,2026-07-16,P018,34,3299,False,0,Retail
10729,2026-07-17,P018,28,3299,False,0,Retail
10730,2026-07-18,P018,28,3299,False,0,Online
10731,2026-07-19,P018,29,3299,False,0,Online
10732,2026-07-20,P018,42,3299,False,0,Online
10733,2026-07-21,P018,34,3299,False,0,Online
10734,2026-07-22,P018,37,3299,False,0,Retail
10735,2026-07-23,P018,31,3299,False,0,B2B
10736,2026-07-24,P018,25,3299,False,0,Online
10737,2026-07-25,P018,41,3299,True,10,Online
10738,2026-07-26,P018,30,3299,False,0,Online
10739,2026-07-27,P018,38,3299,False,0,Retail
10740,2026-07-28,P018,38,3299,True,20,Online
10741,2026-07-29,P018,39,3299,False,0,B2B
10742,2026-07-30,P018,34,3299,False,0,Online
10743,2026-07-31,P018,33,3299,False,0,B2B
10744,2026-08-01,P018,38,3299,False,0,B2B
10745,2026-08-02,P018,50,3299,False,0,Online
10746,2026-08-03,P018,59,3299,True,20,B2B
10747,2026-08-04,P018,42,3299,False,0,Retail
10748,2026-08-05,P018,40,3299,False,0,Online
10749,2026-08-06,P018,33,3299,False,0,Retail
10750,2026-08-07,P018,45,3299,False,0,B2B
10751,2026-08-08,P018,42,3299,False,0,Retail
10752,2026-08-09,P018,42,3299,False,0,Retail
10753,2026-08-10,P018,35,3299,False,0,Online
10754,2026-08-11,P018,42,3299,False,0,B2B
10755,2026-08-12,P018,45,3299,False,0,B2B
10756,2026-08-13,P018,45,3299,False,0,B2B
10757,2026-08-14,P018,74,3299,False,0,Retail
10758,2026-08-15,P018,39,3299,False,0,B2B
10759,2026-08-16,P018,42,3299,False,0,Retail
10760,2026-08-17,P018,41,3299,False,0,Online
10761,2026-08-18,P018,45,3299,False,0,Online
10762,2026-08-19,P018,43,3299,False,0,Online
10763,2026-08-20,P018,44,3299,False,0,Retail
10764,2026-08-21,P018,53,3299,False,0,Online
10765,2025-01-01,P019,66,3999,False,0,Online
10766,2025-01-02,P019,62,3999,False,0,Retail
10767,2025-01-03,P019,36,3999,False,0,Online
10768,2025-01-04,P019,63,3999,True,5,Online
10769,2025-01-05,P019,54,3999,False,0,B2B
10770,2025-01-06,P019,70,3999,False,0,Online
10771,2025-01-07,P019,79,3999,True,15,Online
10772,2025-01-08,P019,67,3999,False,0,Online
10773,2025-01-09,P019,62,3999,False,0,Online
10774,2025-01-10,P019,65,3999,False,0,Retail
10775,2025-01-11,P019,61,3999,False,0,B2B
10776,2025-01-12,P019,51,3999,False,0,Online
10777,2025-01-13,P019,46,3999,False,0,Online
10778,2025-01-14,P019,54,3999,False,0,Online
10779,2025-01-15,P019,59,3999,False,0,Retail
10780,2025-01-16,P019,57,3999,False,0,Retail
10781,2025-01-17,P019,48,3999,False,0,B2B
10782,2025-01-18,P019,40,3999,False,0,Retail
10783,2025-01-19,P019,52,3999,True,10,Online
10784,2025-01-20,P019,62,3999,False,0,Retail
10785,2025-01-21,P019,67,3999,False,0,Retail
10786,2025-01-22,P019,63,3999,False,0,Retail
10787,2025-01-23,P019,64,3999,False,0,Online
10788,2025-01-24,P019,56,3999,False,0,Online
10789,2025-01-25,P019,39,3999,False,0,Retail
10790,2025-01-26,P019,47,3999,False,0,B2B
10791,2025-01-27,P019,90,3999,False,0,Online
10792,2025-01-28,P019,53,3999,False,0,Online
10793,2025-01-29,P019,66,3999,True,10,Online
10794,2025-01-30,P019,59,3999,False,0,Online
10795,2025-01-31,P019,62,3999,False,0,B2B
10796,2025-02-01,P019,48,3999,False,0,B2B
10797,2025-02-02,P019,38,3999,False,0,Online
10798,2025-02-03,P019,53,3999,False,0,Online
10799,2025-02-04,P019,57,3999,False,0,Retail
10800,2025-02-05,P019,64,3999,False,0,Online
10801,2025-02-06,P019,52,3999,False,0,Online
10802,2025-02-07,P019,60,3999,False,0,Retail
10803,2025-02-08,P019,60,3999,True,10,Online
10804,2025-02-09,P019,50,3999,False,0,Online
10805,2025-02-10,P019,63,3999,False,0,Online
10806,2025-02-11,P019,52,3999,False,0,Online
10807,2025-02-12,P019,52,3999,False,0,Online
10808,2025-02-13,P019,57,3999,False,0,Online
10809,2025-02-14,P019,52,3999,False,0,Online
10810,2025-02-15,P019,52,3999,False,0,Online
10811,2025-02-16,P019,45,3999,False,0,Online
10812,2025-02-17,P019,58,3999,False,0,Online
10813,2025-02-18,P019,56,3999,False,0,Online
10814,2025-02-19,P019,58,3999,False,0,B2B
10815,2025-02-20,P019,66,3999,True,15,Online
10816,2025-02-21,P019,55,3999,False,0,B2B
10817,2025-02-22,P019,51,3999,False,0,Retail
10818,2025-02-23,P019,51,3999,False,0,Online
10819,2025-02-24,P019,56,3999,False,0,Online
10820,2025-02-25,P019,69,3999,False,0,Retail
10821,2025-02-26,P019,50,3999,False,0,B2B
10822,2025-02-27,P019,56,3999,False,0,Online
10823,2025-02-28,P019,46,3999,False,0,Retail
10824,2025-03-01,P019,54,3999,False,0,Retail
10825,2025-03-02,P019,46,3999,False,0,Retail
10826,2025-03-03,P019,57,3999,False,0,Retail
10827,2025-03-04,P019,57,3999,False,0,Online
10828,2025-03-05,P019,62,3999,False,0,Online
10829,2025-03-06,P019,56,3999,False,0,Online
10830,2025-03-07,P019,56,3999,False,0,Retail
10831,2025-03-08,P019,62,3999,False,0,Online
10832,2025-03-09,P019,54,3999,False,0,Retail
10833,2025-03-10,P019,56,3999,False,0,Online
10834,2025-03-11,P019,59,3999,False,0,B2B
10835,2025-03-12,P019,72,3999,False,0,B2B
10836,2025-03-13,P019,58,3999,False,0,Online
10837,2025-03-14,P019,56,3999,False,0,Retail
10838,2025-03-15,P019,48,3999,False,0,Retail
10839,2025-03-16,P019,50,3999,False,0,Online
10840,2025-03-17,P019,56,3999,False,0,Retail
10841,2025-03-18,P019,51,3999,False,0,Online
10842,2025-03-19,P019,53,3999,False,0,Retail
10843,2025-03-20,P019,70,3999,True,20,Retail
10844,2025-03-21,P019,64,3999,False,0,Online
10845,2025-03-22,P019,51,3999,False,0,B2B
10846,2025-03-23,P019,51,3999,False,0,B2B
10847,2025-03-24,P019,69,3999,False,0,Online
10848,2025-03-25,P019,69,3999,False,0,Retail
10849,2025-03-26,P019,58,3999,False,0,Online
10850,2025-03-27,P019,56,3999,False,0,Online
10851,2025-03-28,P019,55,3999,False,0,Retail
10852,2025-03-29,P019,56,3999,False,0,Online
10853,2025-03-30,P019,51,3999,False,0,Online
10854,2025-03-31,P019,57,3999,False,0,B2B
10855,2025-04-01,P019,54,3999,False,0,Retail
10856,2025-04-02,P019,54,3999,False,0,Online
10857,2025-04-03,P019,63,3999,False,0,Retail
10858,2025-04-04,P019,50,3999,False,0,Online
10859,2025-04-05,P019,59,3999,False,0,Online
10860,2025-04-06,P019,50,3999,False,0,Online
10861,2025-04-07,P019,58,3999,False,0,Online
10862,2025-04-08,P019,61,3999,True,15,Retail
10863,2025-04-09,P019,61,3999,False,0,Online
10864,2025-04-10,P019,57,3999,False,0,Online
10865,2025-04-11,P019,60,3999,False,0,B2B
10866,2025-04-12,P019,62,3999,False,0,Retail
10867,2025-04-13,P019,63,3999,True,10,Online
10868,2025-04-14,P019,54,3999,False,0,Online
10869,2025-04-15,P019,55,3999,False,0,Retail
10870,2025-04-16,P019,65,3999,False,0,Online
10871,2025-04-17,P019,70,3999,False,0,Online
10872,2025-04-18,P019,61,3999,False,0,B2B
10873,2025-04-19,P019,58,3999,False,0,B2B
10874,2025-04-20,P019,56,3999,False,0,Online
10875,2025-04-21,P019,94,3999,True,20,Online
10876,2025-04-22,P019,47,3999,False,0,Online
10877,2025-04-23,P019,65,3999,False,0,Online
10878,2025-04-24,P019,74,3999,True,5,Retail
10879,2025-04-25,P019,67,3999,True,20,Retail
10880,2025-04-26,P019,47,3999,False,0,Online
10881,2025-04-27,P019,47,3999,False,0,B2B
10882,2025-04-28,P019,55,3999,False,0,Retail
10883,2025-04-29,P019,56,3999,False,0,Retail
10884,2025-04-30,P019,76,3999,True,15,Online
10885,2025-05-01,P019,65,3999,False,0,Online
10886,2025-05-02,P019,70,3999,True,5,Online
10887,2025-05-03,P019,45,3999,False,0,B2B
10888,2025-05-04,P019,46,3999,False,0,Online
10889,2025-05-05,P019,67,3999,False,0,Retail
10890,2025-05-06,P019,61,3999,False,0,B2B
10891,2025-05-07,P019,59,3999,False,0,B2B
10892,2025-05-08,P019,62,3999,False,0,Online
10893,2025-05-09,P019,56,3999,False,0,Online
10894,2025-05-10,P019,55,3999,False,0,Online
10895,2025-05-11,P019,50,3999,False,0,Online
10896,2025-05-12,P019,58,3999,False,0,Online
10897,2025-05-13,P019,48,3999,False,0,Retail
10898,2025-05-14,P019,53,3999,False,0,Online
10899,2025-05-15,P019,52,3999,False,0,Online
10900,2025-05-16,P019,56,3999,False,0,Online
10901,2025-05-17,P019,46,3999,False,0,Online
10902,2025-05-18,P019,47,3999,False,0,Online
10903,2025-05-19,P019,48,3999,False,0,Online
10904,2025-05-20,P019,62,3999,False,0,B2B
10905,2025-05-21,P019,59,3999,False,0,B2B
10906,2025-05-22,P019,49,3999,True,5,Online
10907,2025-05-23,P019,52,3999,False,0,Retail
10908,2025-05-24,P019,53,3999,False,0,Online
10909,2025-05-25,P019,48,3999,False,0,B2B
10910,2025-05-26,P019,54,3999,False,0,Retail
10911,2025-05-27,P019,59,3999,False,0,Online
10912,2025-05-28,P019,61,3999,False,0,Online
10913,2025-05-29,P019,63,3999,True,20,Online
10914,2025-05-30,P019,61,3999,False,0,Online
10915,2025-05-31,P019,45,3999,False,0,Online
10916,2025-06-01,P019,50,3999,False,0,Retail
10917,2025-06-02,P019,57,3999,False,0,Retail
10918,2025-06-03,P019,56,3999,False,0,Retail
10919,2025-06-04,P019,50,3999,False,0,Online
10920,2025-06-05,P019,56,3999,False,0,B2B
10921,2025-06-06,P019,68,3999,False,0,Online
10922,2025-06-07,P019,43,3999,False,0,Retail
10923,2025-06-08,P019,63,3999,False,0,Online
10924,2025-06-09,P019,56,3999,False,0,Online
10925,2025-06-10,P019,68,3999,True,10,Retail
10926,2025-06-11,P019,51,3999,False,0,Online
10927,2025-06-12,P019,54,3999,False,0,Online
10928,2025-06-13,P019,55,3999,False,0,B2B
10929,2025-06-14,P019,45,3999,False,0,Online
10930,2025-06-15,P019,49,3999,False,0,Online
10931,2025-06-16,P019,56,3999,False,0,Online
10932,2025-06-17,P019,82,3999,True,10,Online
10933,2025-06-18,P019,49,3999,False,0,Retail
10934,2025-06-19,P019,58,3999,False,0,Online
10935,2025-06-20,P019,62,3999,False,0,Online
10936,2025-06-21,P019,45,3999,False,0,Online
10937,2025-06-22,P019,56,3999,False,0,Online
10938,2025-06-23,P019,57,3999,False,0,Retail
10939,2025-06-24,P019,42,3999,False,0,Online
10940,2025-06-25,P019,62,3999,False,0,Online
10941,2025-06-26,P019,64,3999,True,15,Online
10942,2025-06-27,P019,53,3999,False,0,Online
10943,2025-06-28,P019,56,3999,False,0,Retail
10944,2025-06-29,P019,53,3999,True,5,Online
10945,2025-06-30,P019,66,3999,False,0,Retail
10946,2025-07-01,P019,66,3999,False,0,Retail
10947,2025-07-02,P019,53,3999,False,0,Retail
10948,2025-07-03,P019,65,3999,False,0,Online
10949,2025-07-04,P019,55,3999,False,0,Online
10950,2025-07-05,P019,67,3999,False,0,Online
10951,2025-07-06,P019,49,3999,False,0,Online
10952,2025-07-07,P019,64,3999,False,0,Retail
10953,2025-07-08,P019,67,3999,False,0,Retail
10954,2025-07-09,P019,59,3999,False,0,Retail
10955,2025-07-10,P019,56,3999,False,0,Online
10956,2025-07-11,P019,59,3999,False,0,Retail
10957,2025-07-12,P019,38,3999,False,0,Online
10958,2025-07-13,P019,52,3999,False,0,Retail
10959,2025-07-14,P019,61,3999,False,0,Retail
10960,2025-07-15,P019,60,3999,False,0,Retail
10961,2025-07-16,P019,37,3999,False,0,B2B
10962,2025-07-17,P019,51,3999,False,0,Online
10963,2025-07-18,P019,54,3999,False,0,B2B
10964,2025-07-19,P019,52,3999,False,0,B2B
10965,2025-07-20,P019,54,3999,False,0,B2B
10966,2025-07-21,P019,58,3999,False,0,B2B
10967,2025-07-22,P019,63,3999,False,0,Online
10968,2025-07-23,P019,50,3999,False,0,Retail
10969,2025-07-24,P019,65,3999,False,0,Online
10970,2025-07-25,P019,77,3999,True,15,Retail
10971,2025-07-26,P019,56,3999,False,0,Online
10972,2025-07-27,P019,50,3999,False,0,Retail
10973,2025-07-28,P019,73,3999,False,0,Online
10974,2025-07-29,P019,61,3999,False,0,Online
10975,2025-07-30,P019,53,3999,False,0,B2B
10976,2025-07-31,P019,59,3999,False,0,Retail
10977,2025-08-01,P019,80,3999,False,0,Online
10978,2025-08-02,P019,56,3999,False,0,Online
10979,2025-08-03,P019,69,3999,False,0,Online
10980,2025-08-04,P019,91,3999,True,15,B2B
10981,2025-08-05,P019,49,3999,False,0,Retail
10982,2025-08-06,P019,77,3999,False,0,Online
10983,2025-08-07,P019,72,3999,True,5,Online
10984,2025-08-08,P019,78,3999,False,0,Online
10985,2025-08-09,P019,67,3999,False,0,B2B
10986,2025-08-10,P019,63,3999,False,0,B2B
10987,2025-08-11,P019,84,3999,False,0,Retail
10988,2025-08-12,P019,72,3999,False,0,Online
10989,2025-08-13,P019,77,3999,False,0,B2B
10990,2025-08-14,P019,76,3999,False,0,Online
10991,2025-08-15,P019,70,3999,False,0,Retail
10992,2025-08-16,P019,68,3999,False,0,Retail
10993,2025-08-17,P019,59,3999,False,0,Retail
10994,2025-08-18,P019,67,3999,False,0,Online
10995,2025-08-19,P019,59,3999,False,0,Online
10996,2025-08-20,P019,71,3999,False,0,Retail
10997,2025-08-21,P019,73,3999,False,0,Online
10998,2025-08-22,P019,78,3999,False,0,Online
10999,2025-08-23,P019,79,3999,True,10,Online
11000,2025-08-24,P019,100,3999,False,0,Retail
11001,2025-08-25,P019,63,3999,False,0,Online
11002,2025-08-26,P019,75,3999,False,0,Online
11003,2025-08-27,P019,77,3999,False,0,Online
11004,2025-08-28,P019,81,3999,False,0,B2B
11005,2025-08-29,P019,79,3999,False,0,Online
11006,2025-08-30,P019,62,3999,False,0,B2B
11007,2025-08-31,P019,60,3999,False,0,Retail
11008,2025-09-01,P019,68,3999,False,0,B2B
11009,2025-09-02,P019,68,3999,False,0,Retail
11010,2025-09-03,P019,72,3999,False,0,Online
11011,2025-09-04,P019,72,3999,False,0,Retail
11012,2025-09-05,P019,70,3999,False,0,Retail
11013,2025-09-06,P019,64,3999,False,0,B2B
11014,2025-09-07,P019,55,3999,False,0,Online
11015,2025-09-08,P019,79,3999,False,0,Online
11016,2025-09-09,P019,71,3999,False,0,Online
11017,2025-09-10,P019,69,3999,False,0,Online
11018,2025-09-11,P019,65,3999,False,0,Retail
11019,2025-09-12,P019,58,3999,False,0,Retail
11020,2025-09-13,P019,77,3999,False,0,Retail
11021,2025-09-14,P019,66,3999,False,0,Retail
11022,2025-09-15,P019,57,3999,False,0,Online
11023,2025-09-16,P019,80,3999,False,0,Online
11024,2025-09-17,P019,79,3999,False,0,Online
11025,2025-09-18,P019,74,3999,False,0,Online
11026,2025-09-19,P019,85,3999,False,0,Online
11027,2025-09-20,P019,62,3999,False,0,Online
11028,2025-09-21,P019,54,3999,False,0,Retail
11029,2025-09-22,P019,74,3999,False,0,Online
11030,2025-09-23,P019,70,3999,False,0,Online
11031,2025-09-24,P019,69,3999,False,0,Online
11032,2025-09-25,P019,104,3999,True,20,Retail
11033,2025-09-26,P019,56,3999,False,0,Retail
11034,2025-09-27,P019,72,3999,False,0,Online
11035,2025-09-28,P019,55,3999,False,0,Online
11036,2025-09-29,P019,61,3999,False,0,B2B
11037,2025-09-30,P019,67,3999,False,0,Online
11038,2025-10-01,P019,76,3999,False,0,Online
11039,2025-10-02,P019,82,3999,True,15,Retail
11040,2025-10-03,P019,63,3999,False,0,Retail
11041,2025-10-04,P019,55,3999,False,0,Online
11042,2025-10-05,P019,54,3999,False,0,Online
11043,2025-10-06,P019,71,3999,False,0,Retail
11044,2025-10-07,P019,76,3999,False,0,Online
11045,2025-10-08,P019,70,3999,False,0,Online
11046,2025-10-09,P019,91,3999,True,10,B2B
11047,2025-10-10,P019,79,3999,False,0,Retail
11048,2025-10-11,P019,55,3999,False,0,Online
11049,2025-10-12,P019,57,3999,False,0,Online
11050,2025-10-13,P019,85,3999,False,0,Online
11051,2025-10-14,P019,78,3999,False,0,Retail
11052,2025-10-15,P019,53,3999,False,0,Retail
11053,2025-10-16,P019,72,3999,False,0,Online
11054,2025-10-17,P019,68,3999,False,0,Online
11055,2025-10-18,P019,68,3999,False,0,Online
11056,2025-10-19,P019,55,3999,False,0,B2B
11057,2025-10-20,P019,61,3999,False,0,Online
11058,2025-10-21,P019,66,3999,False,0,Retail
11059,2025-10-22,P019,65,3999,False,0,Online
11060,2025-10-23,P019,72,3999,False,0,Online
11061,2025-10-24,P019,66,3999,True,10,Online
11062,2025-10-25,P019,54,3999,False,0,Retail
11063,2025-10-26,P019,47,3999,False,0,Retail
11064,2025-10-27,P019,75,3999,False,0,B2B
11065,2025-10-28,P019,78,3999,False,0,Retail
11066,2025-10-29,P019,69,3999,False,0,Online
11067,2025-10-30,P019,68,3999,False,0,Retail
11068,2025-10-31,P019,77,3999,False,0,Online
11069,2025-11-01,P019,72,3999,False,0,Online
11070,2025-11-02,P019,67,3999,False,0,Retail
11071,2025-11-03,P019,67,3999,False,0,B2B
11072,2025-11-04,P019,53,3999,False,0,Retail
11073,2025-11-05,P019,60,3999,False,0,Retail
11074,2025-11-06,P019,71,3999,False,0,B2B
11075,2025-11-07,P019,62,3999,False,0,Online
11076,2025-11-08,P019,63,3999,False,0,Retail
11077,2025-11-09,P019,58,3999,False,0,Online
11078,2025-11-10,P019,63,3999,False,0,Online
11079,2025-11-11,P019,57,3999,False,0,Online
11080,2025-11-12,P019,86,3999,False,0,Online
11081,2025-11-13,P019,82,3999,False,0,Retail
11082,2025-11-14,P019,86,3999,False,0,B2B
11083,2025-11-15,P019,62,3999,False,0,Online
11084,2025-11-16,P019,55,3999,False,0,Retail
11085,2025-11-17,P019,76,3999,False,0,Retail
11086,2025-11-18,P019,66,3999,False,0,Retail
11087,2025-11-19,P019,69,3999,False,0,B2B
11088,2025-11-20,P019,66,3999,False,0,Online
11089,2025-11-21,P019,44,3999,False,0,B2B
11090,2025-11-22,P019,72,3999,False,0,Retail
11091,2025-11-23,P019,61,3999,False,0,Online
11092,2025-11-24,P019,73,3999,False,0,B2B
11093,2025-11-25,P019,68,3999,False,0,Online
11094,2025-11-26,P019,67,3999,False,0,Retail
11095,2025-11-27,P019,69,3999,False,0,Online
11096,2025-11-28,P019,73,3999,False,0,Online
11097,2025-11-29,P019,65,3999,True,15,Online
11098,2025-11-30,P019,65,3999,False,0,Online
11099,2025-12-01,P019,79,3999,False,0,Retail
11100,2025-12-02,P019,68,3999,False,0,Online
11101,2025-12-03,P019,76,3999,False,0,B2B
11102,2025-12-04,P019,62,3999,False,0,B2B
11103,2025-12-05,P019,59,3999,False,0,Online
11104,2025-12-06,P019,65,3999,False,0,Online
11105,2025-12-07,P019,64,3999,False,0,Online
11106,2025-12-08,P019,53,3999,False,0,Online
11107,2025-12-09,P019,79,3999,False,0,Online
11108,2025-12-10,P019,62,3999,False,0,B2B
11109,2025-12-11,P019,70,3999,False,0,Retail
11110,2025-12-12,P019,56,3999,False,0,Online
11111,2025-12-13,P019,56,3999,False,0,Online
11112,2025-12-14,P019,67,3999,False,0,Online
11113,2025-12-15,P019,69,3999,False,0,Online
11114,2025-12-16,P019,68,3999,False,0,Online
11115,2025-12-17,P019,66,3999,False,0,B2B
11116,2025-12-18,P019,73,3999,False,0,Retail
11117,2025-12-19,P019,72,3999,False,0,Online
11118,2025-12-20,P019,65,3999,False,0,Online
11119,2025-12-21,P019,70,3999,False,0,Retail
11120,2025-12-22,P019,77,3999,False,0,Online
11121,2025-12-23,P019,74,3999,False,0,Online
11122,2025-12-24,P019,72,3999,False,0,Online
11123,2025-12-25,P019,78,3999,False,0,B2B
11124,2025-12-26,P019,101,3999,True,20,Retail
11125,2025-12-27,P019,69,3999,False,0,Online
11126,2025-12-28,P019,80,3999,True,10,Retail
11127,2025-12-29,P019,61,3999,False,0,Online
11128,2025-12-30,P019,59,3999,False,0,Online
11129,2025-12-31,P019,68,3999,False,0,Online
11130,2026-01-01,P019,67,3999,False,0,Retail
11131,2026-01-02,P019,48,3999,False,0,Online
11132,2026-01-03,P019,56,3999,False,0,Online
11133,2026-01-04,P019,65,3999,True,10,Retail
11134,2026-01-05,P019,67,3999,False,0,Retail
11135,2026-01-06,P019,74,3999,True,15,Retail
11136,2026-01-07,P019,55,3999,False,0,Online
11137,2026-01-08,P019,52,3999,False,0,B2B
11138,2026-01-09,P019,53,3999,False,0,Retail
11139,2026-01-10,P019,49,3999,False,0,B2B
11140,2026-01-11,P019,51,3999,False,0,Online
11141,2026-01-12,P019,57,3999,False,0,B2B
11142,2026-01-13,P019,69,3999,False,0,Retail
11143,2026-01-14,P019,53,3999,False,0,Retail
11144,2026-01-15,P019,71,3999,False,0,B2B
11145,2026-01-16,P019,72,3999,False,0,Online
11146,2026-01-17,P019,62,3999,False,0,Online
11147,2026-01-18,P019,46,3999,False,0,Online
11148,2026-01-19,P019,66,3999,False,0,Retail
11149,2026-01-20,P019,49,3999,False,0,Online
11150,2026-01-21,P019,73,3999,True,5,Online
11151,2026-01-22,P019,63,3999,False,0,Online
11152,2026-01-23,P019,61,3999,False,0,Retail
11153,2026-01-24,P019,49,3999,False,0,Retail
11154,2026-01-25,P019,37,3999,False,0,Online
11155,2026-01-26,P019,57,3999,False,0,Retail
11156,2026-01-27,P019,82,3999,True,15,Retail
11157,2026-01-28,P019,62,3999,False,0,Online
11158,2026-01-29,P019,62,3999,False,0,Retail
11159,2026-01-30,P019,70,3999,False,0,Online
11160,2026-01-31,P019,68,3999,False,0,B2B
11161,2026-02-01,P019,64,3999,False,0,Retail
11162,2026-02-02,P019,57,3999,False,0,B2B
11163,2026-02-03,P019,50,3999,False,0,B2B
11164,2026-02-04,P019,85,3999,False,0,Retail
11165,2026-02-05,P019,80,3999,False,0,Retail
11166,2026-02-06,P019,60,3999,False,0,Retail
11167,2026-02-07,P019,45,3999,False,0,Retail
11168,2026-02-08,P019,62,3999,False,0,Online
11169,2026-02-09,P019,63,3999,False,0,Retail
11170,2026-02-10,P019,65,3999,False,0,Online
11171,2026-02-11,P019,67,3999,False,0,Online
11172,2026-02-12,P019,60,3999,False,0,Retail
11173,2026-02-13,P019,53,3999,False,0,Online
11174,2026-02-14,P019,49,3999,False,0,Retail
11175,2026-02-15,P019,57,3999,False,0,Online
11176,2026-02-16,P019,62,3999,False,0,Retail
11177,2026-02-17,P019,65,3999,False,0,B2B
11178,2026-02-18,P019,71,3999,False,0,Retail
11179,2026-02-19,P019,59,3999,False,0,Online
11180,2026-02-20,P019,66,3999,False,0,Retail
11181,2026-02-21,P019,34,3999,False,0,Retail
11182,2026-02-22,P019,53,3999,False,0,Online
11183,2026-02-23,P019,65,3999,False,0,B2B
11184,2026-02-24,P019,63,3999,False,0,Online
11185,2026-02-25,P019,57,3999,False,0,Retail
11186,2026-02-26,P019,58,3999,False,0,Online
11187,2026-02-27,P019,73,3999,False,0,Online
11188,2026-02-28,P019,61,3999,False,0,Online
11189,2026-03-01,P019,59,3999,False,0,Retail
11190,2026-03-02,P019,54,3999,False,0,Online
11191,2026-03-03,P019,62,3999,False,0,Online
11192,2026-03-04,P019,61,3999,False,0,B2B
11193,2026-03-05,P019,64,3999,False,0,Online
11194,2026-03-06,P019,57,3999,False,0,B2B
11195,2026-03-07,P019,57,3999,False,0,Online
11196,2026-03-08,P019,65,3999,False,0,Online
11197,2026-03-09,P019,47,3999,False,0,Retail
11198,2026-03-10,P019,80,3999,False,0,B2B
11199,2026-03-11,P019,73,3999,False,0,Online
11200,2026-03-12,P019,63,3999,False,0,B2B
11201,2026-03-13,P019,67,3999,False,0,Retail
11202,2026-03-14,P019,46,3999,False,0,Online
11203,2026-03-15,P019,51,3999,False,0,Online
11204,2026-03-16,P019,61,3999,False,0,B2B
11205,2026-03-17,P019,81,3999,False,0,Online
11206,2026-03-18,P019,64,3999,False,0,Online
11207,2026-03-19,P019,64,3999,False,0,Online
11208,2026-03-20,P019,56,3999,False,0,Online
11209,2026-03-21,P019,56,3999,False,0,Online
11210,2026-03-22,P019,72,3999,False,0,Online
11211,2026-03-23,P019,69,3999,False,0,Retail
11212,2026-03-24,P019,69,3999,False,0,Online
11213,2026-03-25,P019,68,3999,False,0,Retail
11214,2026-03-26,P019,72,3999,False,0,Online
11215,2026-03-27,P019,71,3999,False,0,Retail
11216,2026-03-28,P019,63,3999,False,0,Online
11217,2026-03-29,P019,63,3999,False,0,Retail
11218,2026-03-30,P019,64,3999,False,0,Online
11219,2026-03-31,P019,99,3999,True,20,Retail
11220,2026-04-01,P019,68,3999,False,0,Online
11221,2026-04-02,P019,56,3999,False,0,Retail
11222,2026-04-03,P019,62,3999,False,0,Online
11223,2026-04-04,P019,59,3999,False,0,Online
11224,2026-04-05,P019,45,3999,False,0,Retail
11225,2026-04-06,P019,73,3999,False,0,Online
11226,2026-04-07,P019,43,3999,False,0,Retail
11227,2026-04-08,P019,93,3999,False,0,Online
11228,2026-04-09,P019,79,3999,False,0,Retail
11229,2026-04-10,P019,61,3999,False,0,B2B
11230,2026-04-11,P019,56,3999,False,0,Online
11231,2026-04-12,P019,60,3999,False,0,B2B
11232,2026-04-13,P019,64,3999,False,0,Online
11233,2026-04-14,P019,65,3999,False,0,Retail
11234,2026-04-15,P019,68,3999,False,0,Retail
11235,2026-04-16,P019,63,3999,False,0,Online
11236,2026-04-17,P019,64,3999,False,0,Online
11237,2026-04-18,P019,48,3999,False,0,Online
11238,2026-04-19,P019,66,3999,True,5,Online
11239,2026-04-20,P019,64,3999,False,0,Retail
11240,2026-04-21,P019,68,3999,False,0,Online
11241,2026-04-22,P019,63,3999,False,0,B2B
11242,2026-04-23,P019,71,3999,False,0,Retail
11243,2026-04-24,P019,64,3999,False,0,Online
11244,2026-04-25,P019,57,3999,False,0,Online
11245,2026-04-26,P019,73,3999,False,0,Retail
11246,2026-04-27,P019,66,3999,False,0,Retail
11247,2026-04-28,P019,69,3999,False,0,Retail
11248,2026-04-29,P019,70,3999,False,0,Online
11249,2026-04-30,P019,77,3999,False,0,Retail
11250,2026-05-01,P019,59,3999,False,0,Online
11251,2026-05-02,P019,66,3999,False,0,B2B
11252,2026-05-03,P019,53,3999,False,0,Online
11253,2026-05-04,P019,58,3999,False,0,Online
11254,2026-05-05,P019,70,3999,False,0,B2B
11255,2026-05-06,P019,63,3999,False,0,Online
11256,2026-05-07,P019,64,3999,False,0,Retail
11257,2026-05-08,P019,45,3999,False,0,Retail
11258,2026-05-09,P019,58,3999,False,0,Online
11259,2026-05-10,P019,51,3999,False,0,Retail
11260,2026-05-11,P019,57,3999,False,0,Online
11261,2026-05-12,P019,59,3999,False,0,B2B
11262,2026-05-13,P019,55,3999,False,0,Online
11263,2026-05-14,P019,63,3999,False,0,Online
11264,2026-05-15,P019,62,3999,True,10,Online
11265,2026-05-16,P019,63,3999,False,0,Online
11266,2026-05-17,P019,61,3999,False,0,Online
11267,2026-05-18,P019,71,3999,False,0,Retail
11268,2026-05-19,P019,64,3999,False,0,Online
11269,2026-05-20,P019,66,3999,False,0,Online
11270,2026-05-21,P019,71,3999,False,0,B2B
11271,2026-05-22,P019,84,3999,False,0,Online
11272,2026-05-23,P019,58,3999,True,10,Online
11273,2026-05-24,P019,47,3999,False,0,Online
11274,2026-05-25,P019,67,3999,False,0,B2B
11275,2026-05-26,P019,63,3999,False,0,Retail
11276,2026-05-27,P019,69,3999,False,0,B2B
11277,2026-05-28,P019,77,3999,False,0,B2B
11278,2026-05-29,P019,63,3999,False,0,Retail
11279,2026-05-30,P019,59,3999,False,0,Online
11280,2026-05-31,P019,48,3999,False,0,Online
11281,2026-06-01,P019,94,3999,True,10,Online
11282,2026-06-02,P019,65,3999,False,0,Online
11283,2026-06-03,P019,57,3999,False,0,Retail
11284,2026-06-04,P019,57,3999,False,0,Online
11285,2026-06-05,P019,55,3999,False,0,Online
11286,2026-06-06,P019,51,3999,False,0,Online
11287,2026-06-07,P019,51,3999,False,0,Online
11288,2026-06-08,P019,51,3999,False,0,B2B
11289,2026-06-09,P019,60,3999,False,0,Online
11290,2026-06-10,P019,72,3999,False,0,Online
11291,2026-06-11,P019,71,3999,False,0,Online
11292,2026-06-12,P019,69,3999,False,0,Online
11293,2026-06-13,P019,68,3999,False,0,B2B
11294,2026-06-14,P019,68,3999,False,0,Retail
11295,2026-06-15,P019,47,3999,False,0,Online
11296,2026-06-16,P019,52,3999,False,0,B2B
11297,2026-06-17,P019,56,3999,False,0,Retail
11298,2026-06-18,P019,74,3999,True,20,B2B
11299,2026-06-19,P019,60,3999,False,0,Online
11300,2026-06-20,P019,66,3999,True,20,Retail
11301,2026-06-21,P019,55,3999,False,0,Online
11302,2026-06-22,P019,91,3999,True,20,Online
11303,2026-06-23,P019,62,3999,False,0,Retail
11304,2026-06-24,P019,44,3999,False,0,Retail
11305,2026-06-25,P019,61,3999,False,0,Online
11306,2026-06-26,P019,68,3999,True,15,Retail
11307,2026-06-27,P019,56,3999,False,0,Online
11308,2026-06-28,P019,49,3999,False,0,Online
11309,2026-06-29,P019,63,3999,False,0,Online
11310,2026-06-30,P019,60,3999,False,0,Online
11311,2026-07-01,P019,64,3999,False,0,Retail
11312,2026-07-02,P019,59,3999,False,0,Online
11313,2026-07-03,P019,55,3999,False,0,B2B
11314,2026-07-04,P019,50,3999,False,0,Retail
11315,2026-07-05,P019,59,3999,False,0,Retail
11316,2026-07-06,P019,57,3999,False,0,Retail
11317,2026-07-07,P019,77,3999,False,0,B2B
11318,2026-07-08,P019,73,3999,False,0,Online
11319,2026-07-09,P019,58,3999,False,0,Online
11320,2026-07-10,P019,62,3999,False,0,Retail
11321,2026-07-11,P019,64,3999,False,0,Retail
11322,2026-07-12,P019,66,3999,False,0,B2B
11323,2026-07-13,P019,69,3999,False,0,Retail
11324,2026-07-14,P019,77,3999,False,0,Online
11325,2026-07-15,P019,67,3999,False,0,Retail
11326,2026-07-16,P019,75,3999,False,0,B2B
11327,2026-07-17,P019,67,3999,False,0,Retail
11328,2026-07-18,P019,65,3999,False,0,Online
11329,2026-07-19,P019,48,3999,False,0,Online
11330,2026-07-20,P019,78,3999,True,15,Online
11331,2026-07-21,P019,71,3999,False,0,Online
11332,2026-07-22,P019,68,3999,False,0,Retail
11333,2026-07-23,P019,64,3999,False,0,Online
11334,2026-07-24,P019,74,3999,False,0,Retail
11335,2026-07-25,P019,50,3999,False,0,Online
11336,2026-07-26,P019,55,3999,False,0,B2B
11337,2026-07-27,P019,70,3999,False,0,Retail
11338,2026-07-28,P019,54,3999,False,0,Retail
11339,2026-07-29,P019,91,3999,False,0,Online
11340,2026-07-30,P019,75,3999,False,0,Retail
11341,2026-07-31,P019,59,3999,False,0,Online
11342,2026-08-01,P019,75,3999,True,5,Retail
11343,2026-08-02,P019,70,3999,False,0,Online
11344,2026-08-03,P019,79,3999,False,0,Online
11345,2026-08-04,P019,76,3999,False,0,Online
11346,2026-08-05,P019,79,3999,False,0,Online
11347,2026-08-06,P019,81,3999,False,0,Online
11348,2026-08-07,P019,90,3999,False,0,B2B
11349,2026-08-08,P019,84,3999,False,0,Retail
11350,2026-08-09,P019,71,3999,False,0,Retail
11351,2026-08-10,P019,62,3999,False,0,B2B
11352,2026-08-11,P019,88,3999,False,0,B2B
11353,2026-08-12,P019,96,3999,False,0,Retail
11354,2026-08-13,P019,83,3999,False,0,Online
11355,2026-08-14,P019,85,3999,False,0,Retail
11356,2026-08-15,P019,73,3999,False,0,Retail
11357,2026-08-16,P019,75,3999,False,0,Online
11358,2026-08-17,P019,77,3999,False,0,Online
11359,2026-08-18,P019,75,3999,False,0,B2B
11360,2026-08-19,P019,80,3999,False,0,Online
11361,2026-08-20,P019,81,3999,False,0,Retail
11362,2026-08-21,P019,77,3999,False,0,Retail
11363,2025-01-01,P020,26,7999,False,0,Retail
11364,2025-01-02,P020,30,7999,False,0,Retail
11365,2025-01-03,P020,29,7999,False,0,Retail
11366,2025-01-04,P020,28,7999,False,0,Online
11367,2025-01-05,P020,25,7999,False,0,B2B
11368,2025-01-06,P020,36,7999,False,0,Retail
11369,2025-01-07,P020,25,7999,False,0,Online
11370,2025-01-08,P020,34,7999,False,0,Online
11371,2025-01-09,P020,27,7999,False,0,Online
11372,2025-01-10,P020,23,7999,False,0,Retail
11373,2025-01-11,P020,29,7999,True,5,Online
11374,2025-01-12,P020,25,7999,False,0,Online
11375,2025-01-13,P020,26,7999,False,0,Online
11376,2025-01-14,P020,24,7999,False,0,Online
11377,2025-01-15,P020,30,7999,False,0,Online
11378,2025-01-16,P020,33,7999,False,0,Online
11379,2025-01-17,P020,32,7999,False,0,Retail
11380,2025-01-18,P020,26,7999,False,0,B2B
11381,2025-01-19,P020,27,7999,False,0,B2B
11382,2025-01-20,P020,29,7999,False,0,B2B
11383,2025-01-21,P020,24,7999,False,0,Online
11384,2025-01-22,P020,25,7999,False,0,Online
11385,2025-01-23,P020,29,7999,False,0,Retail
11386,2025-01-24,P020,29,7999,False,0,Online
11387,2025-01-25,P020,29,7999,False,0,Retail
11388,2025-01-26,P020,28,7999,False,0,Retail
11389,2025-01-27,P020,32,7999,False,0,Online
11390,2025-01-28,P020,29,7999,False,0,Online
11391,2025-01-29,P020,25,7999,False,0,B2B
11392,2025-01-30,P020,31,7999,False,0,Online
11393,2025-01-31,P020,31,7999,False,0,Online
11394,2025-02-01,P020,19,7999,False,0,Online
11395,2025-02-02,P020,23,7999,False,0,B2B
11396,2025-02-03,P020,27,7999,False,0,Online
11397,2025-02-04,P020,30,7999,False,0,Online
11398,2025-02-05,P020,27,7999,False,0,Online
11399,2025-02-06,P020,30,7999,False,0,B2B
11400,2025-02-07,P020,29,7999,False,0,Retail
11401,2025-02-08,P020,26,7999,False,0,Online
11402,2025-02-09,P020,24,7999,False,0,Retail
11403,2025-02-10,P020,32,7999,True,10,Retail
11404,2025-02-11,P020,28,7999,True,5,Retail
11405,2025-02-12,P020,38,7999,True,15,Online
11406,2025-02-13,P020,32,7999,False,0,Retail
11407,2025-02-14,P020,27,7999,False,0,Retail
11408,2025-02-15,P020,38,7999,True,15,B2B
11409,2025-02-16,P020,25,7999,False,0,Online
11410,2025-02-17,P020,35,7999,False,0,Online
11411,2025-02-18,P020,27,7999,False,0,Retail
11412,2025-02-19,P020,23,7999,False,0,Online
11413,2025-02-20,P020,31,7999,False,0,Online
11414,2025-02-21,P020,31,7999,False,0,Online
11415,2025-02-22,P020,26,7999,False,0,Online
11416,2025-02-23,P020,24,7999,False,0,Online
11417,2025-02-24,P020,49,7999,False,0,Online
11418,2025-02-25,P020,28,7999,False,0,Retail
11419,2025-02-26,P020,29,7999,False,0,Online
11420,2025-02-27,P020,33,7999,False,0,Online
11421,2025-02-28,P020,31,7999,False,0,Online
11422,2025-03-01,P020,29,7999,False,0,B2B
11423,2025-03-02,P020,27,7999,False,0,Online
11424,2025-03-03,P020,30,7999,False,0,Retail
11425,2025-03-04,P020,27,7999,False,0,Retail
11426,2025-03-05,P020,30,7999,False,0,Online
11427,2025-03-06,P020,19,7999,False,0,Retail
11428,2025-03-07,P020,29,7999,False,0,Online
11429,2025-03-08,P020,27,7999,False,0,Retail
11430,2025-03-09,P020,30,7999,False,0,Retail
11431,2025-03-10,P020,31,7999,False,0,Retail
11432,2025-03-11,P020,33,7999,False,0,Retail
11433,2025-03-12,P020,23,7999,False,0,Online
11434,2025-03-13,P020,31,7999,False,0,B2B
11435,2025-03-14,P020,27,7999,True,5,Retail
11436,2025-03-15,P020,24,7999,False,0,Online
11437,2025-03-16,P020,27,7999,False,0,Retail
11438,2025-03-17,P020,45,7999,True,15,Retail
11439,2025-03-18,P020,33,7999,False,0,Online
11440,2025-03-19,P020,31,7999,False,0,Online
11441,2025-03-20,P020,31,7999,False,0,Online
11442,2025-03-21,P020,29,7999,False,0,Retail
11443,2025-03-22,P020,26,7999,False,0,Online
11444,2025-03-23,P020,29,7999,False,0,Retail
11445,2025-03-24,P020,26,7999,False,0,Retail
11446,2025-03-25,P020,33,7999,False,0,Online
11447,2025-03-26,P020,30,7999,False,0,Retail
11448,2025-03-27,P020,34,7999,False,0,Retail
11449,2025-03-28,P020,35,7999,False,0,Online
11450,2025-03-29,P020,22,7999,False,0,Online
11451,2025-03-30,P020,26,7999,False,0,B2B
11452,2025-03-31,P020,28,7999,False,0,Online
11453,2025-04-01,P020,25,7999,False,0,Retail
11454,2025-04-02,P020,28,7999,False,0,B2B
11455,2025-04-03,P020,41,7999,False,0,Retail
11456,2025-04-04,P020,34,7999,False,0,Online
11457,2025-04-05,P020,34,7999,False,0,Retail
11458,2025-04-06,P020,31,7999,False,0,Online
11459,2025-04-07,P020,29,7999,False,0,Retail
11460,2025-04-08,P020,30,7999,False,0,Online
11461,2025-04-09,P020,34,7999,False,0,Online
11462,2025-04-10,P020,34,7999,False,0,Retail
11463,2025-04-11,P020,30,7999,False,0,Retail
11464,2025-04-12,P020,23,7999,False,0,Retail
11465,2025-04-13,P020,40,7999,False,0,Retail
11466,2025-04-14,P020,31,7999,False,0,Online
11467,2025-04-15,P020,30,7999,False,0,Retail
11468,2025-04-16,P020,32,7999,False,0,Retail
11469,2025-04-17,P020,31,7999,False,0,Retail
11470,2025-04-18,P020,32,7999,False,0,Retail
11471,2025-04-19,P020,33,7999,False,0,Online
11472,2025-04-20,P020,27,7999,False,0,Retail
11473,2025-04-21,P020,28,7999,False,0,Online
11474,2025-04-22,P020,31,7999,False,0,Online
11475,2025-04-23,P020,30,7999,False,0,Online
11476,2025-04-24,P020,37,7999,False,0,Online
11477,2025-04-25,P020,36,7999,False,0,Online
11478,2025-04-26,P020,28,7999,False,0,Retail
11479,2025-04-27,P020,24,7999,False,0,Online
11480,2025-04-28,P020,27,7999,False,0,Online
11481,2025-04-29,P020,32,7999,False,0,Online
11482,2025-04-30,P020,33,7999,False,0,Online
11483,2025-05-01,P020,29,7999,False,0,Online
11484,2025-05-02,P020,37,7999,True,20,Online
11485,2025-05-03,P020,25,7999,False,0,Online
11486,2025-05-04,P020,26,7999,False,0,Online
11487,2025-05-05,P020,22,7999,False,0,B2B
11488,2025-05-06,P020,26,7999,False,0,B2B
11489,2025-05-07,P020,28,7999,False,0,Online
11490,2025-05-08,P020,35,7999,False,0,Retail
11491,2025-05-09,P020,27,7999,False,0,Online
11492,2025-05-10,P020,27,7999,False,0,Retail
11493,2025-05-11,P020,27,7999,False,0,Retail
11494,2025-05-12,P020,35,7999,False,0,Retail
11495,2025-05-13,P020,38,7999,True,5,Retail
11496,2025-05-14,P020,40,7999,True,20,Retail
11497,2025-05-15,P020,29,7999,False,0,Retail
11498,2025-05-16,P020,28,7999,False,0,Retail
11499,2025-05-17,P020,26,7999,False,0,Retail
11500,2025-05-18,P020,25,7999,False,0,Retail
11501,2025-05-19,P020,32,7999,False,0,Retail
11502,2025-05-20,P020,31,7999,False,0,Retail
11503,2025-05-21,P020,42,7999,True,20,Retail
11504,2025-05-22,P020,35,7999,False,0,Online
11505,2025-05-23,P020,38,7999,False,0,Retail
11506,2025-05-24,P020,27,7999,False,0,Retail
11507,2025-05-25,P020,31,7999,False,0,Online
11508,2025-05-26,P020,32,7999,True,5,Retail
11509,2025-05-27,P020,35,7999,False,0,Online
11510,2025-05-28,P020,34,7999,False,0,Retail
11511,2025-05-29,P020,34,7999,False,0,Online
11512,2025-05-30,P020,30,7999,False,0,Online
11513,2025-05-31,P020,25,7999,False,0,Retail
11514,2025-06-01,P020,22,7999,False,0,Online
11515,2025-06-02,P020,30,7999,False,0,Online
11516,2025-06-03,P020,36,7999,False,0,Online
11517,2025-06-04,P020,30,7999,False,0,Online
11518,2025-06-05,P020,33,7999,False,0,Online
11519,2025-06-06,P020,34,7999,False,0,Retail
11520,2025-06-07,P020,26,7999,False,0,Retail
11521,2025-06-08,P020,31,7999,False,0,Retail
11522,2025-06-09,P020,19,7999,False,0,Online
11523,2025-06-10,P020,26,7999,False,0,Retail
11524,2025-06-11,P020,28,7999,False,0,B2B
11525,2025-06-12,P020,28,7999,False,0,Retail
11526,2025-06-13,P020,31,7999,False,0,Online
11527,2025-06-14,P020,28,7999,False,0,Retail
11528,2025-06-15,P020,28,7999,False,0,B2B
11529,2025-06-16,P020,33,7999,False,0,Online
11530,2025-06-17,P020,27,7999,False,0,Online
11531,2025-06-18,P020,26,7999,False,0,Retail
11532,2025-06-19,P020,33,7999,False,0,B2B
11533,2025-06-20,P020,28,7999,False,0,Retail
11534,2025-06-21,P020,21,7999,False,0,Retail
11535,2025-06-22,P020,30,7999,False,0,Retail
11536,2025-06-23,P020,37,7999,False,0,Retail
11537,2025-06-24,P020,37,7999,False,0,Online
11538,2025-06-25,P020,33,7999,False,0,Online
11539,2025-06-26,P020,33,7999,False,0,B2B
11540,2025-06-27,P020,36,7999,False,0,B2B
11541,2025-06-28,P020,25,7999,False,0,B2B
11542,2025-06-29,P020,37,7999,True,15,Retail
11543,2025-06-30,P020,31,7999,False,0,Retail
11544,2025-07-01,P020,33,7999,False,0,Retail
11545,2025-07-02,P020,31,7999,False,0,Online
11546,2025-07-03,P020,34,7999,False,0,Online
11547,2025-07-04,P020,31,7999,False,0,Online
11548,2025-07-05,P020,22,7999,False,0,Retail
11549,2025-07-06,P020,32,7999,False,0,Online
11550,2025-07-07,P020,27,7999,False,0,Retail
11551,2025-07-08,P020,35,7999,False,0,Online
11552,2025-07-09,P020,39,7999,True,15,Retail
11553,2025-07-10,P020,36,7999,False,0,B2B
11554,2025-07-11,P020,34,7999,False,0,Retail
11555,2025-07-12,P020,28,7999,False,0,B2B
11556,2025-07-13,P020,29,7999,False,0,Retail
11557,2025-07-14,P020,33,7999,False,0,B2B
11558,2025-07-15,P020,24,7999,False,0,Retail
11559,2025-07-16,P020,35,7999,True,10,B2B
11560,2025-07-17,P020,26,7999,False,0,B2B
11561,2025-07-18,P020,33,7999,False,0,Retail
11562,2025-07-19,P020,23,7999,False,0,Retail
11563,2025-07-20,P020,24,7999,False,0,Retail
11564,2025-07-21,P020,36,7999,False,0,Online
11565,2025-07-22,P020,36,7999,False,0,Retail
11566,2025-07-23,P020,32,7999,False,0,B2B
11567,2025-07-24,P020,32,7999,False,0,Online
11568,2025-07-25,P020,30,7999,False,0,Online
11569,2025-07-26,P020,38,7999,True,20,Online
11570,2025-07-27,P020,24,7999,False,0,Online
11571,2025-07-28,P020,35,7999,False,0,Online
11572,2025-07-29,P020,29,7999,False,0,Online
11573,2025-07-30,P020,30,7999,False,0,B2B
11574,2025-07-31,P020,31,7999,False,0,Retail
11575,2025-08-01,P020,36,7999,False,0,Online
11576,2025-08-02,P020,44,7999,True,15,Online
11577,2025-08-03,P020,30,7999,False,0,Online
11578,2025-08-04,P020,41,7999,False,0,Retail
11579,2025-08-05,P020,42,7999,False,0,Online
11580,2025-08-06,P020,33,7999,False,0,Online
11581,2025-08-07,P020,36,7999,False,0,Online
11582,2025-08-08,P020,41,7999,False,0,Retail
11583,2025-08-09,P020,32,7999,False,0,B2B
11584,2025-08-10,P020,35,7999,False,0,Retail
11585,2025-08-11,P020,41,7999,False,0,Online
11586,2025-08-12,P020,41,7999,False,0,Retail
11587,2025-08-13,P020,34,7999,False,0,B2B
11588,2025-08-14,P020,34,7999,False,0,Online
11589,2025-08-15,P020,36,7999,False,0,Online
11590,2025-08-16,P020,28,7999,False,0,Retail
11591,2025-08-17,P020,36,7999,False,0,Retail
11592,2025-08-18,P020,33,7999,False,0,Online
11593,2025-08-19,P020,46,7999,False,0,Online
11594,2025-08-20,P020,45,7999,False,0,Retail
11595,2025-08-21,P020,37,7999,False,0,Online
11596,2025-08-22,P020,41,7999,False,0,Online
11597,2025-08-23,P020,27,7999,False,0,Retail
11598,2025-08-24,P020,43,7999,False,0,B2B
11599,2025-08-25,P020,36,7999,False,0,Online
11600,2025-08-26,P020,38,7999,False,0,Online
11601,2025-08-27,P020,28,7999,False,0,Online
11602,2025-08-28,P020,38,7999,False,0,Online
11603,2025-08-29,P020,34,7999,False,0,Retail
11604,2025-08-30,P020,32,7999,False,0,Retail
11605,2025-08-31,P020,30,7999,False,0,Online
11606,2025-09-01,P020,34,7999,False,0,Retail
11607,2025-09-02,P020,34,7999,False,0,Retail
11608,2025-09-03,P020,40,7999,False,0,Online
11609,2025-09-04,P020,31,7999,False,0,Online
11610,2025-09-05,P020,35,7999,False,0,B2B
11611,2025-09-06,P020,35,7999,False,0,Online
11612,2025-09-07,P020,43,7999,False,0,Online
11613,2025-09-08,P020,39,7999,False,0,Retail
11614,2025-09-09,P020,35,7999,False,0,Retail
11615,2025-09-10,P020,35,7999,False,0,Online
11616,2025-09-11,P020,38,7999,False,0,Online
11617,2025-09-12,P020,39,7999,True,5,Online
11618,2025-09-13,P020,36,7999,False,0,Retail
11619,2025-09-14,P020,32,7999,False,0,Online
11620,2025-09-15,P020,43,7999,False,0,Online
11621,2025-09-16,P020,37,7999,False,0,Online
11622,2025-09-17,P020,45,7999,False,0,Online
11623,2025-09-18,P020,39,7999,False,0,Online
11624,2025-09-19,P020,36,7999,True,5,Online
11625,2025-09-20,P020,43,7999,False,0,Online
11626,2025-09-21,P020,25,7999,False,0,Retail
11627,2025-09-22,P020,36,7999,False,0,Retail
11628,2025-09-23,P020,36,7999,False,0,Retail
11629,2025-09-24,P020,51,7999,False,0,Online
11630,2025-09-25,P020,46,7999,False,0,Retail
11631,2025-09-26,P020,46,7999,False,0,Online
11632,2025-09-27,P020,32,7999,False,0,B2B
11633,2025-09-28,P020,43,7999,False,0,Online
11634,2025-09-29,P020,38,7999,False,0,Online
11635,2025-09-30,P020,44,7999,False,0,Retail
11636,2025-10-01,P020,37,7999,False,0,Retail
11637,2025-10-02,P020,35,7999,False,0,Online
11638,2025-10-03,P020,35,7999,False,0,Online
11639,2025-10-04,P020,30,7999,False,0,Retail
11640,2025-10-05,P020,36,7999,False,0,Retail
11641,2025-10-06,P020,38,7999,False,0,Retail
11642,2025-10-07,P020,36,7999,False,0,Online
11643,2025-10-08,P020,43,7999,False,0,Retail
11644,2025-10-09,P020,24,7999,False,0,Online
11645,2025-10-10,P020,42,7999,True,5,Online
11646,2025-10-11,P020,35,7999,False,0,Online
11647,2025-10-12,P020,38,7999,False,0,Online
11648,2025-10-13,P020,35,7999,False,0,Online
11649,2025-10-14,P020,39,7999,False,0,Retail
11650,2025-10-15,P020,40,7999,False,0,Online
11651,2025-10-16,P020,41,7999,False,0,Online
11652,2025-10-17,P020,36,7999,False,0,Retail
11653,2025-10-18,P020,32,7999,False,0,Online
11654,2025-10-19,P020,40,7999,False,0,Online
11655,2025-10-20,P020,28,7999,False,0,Retail
11656,2025-10-21,P020,35,7999,False,0,Online
11657,2025-10-22,P020,43,7999,False,0,Online
11658,2025-10-23,P020,40,7999,False,0,Retail
11659,2025-10-24,P020,53,7999,True,20,Retail
11660,2025-10-25,P020,31,7999,False,0,Online
11661,2025-10-26,P020,30,7999,False,0,B2B
11662,2025-10-27,P020,32,7999,False,0,Online
11663,2025-10-28,P020,43,7999,False,0,Online
11664,2025-10-29,P020,33,7999,False,0,Online
11665,2025-10-30,P020,39,7999,False,0,Online
11666,2025-10-31,P020,34,7999,False,0,Retail
11667,2025-11-01,P020,36,7999,False,0,Online
11668,2025-11-02,P020,30,7999,False,0,Retail
11669,2025-11-03,P020,37,7999,False,0,B2B
11670,2025-11-04,P020,27,7999,False,0,Retail
11671,2025-11-05,P020,30,7999,False,0,Online
11672,2025-11-06,P020,38,7999,False,0,B2B
11673,2025-11-07,P020,31,7999,False,0,Retail
11674,2025-11-08,P020,42,7999,False,0,B2B
11675,2025-11-09,P020,32,7999,False,0,Online
11676,2025-11-10,P020,35,7999,False,0,Online
11677,2025-11-11,P020,39,7999,True,5,B2B
11678,2025-11-12,P020,37,7999,False,0,Online
11679,2025-11-13,P020,33,7999,False,0,B2B
11680,2025-11-14,P020,34,7999,False,0,Online
11681,2025-11-15,P020,28,7999,False,0,Online
11682,2025-11-16,P020,30,7999,False,0,B2B
11683,2025-11-17,P020,44,7999,False,0,Retail
11684,2025-11-18,P020,37,7999,False,0,Online
11685,2025-11-19,P020,42,7999,False,0,Online
11686,2025-11-20,P020,37,7999,False,0,B2B
11687,2025-11-21,P020,42,7999,False,0,Retail
11688,2025-11-22,P020,29,7999,False,0,Retail
11689,2025-11-23,P020,30,7999,False,0,Online
11690,2025-11-24,P020,41,7999,False,0,Retail
11691,2025-11-25,P020,34,7999,False,0,Online
11692,2025-11-26,P020,42,7999,False,0,Online
11693,2025-11-27,P020,54,7999,True,15,Online
11694,2025-11-28,P020,37,7999,False,0,Retail
11695,2025-11-29,P020,31,7999,False,0,B2B
11696,2025-11-30,P020,27,7999,False,0,Online
11697,2025-12-01,P020,32,7999,False,0,Online
11698,2025-12-02,P020,30,7999,False,0,Retail
11699,2025-12-03,P020,37,7999,False,0,Retail
11700,2025-12-04,P020,30,7999,False,0,Online
11701,2025-12-05,P020,40,7999,False,0,Online
11702,2025-12-06,P020,37,7999,False,0,B2B
11703,2025-12-07,P020,27,7999,False,0,Online
11704,2025-12-08,P020,45,7999,False,0,B2B
11705,2025-12-09,P020,40,7999,False,0,Online
11706,2025-12-10,P020,40,7999,False,0,Online
11707,2025-12-11,P020,35,7999,False,0,Online
11708,2025-12-12,P020,42,7999,False,0,Online
11709,2025-12-13,P020,36,7999,False,0,Online
11710,2025-12-14,P020,34,7999,False,0,Online
11711,2025-12-15,P020,45,7999,False,0,B2B
11712,2025-12-16,P020,45,7999,True,15,Online
11713,2025-12-17,P020,39,7999,False,0,Online
11714,2025-12-18,P020,38,7999,False,0,Retail
11715,2025-12-19,P020,41,7999,False,0,Online
11716,2025-12-20,P020,25,7999,False,0,Online
11717,2025-12-21,P020,32,7999,False,0,Retail
11718,2025-12-22,P020,33,7999,False,0,Retail
11719,2025-12-23,P020,34,7999,False,0,Retail
11720,2025-12-24,P020,59,7999,True,20,Retail
11721,2025-12-25,P020,36,7999,False,0,Online
11722,2025-12-26,P020,31,7999,False,0,Online
11723,2025-12-27,P020,33,7999,False,0,Retail
11724,2025-12-28,P020,29,7999,False,0,Online
11725,2025-12-29,P020,44,7999,False,0,B2B
11726,2025-12-30,P020,41,7999,True,10,Online
11727,2025-12-31,P020,42,7999,False,0,Retail
11728,2026-01-01,P020,35,7999,False,0,Online
11729,2026-01-02,P020,32,7999,False,0,Online
11730,2026-01-03,P020,30,7999,False,0,B2B
11731,2026-01-04,P020,25,7999,False,0,Retail
11732,2026-01-05,P020,41,7999,False,0,Retail
11733,2026-01-06,P020,38,7999,False,0,B2B
11734,2026-01-07,P020,33,7999,False,0,Retail
11735,2026-01-08,P020,33,7999,True,5,Online
11736,2026-01-09,P020,33,7999,False,0,B2B
11737,2026-01-10,P020,27,7999,False,0,B2B
11738,2026-01-11,P020,35,7999,False,0,Online
11739,2026-01-12,P020,29,7999,False,0,B2B
11740,2026-01-13,P020,35,7999,False,0,Retail
11741,2026-01-14,P020,34,7999,False,0,B2B
11742,2026-01-15,P020,31,7999,False,0,Retail
11743,2026-01-16,P020,31,7999,False,0,Online
11744,2026-01-17,P020,29,7999,False,0,Online
11745,2026-01-18,P020,31,7999,False,0,Online
11746,2026-01-19,P020,36,7999,False,0,B2B
11747,2026-01-20,P020,35,7999,False,0,Online
11748,2026-01-21,P020,20,7999,False,0,Retail
11749,2026-01-22,P020,31,7999,False,0,B2B
11750,2026-01-23,P020,27,7999,False,0,Online
11751,2026-01-24,P020,30,7999,False,0,Online
11752,2026-01-25,P020,35,7999,False,0,Retail
11753,2026-01-26,P020,27,7999,False,0,Online
11754,2026-01-27,P020,31,7999,False,0,Online
11755,2026-01-28,P020,30,7999,False,0,Online
11756,2026-01-29,P020,44,7999,True,10,Online
11757,2026-01-30,P020,42,7999,False,0,Online
11758,2026-01-31,P020,34,7999,False,0,Retail
11759,2026-02-01,P020,31,7999,False,0,Online
11760,2026-02-02,P020,34,7999,False,0,Retail
11761,2026-02-03,P020,31,7999,False,0,Retail
11762,2026-02-04,P020,38,7999,False,0,Retail
11763,2026-02-05,P020,26,7999,False,0,Retail
11764,2026-02-06,P020,31,7999,False,0,Retail
11765,2026-02-07,P020,29,7999,False,0,Online
11766,2026-02-08,P020,30,7999,False,0,Online
11767,2026-02-09,P020,32,7999,False,0,Online
11768,2026-02-10,P020,28,7999,False,0,Retail
11769,2026-02-11,P020,32,7999,False,0,Online
11770,2026-02-12,P020,27,7999,False,0,Retail
11771,2026-02-13,P020,24,7999,False,0,B2B
11772,2026-02-14,P020,29,7999,False,0,Online
11773,2026-02-15,P020,30,7999,False,0,Online
11774,2026-02-16,P020,34,7999,False,0,Online
11775,2026-02-17,P020,40,7999,False,0,B2B
11776,2026-02-18,P020,29,7999,False,0,Online
11777,2026-02-19,P020,29,7999,False,0,Retail
11778,2026-02-20,P020,32,7999,False,0,Retail
11779,2026-02-21,P020,27,7999,False,0,Online
11780,2026-02-22,P020,26,7999,False,0,B2B
11781,2026-02-23,P020,31,7999,False,0,Online
11782,2026-02-24,P020,31,7999,False,0,Online
11783,2026-02-25,P020,26,7999,False,0,B2B
11784,2026-02-26,P020,33,7999,False,0,Online
11785,2026-02-27,P020,29,7999,False,0,Retail
11786,2026-02-28,P020,28,7999,False,0,Retail
11787,2026-03-01,P020,30,7999,False,0,Online
11788,2026-03-02,P020,36,7999,False,0,Online
11789,2026-03-03,P020,44,7999,False,0,Retail
11790,2026-03-04,P020,36,7999,False,0,Online
11791,2026-03-05,P020,27,7999,False,0,Retail
11792,2026-03-06,P020,50,7999,True,15,Online
11793,2026-03-07,P020,37,7999,True,5,Online
11794,2026-03-08,P020,28,7999,False,0,Retail
11795,2026-03-09,P020,41,7999,False,0,Online
11796,2026-03-10,P020,40,7999,True,20,Online
11797,2026-03-11,P020,28,7999,False,0,Online
11798,2026-03-12,P020,30,7999,False,0,Retail
11799,2026-03-13,P020,40,7999,False,0,B2B
11800,2026-03-14,P020,26,7999,True,5,Online
11801,2026-03-15,P020,29,7999,False,0,Retail
11802,2026-03-16,P020,35,7999,False,0,Online
11803,2026-03-17,P020,34,7999,False,0,B2B
11804,2026-03-18,P020,33,7999,False,0,Retail
11805,2026-03-19,P020,32,7999,False,0,Retail
11806,2026-03-20,P020,32,7999,False,0,Online
11807,2026-03-21,P020,31,7999,True,20,Online
11808,2026-03-22,P020,29,7999,False,0,Retail
11809,2026-03-23,P020,36,7999,False,0,Retail
11810,2026-03-24,P020,39,7999,False,0,Online
11811,2026-03-25,P020,31,7999,False,0,B2B
11812,2026-03-26,P020,28,7999,False,0,Retail
11813,2026-03-27,P020,38,7999,True,10,Retail
11814,2026-03-28,P020,37,7999,False,0,Online
11815,2026-03-29,P020,35,7999,False,0,Retail
11816,2026-03-30,P020,38,7999,False,0,B2B
11817,2026-03-31,P020,39,7999,False,0,Retail
11818,2026-04-01,P020,35,7999,False,0,Online
11819,2026-04-02,P020,35,7999,False,0,Online
11820,2026-04-03,P020,37,7999,False,0,B2B
11821,2026-04-04,P020,29,7999,False,0,Online
11822,2026-04-05,P020,25,7999,False,0,Online
11823,2026-04-06,P020,40,7999,True,10,Online
11824,2026-04-07,P020,38,7999,False,0,Online
11825,2026-04-08,P020,29,7999,False,0,Retail
11826,2026-04-09,P020,36,7999,False,0,Online
11827,2026-04-10,P020,44,7999,False,0,Online
11828,2026-04-11,P020,32,7999,False,0,Retail
11829,2026-04-12,P020,26,7999,False,0,Online
11830,2026-04-13,P020,36,7999,False,0,Online
11831,2026-04-14,P020,30,7999,False,0,Retail
11832,2026-04-15,P020,35,7999,False,0,Online
11833,2026-04-16,P020,36,7999,False,0,Online
11834,2026-04-17,P020,40,7999,True,20,Retail
11835,2026-04-18,P020,26,7999,False,0,Online
11836,2026-04-19,P020,32,7999,False,0,Online
11837,2026-04-20,P020,34,7999,False,0,Retail
11838,2026-04-21,P020,33,7999,False,0,Online
11839,2026-04-22,P020,45,7999,False,0,Online
11840,2026-04-23,P020,34,7999,False,0,Online
11841,2026-04-24,P020,37,7999,False,0,Online
11842,2026-04-25,P020,26,7999,False,0,Online
11843,2026-04-26,P020,35,7999,False,0,B2B
11844,2026-04-27,P020,30,7999,False,0,B2B
11845,2026-04-28,P020,33,7999,False,0,Online
11846,2026-04-29,P020,35,7999,False,0,Online
11847,2026-04-30,P020,42,7999,True,5,Retail
11848,2026-05-01,P020,29,7999,False,0,Retail
11849,2026-05-02,P020,20,7999,False,0,Online
11850,2026-05-03,P020,28,7999,False,0,Retail
11851,2026-05-04,P020,33,7999,False,0,Retail
11852,2026-05-05,P020,39,7999,True,15,Retail
11853,2026-05-06,P020,36,7999,False,0,Online
11854,2026-05-07,P020,34,7999,False,0,B2B
11855,2026-05-08,P020,32,7999,False,0,Retail
11856,2026-05-09,P020,19,7999,False,0,Online
11857,2026-05-10,P020,26,7999,False,0,Retail
11858,2026-05-11,P020,39,7999,False,0,B2B
11859,2026-05-12,P020,32,7999,False,0,Retail
11860,2026-05-13,P020,33,7999,False,0,Retail
11861,2026-05-14,P020,35,7999,False,0,B2B
11862,2026-05-15,P020,32,7999,False,0,Retail
11863,2026-05-16,P020,32,7999,False,0,Online
11864,2026-05-17,P020,33,7999,False,0,Retail
11865,2026-05-18,P020,41,7999,True,15,Online
11866,2026-05-19,P020,29,7999,False,0,Online
11867,2026-05-20,P020,31,7999,False,0,Online
11868,2026-05-21,P020,23,7999,False,0,Online
11869,2026-05-22,P020,37,7999,False,0,Online
11870,2026-05-23,P020,31,7999,False,0,Retail
11871,2026-05-24,P020,37,7999,False,0,Online
11872,2026-05-25,P020,46,7999,True,20,Retail
11873,2026-05-26,P020,32,7999,False,0,Online
11874,2026-05-27,P020,32,7999,False,0,Retail
11875,2026-05-28,P020,31,7999,False,0,Online
11876,2026-05-29,P020,27,7999,False,0,Retail
11877,2026-05-30,P020,31,7999,False,0,Retail
11878,2026-05-31,P020,26,7999,False,0,Retail
11879,2026-06-01,P020,33,7999,False,0,Online
11880,2026-06-02,P020,30,7999,False,0,B2B
11881,2026-06-03,P020,32,7999,False,0,Online
11882,2026-06-04,P020,34,7999,False,0,B2B
11883,2026-06-05,P020,37,7999,True,10,Retail
11884,2026-06-06,P020,31,7999,False,0,Online
11885,2026-06-07,P020,28,7999,False,0,Retail
11886,2026-06-08,P020,38,7999,False,0,Online
11887,2026-06-09,P020,36,7999,False,0,Online
11888,2026-06-10,P020,29,7999,False,0,Retail
11889,2026-06-11,P020,34,7999,False,0,Online
11890,2026-06-12,P020,31,7999,False,0,Online
11891,2026-06-13,P020,26,7999,False,0,Online
11892,2026-06-14,P020,34,7999,False,0,Retail
11893,2026-06-15,P020,31,7999,False,0,Retail
11894,2026-06-16,P020,42,7999,True,15,Online
11895,2026-06-17,P020,35,7999,False,0,Online
11896,2026-06-18,P020,32,7999,False,0,Retail
11897,2026-06-19,P020,34,7999,False,0,Online
11898,2026-06-20,P020,31,7999,False,0,B2B
11899,2026-06-21,P020,23,7999,False,0,Retail
11900,2026-06-22,P020,38,7999,False,0,B2B
11901,2026-06-23,P020,35,7999,False,0,Online
11902,2026-06-24,P020,39,7999,True,20,Retail
11903,2026-06-25,P020,35,7999,False,0,Retail
11904,2026-06-26,P020,29,7999,False,0,Retail
11905,2026-06-27,P020,36,7999,True,15,Online
11906,2026-06-28,P020,38,7999,False,0,B2B
11907,2026-06-29,P020,46,7999,False,0,Online
11908,2026-06-30,P020,28,7999,False,0,B2B
11909,2026-07-01,P020,31,7999,False,0,Online
11910,2026-07-02,P020,36,7999,True,5,Online
11911,2026-07-03,P020,31,7999,False,0,Online
11912,2026-07-04,P020,24,7999,False,0,Online
11913,2026-07-05,P020,28,7999,False,0,B2B
11914,2026-07-06,P020,28,7999,False,0,Online
11915,2026-07-07,P020,28,7999,False,0,Retail
11916,2026-07-08,P020,33,7999,False,0,Online
11917,2026-07-09,P020,59,7999,False,0,Online
11918,2026-07-10,P020,35,7999,False,0,Retail
11919,2026-07-11,P020,38,7999,True,20,Online
11920,2026-07-12,P020,30,7999,False,0,Online
11921,2026-07-13,P020,35,7999,False,0,Online
11922,2026-07-14,P020,37,7999,False,0,Online
11923,2026-07-15,P020,35,7999,False,0,Retail
11924,2026-07-16,P020,33,7999,False,0,Online
11925,2026-07-17,P020,33,7999,False,0,Online
11926,2026-07-18,P020,28,7999,False,0,Online
11927,2026-07-19,P020,37,7999,False,0,Online
11928,2026-07-20,P020,44,7999,False,0,Online
11929,2026-07-21,P020,34,7999,False,0,B2B
11930,2026-07-22,P020,33,7999,False,0,Online
11931,2026-07-23,P020,30,7999,False,0,Online
11932,2026-07-24,P020,46,7999,False,0,Online
11933,2026-07-25,P020,27,7999,False,0,Online
11934,2026-07-26,P020,31,7999,False,0,Online
11935,2026-07-27,P020,31,7999,False,0,Online
11936,2026-07-28,P020,37,7999,False,0,Online
11937,2026-07-29,P020,45,7999,True,20,Online
11938,2026-07-30,P020,30,7999,False,0,Online
11939,2026-07-31,P020,32,7999,False,0,Online
11940,2026-08-01,P020,44,7999,False,0,B2B
11941,2026-08-02,P020,39,7999,False,0,Online
11942,2026-08-03,P020,47,7999,False,0,Online
11943,2026-08-04,P020,46,7999,False,0,Retail
11944,2026-08-05,P020,47,7999,False,0,Online
11945,2026-08-06,P020,52,7999,False,0,Online
11946,2026-08-07,P020,51,7999,True,15,B2B
11947,2026-08-08,P020,37,7999,False,0,Online
11948,2026-08-09,P020,27,7999,False,0,Online
11949,2026-08-10,P020,35,7999,False,0,Online
11950,2026-08-11,P020,31,7999,False,0,Retail
11951,2026-08-12,P020,52,7999,False,0,Online
11952,2026-08-13,P020,29,7999,True,5,Online
11953,2026-08-14,P020,35,7999,False,0,Retail
11954,2026-08-15,P020,21,7999,False,0,Online
11955,2026-08-16,P020,33,7999,False,0,Retail
11956,2026-08-17,P020,35,7999,False,0,Retail
11957,2026-08-18,P020,51,7999,False,0,B2B
11958,2026-08-19,P020,45,7999,False,0,Retail
11959,2026-08-20,P020,44,7999,True,20,Retail
11960,2026-08-21,P020,48,7999,False,0,Retail
